month,site,site_category,visitor_type,visitor_origin,visitors
2023-08,Aali burial mounds,Archaeological Sites,Individual,Arab,6
2023-08,Aali burial mounds,Archaeological Sites,Individual,Bahraini,10
2023-08,Aali burial mounds,Archaeological Sites,Individual,Foreign,19
2023-08,Aali burial mounds,Archaeological Sites,Individual,GCC,7
2023-08,Al Jasra Handicrafts Centre,Handicraft Sites,Individual,Foreign,3
2023-08,Al Jasra House,Uncategorised,Individual,Bahraini,15
2023-08,Al Jasra House,Uncategorised,Individual,Foreign,37
2023-08,Al Khalefeyah Library,Uncategorised,Individual,Arab,11
2023-08,Al Khalefeyah Library,Uncategorised,Individual,Bahraini,35
2023-08,Al Khalefeyah Library,Uncategorised,Individual,Foreign,115
2023-08,Al Khalefeyah Library,Uncategorised,Individual,GCC,11
2023-08,Al Khamis Mosque & Visitor Centre,Archaeological Sites,Educational,College or University,9
2023-08,Al Khamis Mosque & Visitor Centre,Archaeological Sites,Individual,Bahraini,17
2023-08,Al Khamis Mosque & Visitor Centre,Archaeological Sites,Individual,Foreign,32
2023-08,Arad Fort,Archaeological Sites,Individual,Arab,10
2023-08,Arad Fort,Archaeological Sites,Individual,Bahraini,32
2023-08,Arad Fort,Archaeological Sites,Individual,Foreign,82
2023-08,Arad Fort,Forts,Individual,Arab,10
2023-08,Arad Fort,Forts,Individual,Bahraini,32
2023-08,Arad Fort,Forts,Individual,Foreign,82
2023-08,Archaeologies of Green Pavilion,Uncategorised,Educational,College or University,11
2023-08,Archaeologies of Green Pavilion,Uncategorised,Educational,Government School,2
2023-08,Archaeologies of Green Pavilion,Uncategorised,Educational,Private School,2
2023-08,Archaeologies of Green Pavilion,Uncategorised,Groups,VIP,11
2023-08,Archaeologies of Green Pavilion,Uncategorised,Individual,Arab,10
2023-08,Archaeologies of Green Pavilion,Uncategorised,Individual,Bahraini,31
2023-08,Archaeologies of Green Pavilion,Uncategorised,Individual,Foreign,12
2023-08,Archaeologies of Green Pavilion,Uncategorised,Individual,GCC,7
2023-08,Art Center,Uncategorised,Groups,VIP,7
2023-08,Art Center,Uncategorised,Individual,Bahraini,8
2023-08,Art Center,Uncategorised,Individual,Foreign,7
2023-08,Bahrain Fort Site,Archaeological Sites,Groups,Organized Group,77
2023-08,Bahrain Fort Site,Archaeological Sites,Groups,Tour Agencies,4
2023-08,Bahrain Fort Site,Archaeological Sites,Individual,Arab,324
2023-08,Bahrain Fort Site,Archaeological Sites,Individual,Bahraini,550
2023-08,Bahrain Fort Site,Archaeological Sites,Individual,Foreign,2402
2023-08,Bahrain Fort Site,Archaeological Sites,Individual,GCC,363
2023-08,Bahrain Fort Site,Forts,Groups,Organized Group,77
2023-08,Bahrain Fort Site,Forts,Groups,Tour Agencies,4
2023-08,Bahrain Fort Site,Forts,Individual,Arab,324
2023-08,Bahrain Fort Site,Forts,Individual,Bahraini,550
2023-08,Bahrain Fort Site,Forts,Individual,Foreign,2402
2023-08,Bahrain Fort Site,Forts,Individual,GCC,363
2023-08,Bahrain National Museum,Museums,Educational,Institutes,146
2023-08,Bahrain National Museum,Museums,Educational,Private School,140
2023-08,Bahrain National Museum,Museums,Groups,Organized Group,124
2023-08,Bahrain National Museum,Museums,Groups,VIP,16
2023-08,Bahrain National Museum,Museums,Individual,Arab,750
2023-08,Bahrain National Museum,Museums,Individual,Bahraini,610
2023-08,Bahrain National Museum,Museums,Individual,Foreign,1889
2023-08,Bahrain National Museum,Museums,Individual,GCC,1253
2023-08,Bahrain National Theatre,Uncategorised,Individual,Bahraini,1
2023-08,Bani Jamra Textile Weaving,Handicraft Sites,Groups,Organized Group,2
2023-08,Bani Jamra Textile Weaving,Handicraft Sites,Individual,Bahraini,40
2023-08,Bani Jamra Textile Weaving,Handicraft Sites,Individual,Foreign,23
2023-08,Barbar Temples,Archaeological Sites,Educational,College or University,2
2023-08,Barbar Temples,Archaeological Sites,Educational,Government School,6
2023-08,Barbar Temples,Archaeological Sites,Groups,Organized Group,7
2023-08,Barbar Temples,Archaeological Sites,Individual,Bahraini,11
2023-08,Barbar Temples,Archaeological Sites,Individual,Foreign,10
2023-08,Barbar Temples,Archaeological Sites,Individual,GCC,2
2023-08,Bu Maher,Archaeological Sites,Groups,Organized Group,47
2023-08,Bu Maher,Archaeological Sites,Groups,Tour Agencies,308
2023-08,Bu Maher,Archaeological Sites,Individual,Arab,49
2023-08,Bu Maher,Archaeological Sites,Individual,Bahraini,45
2023-08,Bu Maher,Archaeological Sites,Individual,Foreign,484
2023-08,Bu Maher,Archaeological Sites,Individual,GCC,161
2023-08,Bu Maher,Forts,Groups,Organized Group,47
2023-08,Bu Maher,Forts,Groups,Tour Agencies,308
2023-08,Bu Maher,Forts,Individual,Arab,49
2023-08,Bu Maher,Forts,Individual,Bahraini,45
2023-08,Bu Maher,Forts,Individual,Foreign,484
2023-08,Bu Maher,Forts,Individual,GCC,161
2023-08,Bu Maher,Pearling Path Sites,Groups,Organized Group,47
2023-08,Bu Maher,Pearling Path Sites,Groups,Tour Agencies,308
2023-08,Bu Maher,Pearling Path Sites,Individual,Arab,49
2023-08,Bu Maher,Pearling Path Sites,Individual,Bahraini,45
2023-08,Bu Maher,Pearling Path Sites,Individual,Foreign,484
2023-08,Bu Maher,Pearling Path Sites,Individual,GCC,161
2023-08,Cultural Hall,Uncategorised,Groups,Organized Group,126
2023-08,Dar Al Muharraq,Pearling Path Sites,Individual,Foreign,42
2023-08,House of Baskets,Handicraft Sites,Groups,Organized Group,10
2023-08,House of Baskets,Handicraft Sites,Individual,Bahraini,34
2023-08,House of Baskets,Handicraft Sites,Individual,Foreign,5
2023-08,House of Baskets,Handicraft Sites,Individual,GCC,4
2023-08,Pearling Path Visitor Center,Pearling Path Sites,Groups,Tour Agencies,48
2023-08,Pearling Path Visitor Center,Pearling Path Sites,Groups,VIP,9
2023-08,Pearling Path Visitor Center,Pearling Path Sites,Individual,Arab,2
2023-08,Pearling Path Visitor Center,Pearling Path Sites,Individual,Bahraini,131
2023-08,Pearling Path Visitor Center,Pearling Path Sites,Individual,Foreign,301
2023-08,Post Office Museum,Museums,Individual,Bahraini,1
2023-08,Post Office Museum,Museums,Individual,Foreign,1
2023-08,Qalat Al Bahrain Site Museum,Museums,Educational,Private School,12
2023-08,Qalat Al Bahrain Site Museum,Museums,Groups,Organized Group,53
2023-08,Qalat Al Bahrain Site Museum,Museums,Groups,VIP,1
2023-08,Qalat Al Bahrain Site Museum,Museums,Individual,Arab,2
2023-08,Qalat Al Bahrain Site Museum,Museums,Individual,Bahraini,80
2023-08,Qalat Al Bahrain Site Museum,Museums,Individual,Foreign,163
2023-08,Qalat Al Bahrain Site Museum,Museums,Individual,GCC,10
2023-08,Saar Settlement,Archaeological Sites,Individual,Arab,1
2023-08,Saar Settlement,Archaeological Sites,Individual,Bahraini,7
2023-08,Saar Settlement,Archaeological Sites,Individual,Foreign,20
2023-08,Sheikh Salman Bin Ahmed Al Fateh Fort,Forts,Individual,Arab,31
2023-08,Sheikh Salman Bin Ahmed Al Fateh Fort,Forts,Individual,Bahraini,54
2023-08,Sheikh Salman Bin Ahmed Al Fateh Fort,Forts,Individual,Foreign,353
2023-08,Tree of Life Visitors Centre,Uncategorised,Groups,Organized Group,4
2023-08,Tree of Life Visitors Centre,Uncategorised,Individual,Bahraini,10
2023-08,Tree of Life Visitors Centre,Uncategorised,Individual,Foreign,1005
2023-08,Tree of Life Visitors Centre,Uncategorised,Individual,GCC,1
2023-09,Aali burial mounds,Archaeological Sites,Individual,Arab,5
2023-09,Aali burial mounds,Archaeological Sites,Individual,Bahraini,6
2023-09,Aali burial mounds,Archaeological Sites,Individual,Foreign,32
2023-09,Aali burial mounds,Archaeological Sites,Individual,GCC,4
2023-09,Al Jasra House,Uncategorised,Individual,Bahraini,25
2023-09,Al Jasra House,Uncategorised,Individual,Foreign,43
2023-09,Al Khalefeyah Library,Uncategorised,Individual,Arab,70
2023-09,Al Khalefeyah Library,Uncategorised,Individual,Bahraini,23
2023-09,Al Khalefeyah Library,Uncategorised,Individual,Foreign,81
2023-09,Al Khalefeyah Library,Uncategorised,Individual,GCC,1
2023-09,Al Khamis Mosque & Visitor Centre,Archaeological Sites,Educational,College or University,3
2023-09,Al Khamis Mosque & Visitor Centre,Archaeological Sites,Individual,Arab,1
2023-09,Al Khamis Mosque & Visitor Centre,Archaeological Sites,Individual,Bahraini,18
2023-09,Al Khamis Mosque & Visitor Centre,Archaeological Sites,Individual,Foreign,33
2023-09,Al Khamis Mosque & Visitor Centre,Archaeological Sites,Individual,GCC,2
2023-09,Archaeologies of Green Pavilion,Uncategorised,Educational,Kinder Garden,3
2023-09,Archaeologies of Green Pavilion,Uncategorised,Educational,Private School,5
2023-09,Archaeologies of Green Pavilion,Uncategorised,Groups,VIP,9
2023-09,Archaeologies of Green Pavilion,Uncategorised,Individual,Arab,7
2023-09,Archaeologies of Green Pavilion,Uncategorised,Individual,Bahraini,24
2023-09,Archaeologies of Green Pavilion,Uncategorised,Individual,GCC,21
2023-09,Art Center,Uncategorised,Individual,Bahraini,430
2023-09,Art Center,Uncategorised,Individual,Foreign,3
2023-09,Bahrain Fort Site,Archaeological Sites,Groups,Organized Group,706
2023-09,Bahrain Fort Site,Archaeological Sites,Groups,Tour Agencies,1573
2023-09,Bahrain Fort Site,Archaeological Sites,Groups,VIP,12
2023-09,Bahrain Fort Site,Archaeological Sites,Individual,Arab,1404
2023-09,Bahrain Fort Site,Archaeological Sites,Individual,Bahraini,2277
2023-09,Bahrain Fort Site,Archaeological Sites,Individual,Foreign,6430
2023-09,Bahrain Fort Site,Archaeological Sites,Individual,GCC,1852
2023-09,Bahrain Fort Site,Forts,Groups,Organized Group,706
2023-09,Bahrain Fort Site,Forts,Groups,Tour Agencies,1573
2023-09,Bahrain Fort Site,Forts,Groups,VIP,12
2023-09,Bahrain Fort Site,Forts,Individual,Arab,1404
2023-09,Bahrain Fort Site,Forts,Individual,Bahraini,2277
2023-09,Bahrain Fort Site,Forts,Individual,Foreign,6430
2023-09,Bahrain Fort Site,Forts,Individual,GCC,1852
2023-09,Bahrain National Museum,Museums,Educational,College or University,66
2023-09,Bahrain National Museum,Museums,Educational,Government School,20
2023-09,Bahrain National Museum,Museums,Educational,Institutes,19
2023-09,Bahrain National Museum,Museums,Educational,Private School,50
2023-09,Bahrain National Museum,Museums,Groups,Organized Group,177
2023-09,Bahrain National Museum,Museums,Groups,Tour Agencies,68
2023-09,Bahrain National Museum,Museums,Groups,VIP,2
2023-09,Bahrain National Museum,Museums,Individual,Arab,1569
2023-09,Bahrain National Museum,Museums,Individual,Bahraini,1000
2023-09,Bahrain National Museum,Museums,Individual,Foreign,2942
2023-09,Bahrain National Museum,Museums,Individual,GCC,1309
2023-09,Bani Jamra Textile Weaving,Handicraft Sites,Individual,Bahraini,18
2023-09,Bani Jamra Textile Weaving,Handicraft Sites,Individual,Foreign,9
2023-09,Bani Jamra Textile Weaving,Handicraft Sites,Individual,GCC,1
2023-09,Barbar Temples,Archaeological Sites,Educational,College or University,2
2023-09,Barbar Temples,Archaeological Sites,Educational,Government School,2
2023-09,Barbar Temples,Archaeological Sites,Individual,Bahraini,5
2023-09,Barbar Temples,Archaeological Sites,Individual,Foreign,18
2023-09,Bu Maher,Archaeological Sites,Groups,Tour Agencies,178
2023-09,Bu Maher,Archaeological Sites,Groups,VIP,11
2023-09,Bu Maher,Archaeological Sites,Individual,Arab,28
2023-09,Bu Maher,Archaeological Sites,Individual,Bahraini,63
2023-09,Bu Maher,Archaeological Sites,Individual,Foreign,907
2023-09,Bu Maher,Archaeological Sites,Individual,GCC,117
2023-09,Bu Maher,Forts,Groups,Tour Agencies,178
2023-09,Bu Maher,Forts,Groups,VIP,11
2023-09,Bu Maher,Forts,Individual,Arab,28
2023-09,Bu Maher,Forts,Individual,Bahraini,63
2023-09,Bu Maher,Forts,Individual,Foreign,907
2023-09,Bu Maher,Forts,Individual,GCC,117
2023-09,Bu Maher,Pearling Path Sites,Groups,Tour Agencies,178
2023-09,Bu Maher,Pearling Path Sites,Groups,VIP,11
2023-09,Bu Maher,Pearling Path Sites,Individual,Arab,28
2023-09,Bu Maher,Pearling Path Sites,Individual,Bahraini,63
2023-09,Bu Maher,Pearling Path Sites,Individual,Foreign,907
2023-09,Bu Maher,Pearling Path Sites,Individual,GCC,117
2023-09,Cultural Hall,Uncategorised,Groups,Organized Group,130
2023-09,Cultural Hall,Uncategorised,Individual,Bahraini,53
2023-09,Dar Al Muharraq,Pearling Path Sites,Individual,Foreign,6
2023-09,House of Baskets,Handicraft Sites,Groups,Organized Group,4
2023-09,House of Baskets,Handicraft Sites,Individual,Arab,4
2023-09,House of Baskets,Handicraft Sites,Individual,Bahraini,39
2023-09,House of Baskets,Handicraft Sites,Individual,Foreign,19
2023-09,House of Baskets,Handicraft Sites,Individual,GCC,4
2023-09,Pearling Path Visitor Center,Pearling Path Sites,Groups,Organized Group,22
2023-09,Pearling Path Visitor Center,Pearling Path Sites,Groups,Tour Agencies,171
2023-09,Pearling Path Visitor Center,Pearling Path Sites,Groups,VIP,7
2023-09,Pearling Path Visitor Center,Pearling Path Sites,Individual,Bahraini,115
2023-09,Pearling Path Visitor Center,Pearling Path Sites,Individual,Foreign,158
2023-09,Qalat Al Bahrain Site Museum,Museums,Groups,VIP,36
2023-09,Qalat Al Bahrain Site Museum,Museums,Individual,Arab,14
2023-09,Qalat Al Bahrain Site Museum,Museums,Individual,Bahraini,60
2023-09,Qalat Al Bahrain Site Museum,Museums,Individual,Foreign,265
2023-09,Qalat Al Bahrain Site Museum,Museums,Individual,GCC,39
2023-09,Saar Settlement,Archaeological Sites,Individual,Bahraini,14
2023-09,Saar Settlement,Archaeological Sites,Individual,Foreign,24
2023-09,Sheikh Salman Bin Ahmed Al Fateh Fort,Forts,Individual,Arab,19
2023-09,Sheikh Salman Bin Ahmed Al Fateh Fort,Forts,Individual,Bahraini,41
2023-09,Sheikh Salman Bin Ahmed Al Fateh Fort,Forts,Individual,Foreign,123
2023-09,Tree of Life Visitors Centre,Uncategorised,Individual,Bahraini,211
2023-09,Tree of Life Visitors Centre,Uncategorised,Individual,Foreign,6372
2023-10,Aali burial mounds,Archaeological Sites,Groups,Organized Group,34
2023-10,Aali burial mounds,Archaeological Sites,Groups,Tour Agencies,3
2023-10,Aali burial mounds,Archaeological Sites,Individual,Arab,8
2023-10,Aali burial mounds,Archaeological Sites,Individual,Bahraini,2
2023-10,Aali burial mounds,Archaeological Sites,Individual,Foreign,29
2023-10,Aali burial mounds,Archaeological Sites,Individual,GCC,2
2023-10,Al Jasra House,Uncategorised,Groups,Organized Group,22
2023-10,Al Jasra House,Uncategorised,Individual,Arab,7
2023-10,Al Jasra House,Uncategorised,Individual,Bahraini,51
2023-10,Al Jasra House,Uncategorised,Individual,Foreign,164
2023-10,Al Khalefeyah Library,Uncategorised,Individual,Arab,99
2023-10,Al Khalefeyah Library,Uncategorised,Individual,Bahraini,53
2023-10,Al Khalefeyah Library,Uncategorised,Individual,Foreign,117
2023-10,Al Khalefeyah Library,Uncategorised,Individual,GCC,4
2023-10,Al Khamis Mosque & Visitor Centre,Archaeological Sites,Groups,Organized Group,55
2023-10,Al Khamis Mosque & Visitor Centre,Archaeological Sites,Individual,Arab,29
2023-10,Al Khamis Mosque & Visitor Centre,Archaeological Sites,Individual,Bahraini,32
2023-10,Al Khamis Mosque & Visitor Centre,Archaeological Sites,Individual,Foreign,40
2023-10,Arad Fort,Archaeological Sites,Individual,Arab,3
2023-10,Arad Fort,Archaeological Sites,Individual,Bahraini,30
2023-10,Arad Fort,Archaeological Sites,Individual,Foreign,85
2023-10,Arad Fort,Forts,Individual,Arab,3
2023-10,Arad Fort,Forts,Individual,Bahraini,30
2023-10,Arad Fort,Forts,Individual,Foreign,85
2023-10,Archaeologies of Green Pavilion,Uncategorised,Educational,College or University,10
2023-10,Archaeologies of Green Pavilion,Uncategorised,Educational,Government School,1
2023-10,Archaeologies of Green Pavilion,Uncategorised,Educational,Kinder Garden,6
2023-10,Archaeologies of Green Pavilion,Uncategorised,Educational,Private School,6
2023-10,Archaeologies of Green Pavilion,Uncategorised,Groups,VIP,82
2023-10,Archaeologies of Green Pavilion,Uncategorised,Individual,Arab,7
2023-10,Archaeologies of Green Pavilion,Uncategorised,Individual,Bahraini,62
2023-10,Archaeologies of Green Pavilion,Uncategorised,Individual,GCC,127
2023-10,Art Center,Uncategorised,Individual,Bahraini,178
2023-10,Art Center,Uncategorised,Individual,Foreign,5
2023-10,Bahrain Fort Site,Archaeological Sites,Educational,Private School,128
2023-10,Bahrain Fort Site,Archaeological Sites,Groups,Organized Group,442
2023-10,Bahrain Fort Site,Archaeological Sites,Groups,Tour Agencies,2129
2023-10,Bahrain Fort Site,Archaeological Sites,Groups,VIP,17
2023-10,Bahrain Fort Site,Archaeological Sites,Individual,Arab,1421
2023-10,Bahrain Fort Site,Archaeological Sites,Individual,Bahraini,5948
2023-10,Bahrain Fort Site,Archaeological Sites,Individual,Foreign,11092
2023-10,Bahrain Fort Site,Archaeological Sites,Individual,GCC,1494
2023-10,Bahrain Fort Site,Forts,Educational,Private School,128
2023-10,Bahrain Fort Site,Forts,Groups,Organized Group,442
2023-10,Bahrain Fort Site,Forts,Groups,Tour Agencies,2129
2023-10,Bahrain Fort Site,Forts,Groups,VIP,17
2023-10,Bahrain Fort Site,Forts,Individual,Arab,1421
2023-10,Bahrain Fort Site,Forts,Individual,Bahraini,5948
2023-10,Bahrain Fort Site,Forts,Individual,Foreign,11092
2023-10,Bahrain Fort Site,Forts,Individual,GCC,1494
2023-10,Bahrain National Museum,Museums,Educational,College or University,22
2023-10,Bahrain National Museum,Museums,Educational,Government School,169
2023-10,Bahrain National Museum,Museums,Educational,Kinder Garden,52
2023-10,Bahrain National Museum,Museums,Educational,Private School,887
2023-10,Bahrain National Museum,Museums,Groups,Organized Group,111
2023-10,Bahrain National Museum,Museums,Groups,Tour Agencies,22
2023-10,Bahrain National Museum,Museums,Groups,VIP,16
2023-10,Bahrain National Museum,Museums,Individual,Arab,216
2023-10,Bahrain National Museum,Museums,Individual,Bahraini,1180
2023-10,Bahrain National Museum,Museums,Individual,Foreign,4992
2023-10,Bahrain National Museum,Museums,Individual,GCC,1053
2023-10,Bani Jamra Textile Weaving,Handicraft Sites,Educational,College or University,26
2023-10,Bani Jamra Textile Weaving,Handicraft Sites,Groups,Organized Group,14
2023-10,Bani Jamra Textile Weaving,Handicraft Sites,Individual,Bahraini,45
2023-10,Bani Jamra Textile Weaving,Handicraft Sites,Individual,Foreign,57
2023-10,Bani Jamra Textile Weaving,Handicraft Sites,Individual,GCC,6
2023-10,Bu Maher,Archaeological Sites,Educational,College or University,23
2023-10,Bu Maher,Archaeological Sites,Educational,Private School,66
2023-10,Bu Maher,Archaeological Sites,Groups,Tour Agencies,318
2023-10,Bu Maher,Archaeological Sites,Groups,VIP,9
2023-10,Bu Maher,Archaeological Sites,Individual,Arab,18
2023-10,Bu Maher,Archaeological Sites,Individual,Bahraini,80
2023-10,Bu Maher,Archaeological Sites,Individual,Foreign,698
2023-10,Bu Maher,Archaeological Sites,Individual,GCC,98
2023-10,Bu Maher,Forts,Educational,College or University,23
2023-10,Bu Maher,Forts,Educational,Private School,66
2023-10,Bu Maher,Forts,Groups,Tour Agencies,318
2023-10,Bu Maher,Forts,Groups,VIP,9
2023-10,Bu Maher,Forts,Individual,Arab,18
2023-10,Bu Maher,Forts,Individual,Bahraini,80
2023-10,Bu Maher,Forts,Individual,Foreign,698
2023-10,Bu Maher,Forts,Individual,GCC,98
2023-10,Bu Maher,Pearling Path Sites,Educational,College or University,23
2023-10,Bu Maher,Pearling Path Sites,Educational,Private School,66
2023-10,Bu Maher,Pearling Path Sites,Groups,Tour Agencies,318
2023-10,Bu Maher,Pearling Path Sites,Groups,VIP,9
2023-10,Bu Maher,Pearling Path Sites,Individual,Arab,18
2023-10,Bu Maher,Pearling Path Sites,Individual,Bahraini,80
2023-10,Bu Maher,Pearling Path Sites,Individual,Foreign,698
2023-10,Bu Maher,Pearling Path Sites,Individual,GCC,98
2023-10,Cultural Hall,Uncategorised,Educational,Private School,616
2023-10,Cultural Hall,Uncategorised,Groups,Organized Group,428
2023-10,Cultural Hall,Uncategorised,Groups,VIP,12
2023-10,Cultural Hall,Uncategorised,Individual,Arab,163
2023-10,Cultural Hall,Uncategorised,Individual,Bahraini,57
2023-10,Cultural Hall,Uncategorised,Individual,Foreign,16
2023-10,Cultural Hall,Uncategorised,Individual,GCC,4
2023-10,Dar Al Muharraq,Pearling Path Sites,Groups,Organized Group,26
2023-10,Dar Al Muharraq,Pearling Path Sites,Groups,Tour Agencies,1
2023-10,Dar Al Muharraq,Pearling Path Sites,Individual,Arab,1
2023-10,Dar Al Muharraq,Pearling Path Sites,Individual,Foreign,6
2023-10,House of Baskets,Handicraft Sites,Groups,Organized Group,19
2023-10,House of Baskets,Handicraft Sites,Individual,Arab,2
2023-10,House of Baskets,Handicraft Sites,Individual,Bahraini,56
2023-10,House of Baskets,Handicraft Sites,Individual,Foreign,22
2023-10,House of Baskets,Handicraft Sites,Individual,GCC,2
2023-10,Pearling Path Visitor Center,Pearling Path Sites,Educational,Government School,24
2023-10,Pearling Path Visitor Center,Pearling Path Sites,Groups,Organized Group,22
2023-10,Pearling Path Visitor Center,Pearling Path Sites,Groups,Tour Agencies,478
2023-10,Pearling Path Visitor Center,Pearling Path Sites,Groups,VIP,30
2023-10,Pearling Path Visitor Center,Pearling Path Sites,Individual,Arab,7
2023-10,Pearling Path Visitor Center,Pearling Path Sites,Individual,Bahraini,163
2023-10,Pearling Path Visitor Center,Pearling Path Sites,Individual,Foreign,313
2023-10,Pearling Path Visitor Center,Pearling Path Sites,Individual,GCC,2
2023-10,Qalat Al Bahrain Site Museum,Museums,Educational,Government School,93
2023-10,Qalat Al Bahrain Site Museum,Museums,Individual,Arab,3
2023-10,Qalat Al Bahrain Site Museum,Museums,Individual,Bahraini,41
2023-10,Qalat Al Bahrain Site Museum,Museums,Individual,Foreign,374
2023-10,Qalat Al Bahrain Site Museum,Museums,Individual,GCC,36
2023-10,Saar Settlement,Archaeological Sites,Groups,Organized Group,14
2023-10,Saar Settlement,Archaeological Sites,Individual,Arab,3
2023-10,Saar Settlement,Archaeological Sites,Individual,Bahraini,7
2023-10,Saar Settlement,Archaeological Sites,Individual,Foreign,38
2023-10,Tree of Life Visitors Centre,Uncategorised,Individual,Bahraini,580
2023-10,Tree of Life Visitors Centre,Uncategorised,Individual,Foreign,15638
2023-11,Aali burial mounds,Archaeological Sites,Groups,Organized Group,7
2023-11,Aali burial mounds,Archaeological Sites,Groups,Tour Agencies,40
2023-11,Aali burial mounds,Archaeological Sites,Individual,Arab,1
2023-11,Aali burial mounds,Archaeological Sites,Individual,Foreign,8
2023-11,Al Jasra House,Uncategorised,Educational,College or University,20
2023-11,Al Jasra House,Uncategorised,Educational,Government School,40
2023-11,Al Jasra House,Uncategorised,Educational,Private School,70
2023-11,Al Jasra House,Uncategorised,Groups,Organized Group,44
2023-11,Al Jasra House,Uncategorised,Individual,Bahraini,84
2023-11,Al Jasra House,Uncategorised,Individual,Foreign,208
2023-11,Al Khalefeyah Library,Uncategorised,Individual,Arab,78
2023-11,Al Khalefeyah Library,Uncategorised,Individual,Bahraini,108
2023-11,Al Khalefeyah Library,Uncategorised,Individual,Foreign,208
2023-11,Al Khalefeyah Library,Uncategorised,Individual,GCC,6
2023-11,Al Khamis Mosque & Visitor Centre,Archaeological Sites,Individual,Bahraini,49
2023-11,Al Khamis Mosque & Visitor Centre,Archaeological Sites,Individual,Foreign,49
2023-11,Al Khamis Mosque & Visitor Centre,Archaeological Sites,Individual,GCC,7
2023-11,Arad Fort,Archaeological Sites,Individual,Arab,47
2023-11,Arad Fort,Archaeological Sites,Individual,Bahraini,141
2023-11,Arad Fort,Archaeological Sites,Individual,Foreign,418
2023-11,Arad Fort,Archaeological Sites,Individual,GCC,22
2023-11,Arad Fort,Forts,Individual,Arab,47
2023-11,Arad Fort,Forts,Individual,Bahraini,141
2023-11,Arad Fort,Forts,Individual,Foreign,418
2023-11,Arad Fort,Forts,Individual,GCC,22
2023-11,Art Center,Uncategorised,Individual,Bahraini,33
2023-11,Bahrain Fort Site,Archaeological Sites,Educational,College or University,4
2023-11,Bahrain Fort Site,Archaeological Sites,Educational,Government School,296
2023-11,Bahrain Fort Site,Archaeological Sites,Educational,Kinder Garden,87
2023-11,Bahrain Fort Site,Archaeological Sites,Educational,Private School,399
2023-11,Bahrain Fort Site,Archaeological Sites,Groups,Organized Group,89
2023-11,Bahrain Fort Site,Archaeological Sites,Groups,Tour Agencies,4164
2023-11,Bahrain Fort Site,Archaeological Sites,Groups,VIP,224
2023-11,Bahrain Fort Site,Archaeological Sites,Individual,Arab,1887
2023-11,Bahrain Fort Site,Archaeological Sites,Individual,Bahraini,5200
2023-11,Bahrain Fort Site,Archaeological Sites,Individual,Foreign,11216
2023-11,Bahrain Fort Site,Archaeological Sites,Individual,GCC,2679
2023-11,Bahrain Fort Site,Forts,Educational,College or University,4
2023-11,Bahrain Fort Site,Forts,Educational,Government School,296
2023-11,Bahrain Fort Site,Forts,Educational,Kinder Garden,87
2023-11,Bahrain Fort Site,Forts,Educational,Private School,399
2023-11,Bahrain Fort Site,Forts,Groups,Organized Group,89
2023-11,Bahrain Fort Site,Forts,Groups,Tour Agencies,4164
2023-11,Bahrain Fort Site,Forts,Groups,VIP,224
2023-11,Bahrain Fort Site,Forts,Individual,Arab,1887
2023-11,Bahrain Fort Site,Forts,Individual,Bahraini,5200
2023-11,Bahrain Fort Site,Forts,Individual,Foreign,11216
2023-11,Bahrain Fort Site,Forts,Individual,GCC,2679
2023-11,Bahrain National Museum,Museums,Educational,Government School,190
2023-11,Bahrain National Museum,Museums,Educational,Kinder Garden,184
2023-11,Bahrain National Museum,Museums,Educational,Private School,1567
2023-11,Bahrain National Museum,Museums,Groups,Organized Group,164
2023-11,Bahrain National Museum,Museums,Groups,VIP,156
2023-11,Bahrain National Museum,Museums,Individual,Arab,616
2023-11,Bahrain National Museum,Museums,Individual,Bahraini,1264
2023-11,Bahrain National Museum,Museums,Individual,Foreign,5867
2023-11,Bahrain National Museum,Museums,Individual,GCC,2181
2023-11,Bani Jamra Textile Weaving,Handicraft Sites,Educational,Government School,15
2023-11,Bani Jamra Textile Weaving,Handicraft Sites,Groups,Organized Group,6
2023-11,Bani Jamra Textile Weaving,Handicraft Sites,Groups,VIP,9
2023-11,Bani Jamra Textile Weaving,Handicraft Sites,Individual,Bahraini,64
2023-11,Bani Jamra Textile Weaving,Handicraft Sites,Individual,Foreign,33
2023-11,Bani Jamra Textile Weaving,Handicraft Sites,Individual,GCC,4
2023-11,Bu Maher,Archaeological Sites,Educational,Private School,32
2023-11,Bu Maher,Archaeological Sites,Groups,Organized Group,24
2023-11,Bu Maher,Archaeological Sites,Groups,Tour Agencies,477
2023-11,Bu Maher,Archaeological Sites,Groups,VIP,6
2023-11,Bu Maher,Archaeological Sites,Individual,Arab,43
2023-11,Bu Maher,Archaeological Sites,Individual,Bahraini,286
2023-11,Bu Maher,Archaeological Sites,Individual,Foreign,1194
2023-11,Bu Maher,Archaeological Sites,Individual,GCC,227
2023-11,Bu Maher,Forts,Educational,Private School,32
2023-11,Bu Maher,Forts,Groups,Organized Group,24
2023-11,Bu Maher,Forts,Groups,Tour Agencies,477
2023-11,Bu Maher,Forts,Groups,VIP,6
2023-11,Bu Maher,Forts,Individual,Arab,43
2023-11,Bu Maher,Forts,Individual,Bahraini,286
2023-11,Bu Maher,Forts,Individual,Foreign,1194
2023-11,Bu Maher,Forts,Individual,GCC,227
2023-11,Bu Maher,Pearling Path Sites,Educational,Private School,32
2023-11,Bu Maher,Pearling Path Sites,Groups,Organized Group,24
2023-11,Bu Maher,Pearling Path Sites,Groups,Tour Agencies,477
2023-11,Bu Maher,Pearling Path Sites,Groups,VIP,6
2023-11,Bu Maher,Pearling Path Sites,Individual,Arab,43
2023-11,Bu Maher,Pearling Path Sites,Individual,Bahraini,286
2023-11,Bu Maher,Pearling Path Sites,Individual,Foreign,1194
2023-11,Bu Maher,Pearling Path Sites,Individual,GCC,227
2023-11,Cultural Hall,Uncategorised,Educational,Private School,592
2023-11,Cultural Hall,Uncategorised,Individual,Bahraini,360
2023-11,Dar Al Muharraq,Pearling Path Sites,Groups,Organized Group,5
2023-11,Dar Al Muharraq,Pearling Path Sites,Individual,Bahraini,6
2023-11,Dar Al Muharraq,Pearling Path Sites,Individual,Foreign,23
2023-11,House of Baskets,Handicraft Sites,Groups,Organized Group,24
2023-11,House of Baskets,Handicraft Sites,Groups,VIP,14
2023-11,House of Baskets,Handicraft Sites,Individual,Bahraini,74
2023-11,House of Baskets,Handicraft Sites,Individual,Foreign,37
2023-11,House of Baskets,Handicraft Sites,Individual,GCC,7
2023-11,Pearling Path Visitor Center,Pearling Path Sites,Educational,College or University,5
2023-11,Pearling Path Visitor Center,Pearling Path Sites,Educational,Private School,53
2023-11,Pearling Path Visitor Center,Pearling Path Sites,Groups,Organized Group,3
2023-11,Pearling Path Visitor Center,Pearling Path Sites,Groups,Tour Agencies,255
2023-11,Pearling Path Visitor Center,Pearling Path Sites,Groups,VIP,13
2023-11,Pearling Path Visitor Center,Pearling Path Sites,Individual,Arab,25
2023-11,Pearling Path Visitor Center,Pearling Path Sites,Individual,Bahraini,350
2023-11,Pearling Path Visitor Center,Pearling Path Sites,Individual,Foreign,522
2023-11,Qalat Al Bahrain Site Museum,Museums,Educational,College or University,20
2023-11,Qalat Al Bahrain Site Museum,Museums,Educational,Government School,107
2023-11,Qalat Al Bahrain Site Museum,Museums,Educational,Private School,91
2023-11,Qalat Al Bahrain Site Museum,Museums,Groups,Organized Group,30
2023-11,Qalat Al Bahrain Site Museum,Museums,Groups,VIP,32
2023-11,Qalat Al Bahrain Site Museum,Museums,Individual,Arab,6
2023-11,Qalat Al Bahrain Site Museum,Museums,Individual,Bahraini,145
2023-11,Qalat Al Bahrain Site Museum,Museums,Individual,Foreign,392
2023-11,Qalat Al Bahrain Site Museum,Museums,Individual,GCC,129
2023-11,Saar Settlement,Archaeological Sites,Groups,Organized Group,16
2023-11,Saar Settlement,Archaeological Sites,Individual,Bahraini,6
2023-11,Saar Settlement,Archaeological Sites,Individual,Foreign,34
2023-12,Aali burial mounds,Archaeological Sites,Educational,Kinder Garden,2
2023-12,Aali burial mounds,Archaeological Sites,Groups,Organized Group,3
2023-12,Aali burial mounds,Archaeological Sites,Individual,Bahraini,1
2023-12,Aali burial mounds,Archaeological Sites,Individual,Foreign,7
2023-12,Al Jasra House,Uncategorised,Educational,Kinder Garden,182
2023-12,Al Jasra House,Uncategorised,Educational,Private School,410
2023-12,Al Jasra House,Uncategorised,Groups,Organized Group,560
2023-12,Al Jasra House,Uncategorised,Individual,Arab,21
2023-12,Al Jasra House,Uncategorised,Individual,Bahraini,219
2023-12,Al Jasra House,Uncategorised,Individual,Foreign,273
2023-12,Al Jasra House,Uncategorised,Individual,GCC,9
2023-12,Al Khalefeyah Library,Uncategorised,Individual,Arab,213
2023-12,Al Khalefeyah Library,Uncategorised,Individual,Bahraini,50
2023-12,Al Khalefeyah Library,Uncategorised,Individual,Foreign,188
2023-12,Al Khalefeyah Library,Uncategorised,Individual,GCC,7
2023-12,Al Khamis Mosque & Visitor Centre,Archaeological Sites,Individual,Bahraini,160
2023-12,Al Khamis Mosque & Visitor Centre,Archaeological Sites,Individual,Foreign,67
2023-12,Al Khamis Mosque & Visitor Centre,Archaeological Sites,Individual,GCC,1
2023-12,Arad Fort,Archaeological Sites,Individual,Arab,34
2023-12,Arad Fort,Archaeological Sites,Individual,Bahraini,1766
2023-12,Arad Fort,Archaeological Sites,Individual,Foreign,675
2023-12,Arad Fort,Archaeological Sites,Individual,GCC,100
2023-12,Arad Fort,Forts,Individual,Arab,34
2023-12,Arad Fort,Forts,Individual,Bahraini,1766
2023-12,Arad Fort,Forts,Individual,Foreign,675
2023-12,Arad Fort,Forts,Individual,GCC,100
2023-12,Art Center,Uncategorised,Individual,Arab,3
2023-12,Art Center,Uncategorised,Individual,Bahraini,45
2023-12,Art Center,Uncategorised,Individual,Foreign,212
2023-12,Art Center,Uncategorised,Individual,GCC,60
2023-12,Bahrain Fort Site,Archaeological Sites,Educational,Government School,183
2023-12,Bahrain Fort Site,Archaeological Sites,Educational,Kinder Garden,351
2023-12,Bahrain Fort Site,Archaeological Sites,Educational,Private School,301
2023-12,Bahrain Fort Site,Archaeological Sites,Groups,Organized Group,597
2023-12,Bahrain Fort Site,Archaeological Sites,Groups,Tour Agencies,3852
2023-12,Bahrain Fort Site,Archaeological Sites,Groups,VIP,10
2023-12,Bahrain Fort Site,Archaeological Sites,Individual,Arab,2543
2023-12,Bahrain Fort Site,Archaeological Sites,Individual,Bahraini,7693
2023-12,Bahrain Fort Site,Archaeological Sites,Individual,Foreign,14040
2023-12,Bahrain Fort Site,Archaeological Sites,Individual,GCC,3050
2023-12,Bahrain Fort Site,Forts,Educational,Government School,183
2023-12,Bahrain Fort Site,Forts,Educational,Kinder Garden,351
2023-12,Bahrain Fort Site,Forts,Educational,Private School,301
2023-12,Bahrain Fort Site,Forts,Groups,Organized Group,597
2023-12,Bahrain Fort Site,Forts,Groups,Tour Agencies,3852
2023-12,Bahrain Fort Site,Forts,Groups,VIP,10
2023-12,Bahrain Fort Site,Forts,Individual,Arab,2543
2023-12,Bahrain Fort Site,Forts,Individual,Bahraini,7693
2023-12,Bahrain Fort Site,Forts,Individual,Foreign,14040
2023-12,Bahrain Fort Site,Forts,Individual,GCC,3050
2023-12,Bahrain National Museum,Museums,Educational,Government School,202
2023-12,Bahrain National Museum,Museums,Educational,Kinder Garden,122
2023-12,Bahrain National Museum,Museums,Educational,Private School,1327
2023-12,Bahrain National Museum,Museums,Groups,Organized Group,281
2023-12,Bahrain National Museum,Museums,Groups,Tour Agencies,2
2023-12,Bahrain National Museum,Museums,Groups,VIP,45
2023-12,Bahrain National Museum,Museums,Individual,Arab,501
2023-12,Bahrain National Museum,Museums,Individual,Bahraini,1328
2023-12,Bahrain National Museum,Museums,Individual,Foreign,10228
2023-12,Bahrain National Museum,Museums,Individual,GCC,1635
2023-12,Bani Jamra Textile Weaving,Handicraft Sites,Groups,Organized Group,45
2023-12,Bani Jamra Textile Weaving,Handicraft Sites,Groups,Tour Agencies,24
2023-12,Bani Jamra Textile Weaving,Handicraft Sites,Groups,VIP,8
2023-12,Bani Jamra Textile Weaving,Handicraft Sites,Individual,Bahraini,119
2023-12,Bani Jamra Textile Weaving,Handicraft Sites,Individual,Foreign,38
2023-12,Bani Jamra Textile Weaving,Handicraft Sites,Individual,GCC,11
2023-12,Bu Maher,Archaeological Sites,Educational,Government School,80
2023-12,Bu Maher,Archaeological Sites,Educational,Private School,56
2023-12,Bu Maher,Archaeological Sites,Groups,Tour Agencies,391
2023-12,Bu Maher,Archaeological Sites,Groups,VIP,69
2023-12,Bu Maher,Archaeological Sites,Individual,Arab,90
2023-12,Bu Maher,Archaeological Sites,Individual,Bahraini,442
2023-12,Bu Maher,Archaeological Sites,Individual,Foreign,1599
2023-12,Bu Maher,Archaeological Sites,Individual,GCC,192
2023-12,Bu Maher,Forts,Educational,Government School,80
2023-12,Bu Maher,Forts,Educational,Private School,56
2023-12,Bu Maher,Forts,Groups,Tour Agencies,391
2023-12,Bu Maher,Forts,Groups,VIP,69
2023-12,Bu Maher,Forts,Individual,Arab,90
2023-12,Bu Maher,Forts,Individual,Bahraini,442
2023-12,Bu Maher,Forts,Individual,Foreign,1599
2023-12,Bu Maher,Forts,Individual,GCC,192
2023-12,Bu Maher,Pearling Path Sites,Educational,Government School,80
2023-12,Bu Maher,Pearling Path Sites,Educational,Private School,56
2023-12,Bu Maher,Pearling Path Sites,Groups,Tour Agencies,391
2023-12,Bu Maher,Pearling Path Sites,Groups,VIP,69
2023-12,Bu Maher,Pearling Path Sites,Individual,Arab,90
2023-12,Bu Maher,Pearling Path Sites,Individual,Bahraini,442
2023-12,Bu Maher,Pearling Path Sites,Individual,Foreign,1599
2023-12,Bu Maher,Pearling Path Sites,Individual,GCC,192
2023-12,Cultural Hall,Uncategorised,Educational,Private School,286
2023-12,Cultural Hall,Uncategorised,Groups,Organized Group,11
2023-12,Cultural Hall,Uncategorised,Individual,Bahraini,90
2023-12,Cultural Hall,Uncategorised,Individual,Foreign,18
2023-12,Dar Al Muharraq,Pearling Path Sites,Individual,Foreign,3
2023-12,House of Baskets,Handicraft Sites,Groups,Organized Group,66
2023-12,House of Baskets,Handicraft Sites,Groups,Tour Agencies,14
2023-12,House of Baskets,Handicraft Sites,Groups,VIP,6
2023-12,House of Baskets,Handicraft Sites,Individual,Bahraini,244
2023-12,House of Baskets,Handicraft Sites,Individual,Foreign,40
2023-12,House of Baskets,Handicraft Sites,Individual,GCC,26
2023-12,Qalat Al Bahrain Site Museum,Museums,Educational,Government School,55
2023-12,Qalat Al Bahrain Site Museum,Museums,Educational,Private School,41
2023-12,Qalat Al Bahrain Site Museum,Museums,Groups,Organized Group,31
2023-12,Qalat Al Bahrain Site Museum,Museums,Groups,VIP,9
2023-12,Qalat Al Bahrain Site Museum,Museums,Individual,Arab,26
2023-12,Qalat Al Bahrain Site Museum,Museums,Individual,Bahraini,238
2023-12,Qalat Al Bahrain Site Museum,Museums,Individual,Foreign,582
2023-12,Qalat Al Bahrain Site Museum,Museums,Individual,GCC,117
2024-01,Al Jasra Handicrafts Centre,Handicraft Sites,Educational,Private School,56
2024-01,Al Jasra Handicrafts Centre,Handicraft Sites,Groups,Organized Group,17
2024-01,Al Jasra Handicrafts Centre,Handicraft Sites,Groups,Tour Agencies,669
2024-01,Al Jasra Handicrafts Centre,Handicraft Sites,Individual,Bahraini,260
2024-01,Al Jasra Handicrafts Centre,Handicraft Sites,Individual,Foreign,132
2024-01,Al Jasra Handicrafts Centre,Handicraft Sites,Individual,GCC,18
2024-01,Al Jasra House,Uncategorised,Groups,Organized Group,80
2024-01,Al Jasra House,Uncategorised,Groups,Tour Agencies,138
2024-01,Al Jasra House,Uncategorised,Individual,Arab,133
2024-01,Al Jasra House,Uncategorised,Individual,Bahraini,84
2024-01,Al Jasra House,Uncategorised,Individual,Foreign,32
2024-01,Al Jasra House,Uncategorised,Individual,GCC,5
2024-01,Al Khalefeyah Library,Uncategorised,Individual,Arab,151
2024-01,Al Khalefeyah Library,Uncategorised,Individual,Bahraini,405
2024-01,Al Khalefeyah Library,Uncategorised,Individual,Foreign,191
2024-01,Al Khalefeyah Library,Uncategorised,Individual,GCC,26
2024-01,Al Khamis Mosque & Visitor Centre,Archaeological Sites,Groups,Tour Agencies,92
2024-01,Al Khamis Mosque & Visitor Centre,Archaeological Sites,Individual,Arab,6
2024-01,Al Khamis Mosque & Visitor Centre,Archaeological Sites,Individual,Bahraini,80
2024-01,Al Khamis Mosque & Visitor Centre,Archaeological Sites,Individual,Foreign,71
2024-01,Arad Fort,Archaeological Sites,Individual,Arab,57
2024-01,Arad Fort,Archaeological Sites,Individual,Bahraini,272
2024-01,Arad Fort,Archaeological Sites,Individual,Foreign,542
2024-01,Arad Fort,Archaeological Sites,Individual,GCC,167
2024-01,Arad Fort,Forts,Individual,Arab,57
2024-01,Arad Fort,Forts,Individual,Bahraini,272
2024-01,Arad Fort,Forts,Individual,Foreign,542
2024-01,Arad Fort,Forts,Individual,GCC,167
2024-01,Art Center,Uncategorised,Educational,Institutes,100
2024-01,Bab Al Bahrain Information Center,Uncategorised,Groups,Organized Group,6
2024-01,Bab Al Bahrain Information Center,Uncategorised,Individual,Bahraini,4
2024-01,Bab Al Bahrain Information Center,Uncategorised,Individual,Foreign,6
2024-01,Bahrain Fort Site,Archaeological Sites,Educational,Institutes,44
2024-01,Bahrain Fort Site,Archaeological Sites,Educational,Private School,1048
2024-01,Bahrain Fort Site,Archaeological Sites,Groups,Organized Group,3424
2024-01,Bahrain Fort Site,Archaeological Sites,Groups,Tour Agencies,7377
2024-01,Bahrain Fort Site,Archaeological Sites,Groups,VIP,11
2024-01,Bahrain Fort Site,Archaeological Sites,Individual,Arab,2048
2024-01,Bahrain Fort Site,Archaeological Sites,Individual,Bahraini,4408
2024-01,Bahrain Fort Site,Archaeological Sites,Individual,Foreign,10982
2024-01,Bahrain Fort Site,Archaeological Sites,Individual,GCC,2744
2024-01,Bahrain Fort Site,Forts,Educational,Institutes,44
2024-01,Bahrain Fort Site,Forts,Educational,Private School,1048
2024-01,Bahrain Fort Site,Forts,Groups,Organized Group,3424
2024-01,Bahrain Fort Site,Forts,Groups,Tour Agencies,7377
2024-01,Bahrain Fort Site,Forts,Groups,VIP,11
2024-01,Bahrain Fort Site,Forts,Individual,Arab,2048
2024-01,Bahrain Fort Site,Forts,Individual,Bahraini,4408
2024-01,Bahrain Fort Site,Forts,Individual,Foreign,10982
2024-01,Bahrain Fort Site,Forts,Individual,GCC,2744
2024-01,Bahrain National Museum,Museums,Educational,Government School,43
2024-01,Bahrain National Museum,Museums,Educational,Private School,221
2024-01,Bahrain National Museum,Museums,Groups,Organized Group,41
2024-01,Bahrain National Museum,Museums,Groups,VIP,22
2024-01,Bahrain National Museum,Museums,Individual,Arab,448
2024-01,Bahrain National Museum,Museums,Individual,Bahraini,1380
2024-01,Bahrain National Museum,Museums,Individual,Foreign,9053
2024-01,Bahrain National Museum,Museums,Individual,GCC,4045
2024-01,Bahrain National Theatre,Uncategorised,Individual,Bahraini,823
2024-01,Bani Jamra Textile Weaving,Handicraft Sites,Groups,Organized Group,32
2024-01,Bani Jamra Textile Weaving,Handicraft Sites,Individual,Bahraini,82
2024-01,Bani Jamra Textile Weaving,Handicraft Sites,Individual,Foreign,56
2024-01,Bani Jamra Textile Weaving,Handicraft Sites,Individual,GCC,41
2024-01,Barbar Temples,Archaeological Sites,Educational,College or University,17
2024-01,Barbar Temples,Archaeological Sites,Educational,Government School,14
2024-01,Barbar Temples,Archaeological Sites,Educational,Institutes,1
2024-01,Barbar Temples,Archaeological Sites,Educational,Kinder Garden,26
2024-01,Barbar Temples,Archaeological Sites,Educational,Private School,6
2024-01,Barbar Temples,Archaeological Sites,Groups,Organized Group,22
2024-01,Barbar Temples,Archaeological Sites,Groups,Tour Agencies,61
2024-01,Barbar Temples,Archaeological Sites,Individual,Arab,24
2024-01,Barbar Temples,Archaeological Sites,Individual,Bahraini,70
2024-01,Barbar Temples,Archaeological Sites,Individual,Foreign,80
2024-01,Bu Maher,Archaeological Sites,Educational,Private School,9
2024-01,Bu Maher,Archaeological Sites,Groups,Tour Agencies,216
2024-01,Bu Maher,Archaeological Sites,Groups,VIP,26
2024-01,Bu Maher,Archaeological Sites,Individual,Arab,98
2024-01,Bu Maher,Archaeological Sites,Individual,Bahraini,480
2024-01,Bu Maher,Archaeological Sites,Individual,Foreign,1300
2024-01,Bu Maher,Archaeological Sites,Individual,GCC,412
2024-01,Bu Maher,Forts,Educational,Private School,9
2024-01,Bu Maher,Forts,Groups,Tour Agencies,216
2024-01,Bu Maher,Forts,Groups,VIP,26
2024-01,Bu Maher,Forts,Individual,Arab,98
2024-01,Bu Maher,Forts,Individual,Bahraini,480
2024-01,Bu Maher,Forts,Individual,Foreign,1300
2024-01,Bu Maher,Forts,Individual,GCC,412
2024-01,Bu Maher,Pearling Path Sites,Educational,Private School,9
2024-01,Bu Maher,Pearling Path Sites,Groups,Tour Agencies,216
2024-01,Bu Maher,Pearling Path Sites,Groups,VIP,26
2024-01,Bu Maher,Pearling Path Sites,Individual,Arab,98
2024-01,Bu Maher,Pearling Path Sites,Individual,Bahraini,480
2024-01,Bu Maher,Pearling Path Sites,Individual,Foreign,1300
2024-01,Bu Maher,Pearling Path Sites,Individual,GCC,412
2024-01,Cultural Hall,Uncategorised,Educational,Private School,1400
2024-01,Cultural Hall,Uncategorised,Groups,Organized Group,320
2024-01,House of Baskets,Handicraft Sites,Groups,Organized Group,120
2024-01,House of Baskets,Handicraft Sites,Groups,VIP,9
2024-01,House of Baskets,Handicraft Sites,Individual,Arab,11
2024-01,House of Baskets,Handicraft Sites,Individual,Bahraini,248
2024-01,House of Baskets,Handicraft Sites,Individual,Foreign,61
2024-01,House of Baskets,Handicraft Sites,Individual,GCC,79
2024-01,Pearling Path Visitor Center,Pearling Path Sites,Groups,Tour Agencies,25
2024-01,Pearling Path Visitor Center,Pearling Path Sites,Individual,Bahraini,102
2024-01,Pearling Path Visitor Center,Pearling Path Sites,Individual,Foreign,120
2024-01,Post Office Museum,Museums,Groups,Organized Group,19
2024-01,Post Office Museum,Museums,Groups,Tour Agencies,25
2024-01,Post Office Museum,Museums,Individual,Arab,15
2024-01,Post Office Museum,Museums,Individual,Bahraini,24
2024-01,Post Office Museum,Museums,Individual,Foreign,13
2024-01,Post Office Museum,Museums,Individual,GCC,3
2024-01,Qalat Al Bahrain Site Museum,Museums,Educational,Private School,368
2024-01,Qalat Al Bahrain Site Museum,Museums,Individual,Arab,66
2024-01,Qalat Al Bahrain Site Museum,Museums,Individual,Bahraini,201
2024-01,Qalat Al Bahrain Site Museum,Museums,Individual,Foreign,559
2024-01,Qalat Al Bahrain Site Museum,Museums,Individual,GCC,128
2024-01,Saar Settlement,Archaeological Sites,Groups,Tour Agencies,1069
2024-01,Saar Settlement,Archaeological Sites,Individual,Arab,7
2024-01,Saar Settlement,Archaeological Sites,Individual,Bahraini,35
2024-01,Saar Settlement,Archaeological Sites,Individual,Foreign,19
2024-01,Saar Settlement,Archaeological Sites,Individual,GCC,106
2024-01,Tree of Life Visitors Centre,Uncategorised,Individual,Arab,216
2024-01,Tree of Life Visitors Centre,Uncategorised,Individual,Bahraini,50565
2024-01,Tree of Life Visitors Centre,Uncategorised,Individual,Foreign,63807
2024-02,Al Alawi House,Pearling Path Sites,Individual,Arab,14
2024-02,Al Alawi House,Pearling Path Sites,Individual,Bahraini,66
2024-02,Al Alawi House,Pearling Path Sites,Individual,Foreign,79
2024-02,Al Alawi House,Pearling Path Sites,Individual,GCC,27
2024-02,Al Jalahma House,Pearling Path Sites,Educational,Kinder Garden,4
2024-02,Al Jalahma House,Pearling Path Sites,Groups,Organized Group,34
2024-02,Al Jalahma House,Pearling Path Sites,Individual,Arab,6
2024-02,Al Jalahma House,Pearling Path Sites,Individual,Bahraini,32
2024-02,Al Jalahma House,Pearling Path Sites,Individual,Foreign,28
2024-02,Al Jalahma House,Pearling Path Sites,Individual,GCC,3
2024-02,Al Jasra Handicrafts Centre,Handicraft Sites,Educational,College or University,23
2024-02,Al Jasra Handicrafts Centre,Handicraft Sites,Educational,Government School,30
2024-02,Al Jasra Handicrafts Centre,Handicraft Sites,Groups,Tour Agencies,739
2024-02,Al Jasra Handicrafts Centre,Handicraft Sites,Groups,VIP,7
2024-02,Al Jasra Handicrafts Centre,Handicraft Sites,Individual,Arab,69
2024-02,Al Jasra Handicrafts Centre,Handicraft Sites,Individual,Bahraini,126
2024-02,Al Jasra Handicrafts Centre,Handicraft Sites,Individual,Foreign,355
2024-02,Al Jasra Handicrafts Centre,Handicraft Sites,Individual,GCC,2
2024-02,Al Jasra House,Uncategorised,Groups,Organized Group,116
2024-02,Al Jasra House,Uncategorised,Groups,Tour Agencies,59
2024-02,Al Jasra House,Uncategorised,Individual,Arab,24
2024-02,Al Jasra House,Uncategorised,Individual,Bahraini,112
2024-02,Al Jasra House,Uncategorised,Individual,Foreign,119
2024-02,Al Khalefeyah Library,Uncategorised,Individual,Arab,147
2024-02,Al Khalefeyah Library,Uncategorised,Individual,Bahraini,29
2024-02,Al Khalefeyah Library,Uncategorised,Individual,Foreign,268
2024-02,Al Khalefeyah Library,Uncategorised,Individual,GCC,17
2024-02,Al Khamis Mosque & Visitor Centre,Archaeological Sites,Individual,Arab,1
2024-02,Al Khamis Mosque & Visitor Centre,Archaeological Sites,Individual,Bahraini,42
2024-02,Al Khamis Mosque & Visitor Centre,Archaeological Sites,Individual,Foreign,58
2024-02,Al Khamis Mosque & Visitor Centre,Archaeological Sites,Individual,GCC,3
2024-02,Arad Fort,Archaeological Sites,Individual,Arab,36
2024-02,Arad Fort,Archaeological Sites,Individual,Bahraini,105
2024-02,Arad Fort,Archaeological Sites,Individual,Foreign,648
2024-02,Arad Fort,Archaeological Sites,Individual,GCC,62
2024-02,Arad Fort,Forts,Individual,Arab,36
2024-02,Arad Fort,Forts,Individual,Bahraini,105
2024-02,Arad Fort,Forts,Individual,Foreign,648
2024-02,Arad Fort,Forts,Individual,GCC,62
2024-02,Art Center,Uncategorised,Educational,Institutes,213
2024-02,Art Center,Uncategorised,Groups,Organized Group,27
2024-02,Art Center,Uncategorised,Individual,Arab,32
2024-02,Art Center,Uncategorised,Individual,Bahraini,193
2024-02,Art Center,Uncategorised,Individual,Foreign,80
2024-02,Art Center,Uncategorised,Individual,GCC,18
2024-02,Bab Al Bahrain Information Center,Uncategorised,Educational,Private School,36
2024-02,Bab Al Bahrain Information Center,Uncategorised,Groups,Organized Group,37
2024-02,Bab Al Bahrain Information Center,Uncategorised,Groups,Tour Agencies,7
2024-02,Bab Al Bahrain Information Center,Uncategorised,Groups,VIP,4
2024-02,Bab Al Bahrain Information Center,Uncategorised,Individual,Arab,36
2024-02,Bab Al Bahrain Information Center,Uncategorised,Individual,Bahraini,48
2024-02,Bab Al Bahrain Information Center,Uncategorised,Individual,Foreign,97
2024-02,Bab Al Bahrain Information Center,Uncategorised,Individual,GCC,63
2024-02,Bahrain Fort Site,Archaeological Sites,Educational,Government School,90
2024-02,Bahrain Fort Site,Archaeological Sites,Educational,Private School,385
2024-02,Bahrain Fort Site,Archaeological Sites,Groups,Organized Group,2370
2024-02,Bahrain Fort Site,Archaeological Sites,Groups,Tour Agencies,4857
2024-02,Bahrain Fort Site,Archaeological Sites,Groups,VIP,150
2024-02,Bahrain Fort Site,Archaeological Sites,Individual,Arab,1719
2024-02,Bahrain Fort Site,Archaeological Sites,Individual,Bahraini,3265
2024-02,Bahrain Fort Site,Archaeological Sites,Individual,Foreign,7294
2024-02,Bahrain Fort Site,Archaeological Sites,Individual,GCC,2413
2024-02,Bahrain Fort Site,Forts,Educational,Government School,90
2024-02,Bahrain Fort Site,Forts,Educational,Private School,385
2024-02,Bahrain Fort Site,Forts,Groups,Organized Group,2370
2024-02,Bahrain Fort Site,Forts,Groups,Tour Agencies,4857
2024-02,Bahrain Fort Site,Forts,Groups,VIP,150
2024-02,Bahrain Fort Site,Forts,Individual,Arab,1719
2024-02,Bahrain Fort Site,Forts,Individual,Bahraini,3265
2024-02,Bahrain Fort Site,Forts,Individual,Foreign,7294
2024-02,Bahrain Fort Site,Forts,Individual,GCC,2413
2024-02,Bahrain National Museum,Museums,Educational,Government School,333
2024-02,Bahrain National Museum,Museums,Educational,Private School,840
2024-02,Bahrain National Museum,Museums,Groups,Organized Group,45
2024-02,Bahrain National Museum,Museums,Groups,VIP,36
2024-02,Bahrain National Museum,Museums,Individual,Arab,467
2024-02,Bahrain National Museum,Museums,Individual,Bahraini,1662
2024-02,Bahrain National Museum,Museums,Individual,Foreign,10984
2024-02,Bahrain National Museum,Museums,Individual,GCC,1849
2024-02,Bahrain National Theatre,Uncategorised,Individual,Bahraini,2912
2024-02,Bani Jamra Textile Weaving,Handicraft Sites,Groups,Organized Group,52
2024-02,Bani Jamra Textile Weaving,Handicraft Sites,Groups,Tour Agencies,10
2024-02,Bani Jamra Textile Weaving,Handicraft Sites,Individual,Bahraini,106
2024-02,Bani Jamra Textile Weaving,Handicraft Sites,Individual,Foreign,52
2024-02,Bani Jamra Textile Weaving,Handicraft Sites,Individual,GCC,19
2024-02,Barbar Temples,Archaeological Sites,Educational,College or University,2
2024-02,Barbar Temples,Archaeological Sites,Educational,Government School,3
2024-02,Barbar Temples,Archaeological Sites,Educational,Institutes,2
2024-02,Barbar Temples,Archaeological Sites,Educational,Kinder Garden,22
2024-02,Barbar Temples,Archaeological Sites,Educational,Private School,5
2024-02,Barbar Temples,Archaeological Sites,Groups,Tour Agencies,15
2024-02,Barbar Temples,Archaeological Sites,Groups,VIP,18
2024-02,Barbar Temples,Archaeological Sites,Individual,Arab,9
2024-02,Barbar Temples,Archaeological Sites,Individual,Bahraini,21
2024-02,Barbar Temples,Archaeological Sites,Individual,Foreign,105
2024-02,Bu Maher,Archaeological Sites,Groups,Tour Agencies,130
2024-02,Bu Maher,Archaeological Sites,Groups,VIP,82
2024-02,Bu Maher,Archaeological Sites,Individual,Arab,48
2024-02,Bu Maher,Archaeological Sites,Individual,Bahraini,98
2024-02,Bu Maher,Archaeological Sites,Individual,Foreign,350
2024-02,Bu Maher,Archaeological Sites,Individual,GCC,98
2024-02,Bu Maher,Forts,Groups,Tour Agencies,130
2024-02,Bu Maher,Forts,Groups,VIP,82
2024-02,Bu Maher,Forts,Individual,Arab,48
2024-02,Bu Maher,Forts,Individual,Bahraini,98
2024-02,Bu Maher,Forts,Individual,Foreign,350
2024-02,Bu Maher,Forts,Individual,GCC,98
2024-02,Bu Maher,Pearling Path Sites,Groups,Tour Agencies,130
2024-02,Bu Maher,Pearling Path Sites,Groups,VIP,82
2024-02,Bu Maher,Pearling Path Sites,Individual,Arab,48
2024-02,Bu Maher,Pearling Path Sites,Individual,Bahraini,98
2024-02,Bu Maher,Pearling Path Sites,Individual,Foreign,350
2024-02,Bu Maher,Pearling Path Sites,Individual,GCC,98
2024-02,Cultural Hall,Uncategorised,Groups,Organized Group,636
2024-02,Cultural Hall,Uncategorised,Individual,Arab,2176
2024-02,Cultural Hall,Uncategorised,Individual,Bahraini,1695
2024-02,Cultural Hall,Uncategorised,Individual,Foreign,667
2024-02,Cultural Hall,Uncategorised,Individual,GCC,126
2024-02,Fakhro House,Pearling Path Sites,Groups,VIP,1
2024-02,Fakhro House,Pearling Path Sites,Individual,Arab,6
2024-02,Fakhro House,Pearling Path Sites,Individual,Bahraini,8
2024-02,Fakhro House,Pearling Path Sites,Individual,Foreign,29
2024-02,Fakhro House,Pearling Path Sites,Individual,GCC,1
2024-02,House of Baskets,Handicraft Sites,Groups,Organized Group,113
2024-02,House of Baskets,Handicraft Sites,Individual,Arab,2
2024-02,House of Baskets,Handicraft Sites,Individual,Bahraini,205
2024-02,House of Baskets,Handicraft Sites,Individual,Foreign,79
2024-02,House of Baskets,Handicraft Sites,Individual,GCC,51
2024-02,Pearling Path Visitor Center,Pearling Path Sites,Groups,Tour Agencies,134
2024-02,Pearling Path Visitor Center,Pearling Path Sites,Groups,VIP,12
2024-02,Pearling Path Visitor Center,Pearling Path Sites,Individual,Bahraini,280
2024-02,Pearling Path Visitor Center,Pearling Path Sites,Individual,Foreign,321
2024-02,Post Office Museum,Museums,Educational,Government School,19
2024-02,Post Office Museum,Museums,Educational,Private School,56
2024-02,Post Office Museum,Museums,Groups,Organized Group,40
2024-02,Post Office Museum,Museums,Groups,Tour Agencies,123
2024-02,Post Office Museum,Museums,Groups,VIP,27
2024-02,Post Office Museum,Museums,Individual,Arab,93
2024-02,Post Office Museum,Museums,Individual,Bahraini,1206
2024-02,Post Office Museum,Museums,Individual,Foreign,594
2024-02,Post Office Museum,Museums,Individual,GCC,925
2024-02,Qalat Al Bahrain Site Museum,Museums,Educational,Government School,163
2024-02,Qalat Al Bahrain Site Museum,Museums,Educational,Private School,296
2024-02,Qalat Al Bahrain Site Museum,Museums,Groups,Organized Group,33
2024-02,Qalat Al Bahrain Site Museum,Museums,Groups,Tour Agencies,24
2024-02,Qalat Al Bahrain Site Museum,Museums,Groups,VIP,3
2024-02,Qalat Al Bahrain Site Museum,Museums,Individual,Arab,12
2024-02,Qalat Al Bahrain Site Museum,Museums,Individual,Bahraini,153
2024-02,Qalat Al Bahrain Site Museum,Museums,Individual,Foreign,674
2024-02,Qalat Al Bahrain Site Museum,Museums,Individual,GCC,109
2024-02,Saar Settlement,Archaeological Sites,Educational,College or University,2
2024-02,Saar Settlement,Archaeological Sites,Groups,Tour Agencies,86
2024-02,Saar Settlement,Archaeological Sites,Individual,Bahraini,8
2024-02,Saar Settlement,Archaeological Sites,Individual,Foreign,98
2024-02,Saar Settlement,Archaeological Sites,Individual,GCC,6
2024-02,Tree of Life Visitors Centre,Uncategorised,Educational,College or University,4
2024-02,Tree of Life Visitors Centre,Uncategorised,Individual,Bahraini,24288
2024-02,Tree of Life Visitors Centre,Uncategorised,Individual,Foreign,44080
2024-03,Aali burial mounds,Archaeological Sites,Individual,Arab,3
2024-03,Aali burial mounds,Archaeological Sites,Individual,Bahraini,13
2024-03,Aali burial mounds,Archaeological Sites,Individual,GCC,4
2024-03,Al Alawi House,Pearling Path Sites,Educational,Kinder Garden,8
2024-03,Al Alawi House,Pearling Path Sites,Groups,VIP,1
2024-03,Al Alawi House,Pearling Path Sites,Individual,Arab,40
2024-03,Al Alawi House,Pearling Path Sites,Individual,Bahraini,46
2024-03,Al Alawi House,Pearling Path Sites,Individual,Foreign,166
2024-03,Al Ghus House,Pearling Path Sites,Individual,Bahraini,3
2024-03,Al Ghus House,Pearling Path Sites,Individual,Foreign,22
2024-03,Al Jalahma House,Pearling Path Sites,Educational,Kinder Garden,37
2024-03,Al Jalahma House,Pearling Path Sites,Groups,VIP,8
2024-03,Al Jalahma House,Pearling Path Sites,Individual,Arab,8
2024-03,Al Jalahma House,Pearling Path Sites,Individual,Bahraini,198
2024-03,Al Jalahma House,Pearling Path Sites,Individual,Foreign,521
2024-03,Al Jalahma House,Pearling Path Sites,Individual,GCC,89
2024-03,Al Jasra Handicrafts Centre,Handicraft Sites,Groups,Organized Group,27
2024-03,Al Jasra Handicrafts Centre,Handicraft Sites,Groups,Tour Agencies,325
2024-03,Al Jasra Handicrafts Centre,Handicraft Sites,Individual,Bahraini,13
2024-03,Al Jasra Handicrafts Centre,Handicraft Sites,Individual,Foreign,69
2024-03,Al Jasra Handicrafts Centre,Handicraft Sites,Individual,GCC,4
2024-03,Al Jasra House,Uncategorised,Educational,Kinder Garden,46
2024-03,Al Jasra House,Uncategorised,Groups,Organized Group,24
2024-03,Al Jasra House,Uncategorised,Groups,Tour Agencies,16
2024-03,Al Jasra House,Uncategorised,Individual,Arab,9
2024-03,Al Jasra House,Uncategorised,Individual,Bahraini,76
2024-03,Al Jasra House,Uncategorised,Individual,Foreign,129
2024-03,Al Jasra House,Uncategorised,Individual,GCC,3
2024-03,Al Khalefeyah Library,Uncategorised,Educational,Government School,28
2024-03,Al Khalefeyah Library,Uncategorised,Individual,Arab,94
2024-03,Al Khalefeyah Library,Uncategorised,Individual,Bahraini,52
2024-03,Al Khalefeyah Library,Uncategorised,Individual,Foreign,185
2024-03,Al Khalefeyah Library,Uncategorised,Individual,GCC,5
2024-03,Al Khamis Mosque & Visitor Centre,Archaeological Sites,Individual,Arab,2
2024-03,Al Khamis Mosque & Visitor Centre,Archaeological Sites,Individual,Bahraini,22
2024-03,Al Khamis Mosque & Visitor Centre,Archaeological Sites,Individual,Foreign,48
2024-03,Arad Fort,Archaeological Sites,Individual,Arab,25
2024-03,Arad Fort,Archaeological Sites,Individual,Bahraini,58
2024-03,Arad Fort,Archaeological Sites,Individual,Foreign,462
2024-03,Arad Fort,Archaeological Sites,Individual,GCC,23
2024-03,Arad Fort,Forts,Individual,Arab,25
2024-03,Arad Fort,Forts,Individual,Bahraini,58
2024-03,Arad Fort,Forts,Individual,Foreign,462
2024-03,Arad Fort,Forts,Individual,GCC,23
2024-03,Archaeologies of Green Pavilion,Uncategorised,Groups,Organized Group,47
2024-03,Archaeologies of Green Pavilion,Uncategorised,Groups,Tour Agencies,54
2024-03,Archaeologies of Green Pavilion,Uncategorised,Individual,Arab,64
2024-03,Archaeologies of Green Pavilion,Uncategorised,Individual,Bahraini,245
2024-03,Archaeologies of Green Pavilion,Uncategorised,Individual,Foreign,149
2024-03,Archaeologies of Green Pavilion,Uncategorised,Individual,GCC,85
2024-03,Art Center,Uncategorised,Educational,Private School,85
2024-03,Art Center,Uncategorised,Individual,Arab,55
2024-03,Art Center,Uncategorised,Individual,Bahraini,165
2024-03,Art Center,Uncategorised,Individual,Foreign,50
2024-03,Bab Al Bahrain Information Center,Uncategorised,Individual,Arab,7
2024-03,Bab Al Bahrain Information Center,Uncategorised,Individual,Bahraini,11
2024-03,Bab Al Bahrain Information Center,Uncategorised,Individual,Foreign,29
2024-03,Bab Al Bahrain Information Center,Uncategorised,Individual,GCC,10
2024-03,Badr Gulum and Turabi House,Pearling Path Sites,Educational,Kinder Garden,25
2024-03,Badr Gulum and Turabi House,Pearling Path Sites,Groups,VIP,5
2024-03,Badr Gulum and Turabi House,Pearling Path Sites,Individual,Bahraini,22
2024-03,Badr Gulum and Turabi House,Pearling Path Sites,Individual,Foreign,187
2024-03,Badr Gulum and Turabi House,Pearling Path Sites,Individual,GCC,8
2024-03,Bahrain Fort Site,Archaeological Sites,Educational,College or University,140
2024-03,Bahrain Fort Site,Archaeological Sites,Educational,Government School,38
2024-03,Bahrain Fort Site,Archaeological Sites,Educational,Kinder Garden,18
2024-03,Bahrain Fort Site,Archaeological Sites,Educational,Private School,324
2024-03,Bahrain Fort Site,Archaeological Sites,Groups,Organized Group,552
2024-03,Bahrain Fort Site,Archaeological Sites,Groups,Tour Agencies,10560
2024-03,Bahrain Fort Site,Archaeological Sites,Groups,VIP,4
2024-03,Bahrain Fort Site,Archaeological Sites,Individual,Arab,1971
2024-03,Bahrain Fort Site,Archaeological Sites,Individual,Bahraini,6122
2024-03,Bahrain Fort Site,Archaeological Sites,Individual,Foreign,15258
2024-03,Bahrain Fort Site,Archaeological Sites,Individual,GCC,1888
2024-03,Bahrain Fort Site,Forts,Educational,College or University,140
2024-03,Bahrain Fort Site,Forts,Educational,Government School,38
2024-03,Bahrain Fort Site,Forts,Educational,Kinder Garden,18
2024-03,Bahrain Fort Site,Forts,Educational,Private School,324
2024-03,Bahrain Fort Site,Forts,Groups,Organized Group,552
2024-03,Bahrain Fort Site,Forts,Groups,Tour Agencies,10560
2024-03,Bahrain Fort Site,Forts,Groups,VIP,4
2024-03,Bahrain Fort Site,Forts,Individual,Arab,1971
2024-03,Bahrain Fort Site,Forts,Individual,Bahraini,6122
2024-03,Bahrain Fort Site,Forts,Individual,Foreign,15258
2024-03,Bahrain Fort Site,Forts,Individual,GCC,1888
2024-03,Bahrain National Museum,Museums,Educational,College or University,30
2024-03,Bahrain National Museum,Museums,Educational,Government School,143
2024-03,Bahrain National Museum,Museums,Educational,Private School,397
2024-03,Bahrain National Museum,Museums,Groups,VIP,4
2024-03,Bahrain National Museum,Museums,Individual,Arab,511
2024-03,Bahrain National Museum,Museums,Individual,Bahraini,889
2024-03,Bahrain National Museum,Museums,Individual,Foreign,6105
2024-03,Bahrain National Museum,Museums,Individual,GCC,700
2024-03,Bahrain National Theatre,Uncategorised,Individual,Bahraini,984
2024-03,Bani Jamra Textile Weaving,Handicraft Sites,Groups,VIP,3
2024-03,Bani Jamra Textile Weaving,Handicraft Sites,Individual,Bahraini,45
2024-03,Bani Jamra Textile Weaving,Handicraft Sites,Individual,Foreign,50
2024-03,Bani Jamra Textile Weaving,Handicraft Sites,Individual,GCC,13
2024-03,Barbar Temples,Archaeological Sites,Educational,Kinder Garden,4
2024-03,Barbar Temples,Archaeological Sites,Educational,Private School,1
2024-03,Barbar Temples,Archaeological Sites,Groups,Tour Agencies,5
2024-03,Barbar Temples,Archaeological Sites,Individual,Arab,4
2024-03,Barbar Temples,Archaeological Sites,Individual,Bahraini,7
2024-03,Barbar Temples,Archaeological Sites,Individual,Foreign,41
2024-03,Bu Maher,Archaeological Sites,Educational,Government School,13
2024-03,Bu Maher,Archaeological Sites,Groups,Tour Agencies,411
2024-03,Bu Maher,Archaeological Sites,Groups,VIP,37
2024-03,Bu Maher,Archaeological Sites,Individual,Arab,60
2024-03,Bu Maher,Archaeological Sites,Individual,Bahraini,153
2024-03,Bu Maher,Archaeological Sites,Individual,Foreign,1019
2024-03,Bu Maher,Archaeological Sites,Individual,GCC,62
2024-03,Bu Maher,Forts,Educational,Government School,13
2024-03,Bu Maher,Forts,Groups,Tour Agencies,411
2024-03,Bu Maher,Forts,Groups,VIP,37
2024-03,Bu Maher,Forts,Individual,Arab,60
2024-03,Bu Maher,Forts,Individual,Bahraini,153
2024-03,Bu Maher,Forts,Individual,Foreign,1019
2024-03,Bu Maher,Forts,Individual,GCC,62
2024-03,Bu Maher,Pearling Path Sites,Educational,Government School,13
2024-03,Bu Maher,Pearling Path Sites,Groups,Tour Agencies,411
2024-03,Bu Maher,Pearling Path Sites,Groups,VIP,37
2024-03,Bu Maher,Pearling Path Sites,Individual,Arab,60
2024-03,Bu Maher,Pearling Path Sites,Individual,Bahraini,153
2024-03,Bu Maher,Pearling Path Sites,Individual,Foreign,1019
2024-03,Bu Maher,Pearling Path Sites,Individual,GCC,62
2024-03,Cultural Hall,Uncategorised,Educational,Private School,165
2024-03,Cultural Hall,Uncategorised,Groups,Organized Group,485
2024-03,Cultural Hall,Uncategorised,Individual,Arab,584
2024-03,Cultural Hall,Uncategorised,Individual,Foreign,171
2024-03,Dar Al Muharraq,Pearling Path Sites,Individual,Foreign,11
2024-03,Dar Al Riffa Al Alsgheera,Uncategorised,Individual,Arab,6
2024-03,Dar Al Riffa Al Alsgheera,Uncategorised,Individual,Bahraini,5
2024-03,Dar Al Riffa Al Alsgheera,Uncategorised,Individual,Foreign,7
2024-03,Fakhro House,Pearling Path Sites,Educational,Government School,18
2024-03,Fakhro House,Pearling Path Sites,Groups,Tour Agencies,1
2024-03,Fakhro House,Pearling Path Sites,Groups,VIP,13
2024-03,Fakhro House,Pearling Path Sites,Individual,Arab,36
2024-03,Fakhro House,Pearling Path Sites,Individual,Bahraini,97
2024-03,Fakhro House,Pearling Path Sites,Individual,Foreign,275
2024-03,Fakhro House,Pearling Path Sites,Individual,GCC,35
2024-03,House of Baskets,Handicraft Sites,Groups,VIP,27
2024-03,House of Baskets,Handicraft Sites,Individual,Arab,3
2024-03,House of Baskets,Handicraft Sites,Individual,Bahraini,126
2024-03,House of Baskets,Handicraft Sites,Individual,Foreign,78
2024-03,House of Baskets,Handicraft Sites,Individual,GCC,14
2024-03,Pearling Path Visitor Center,Pearling Path Sites,Groups,Tour Agencies,166
2024-03,Pearling Path Visitor Center,Pearling Path Sites,Groups,VIP,10
2024-03,Pearling Path Visitor Center,Pearling Path Sites,Individual,Bahraini,257
2024-03,Pearling Path Visitor Center,Pearling Path Sites,Individual,Foreign,449
2024-03,Post Office Museum,Museums,Educational,Private School,31
2024-03,Post Office Museum,Museums,Groups,Tour Agencies,29
2024-03,Post Office Museum,Museums,Individual,Bahraini,2
2024-03,Post Office Museum,Museums,Individual,GCC,10
2024-03,Qalat Al Bahrain Site Museum,Museums,Educational,College or University,132
2024-03,Qalat Al Bahrain Site Museum,Museums,Educational,Government School,62
2024-03,Qalat Al Bahrain Site Museum,Museums,Educational,Private School,52
2024-03,Qalat Al Bahrain Site Museum,Museums,Individual,Arab,11
2024-03,Qalat Al Bahrain Site Museum,Museums,Individual,Bahraini,23
2024-03,Qalat Al Bahrain Site Museum,Museums,Individual,Foreign,328
2024-03,Qalat Al Bahrain Site Museum,Museums,Individual,GCC,14
2024-03,Saar Settlement,Archaeological Sites,Groups,Organized Group,45
2024-03,Saar Settlement,Archaeological Sites,Individual,Arab,3
2024-03,Saar Settlement,Archaeological Sites,Individual,Bahraini,61
2024-03,Saar Settlement,Archaeological Sites,Individual,Foreign,74
2024-03,Saar Settlement,Archaeological Sites,Individual,GCC,6
2024-03,Siyadi Majlis,Pearling Path Sites,Educational,Private School,6
2024-03,Siyadi Majlis,Pearling Path Sites,Groups,Organized Group,217
2024-03,Siyadi Majlis,Pearling Path Sites,Groups,Tour Agencies,418
2024-03,Siyadi Majlis,Pearling Path Sites,Individual,Arab,44
2024-03,Siyadi Majlis,Pearling Path Sites,Individual,Bahraini,178
2024-03,Siyadi Majlis,Pearling Path Sites,Individual,Foreign,890
2024-03,Siyadi Majlis,Pearling Path Sites,Individual,GCC,97
2024-03,Tree of Life Visitors Centre,Uncategorised,Individual,Arab,18
2024-03,Tree of Life Visitors Centre,Uncategorised,Individual,Bahraini,6514
2024-03,Tree of Life Visitors Centre,Uncategorised,Individual,Foreign,28799
2024-03,Tree of Life Visitors Centre,Uncategorised,Individual,GCC,38
2024-04,Aali burial mounds,Archaeological Sites,Individual,GCC,75
2024-04,Al Alawi House,Pearling Path Sites,Groups,VIP,8
2024-04,Al Alawi House,Pearling Path Sites,Individual,Arab,35
2024-04,Al Alawi House,Pearling Path Sites,Individual,Bahraini,45
2024-04,Al Alawi House,Pearling Path Sites,Individual,Foreign,90
2024-04,Al Alawi House,Pearling Path Sites,Individual,GCC,2
2024-04,Al Ghus House,Pearling Path Sites,Groups,VIP,11
2024-04,Al Ghus House,Pearling Path Sites,Individual,Arab,3
2024-04,Al Ghus House,Pearling Path Sites,Individual,Bahraini,66
2024-04,Al Ghus House,Pearling Path Sites,Individual,Foreign,147
2024-04,Al Ghus House,Pearling Path Sites,Individual,GCC,12
2024-04,Al Jalahma House,Pearling Path Sites,Educational,Kinder Garden,30
2024-04,Al Jalahma House,Pearling Path Sites,Groups,VIP,13
2024-04,Al Jalahma House,Pearling Path Sites,Individual,Arab,51
2024-04,Al Jalahma House,Pearling Path Sites,Individual,Bahraini,125
2024-04,Al Jalahma House,Pearling Path Sites,Individual,Foreign,147
2024-04,Al Jalahma House,Pearling Path Sites,Individual,GCC,14
2024-04,Al Jasra Handicrafts Centre,Handicraft Sites,Groups,VIP,14
2024-04,Al Jasra Handicrafts Centre,Handicraft Sites,Individual,Bahraini,73
2024-04,Al Jasra Handicrafts Centre,Handicraft Sites,Individual,Foreign,148
2024-04,Al Jasra House,Uncategorised,Educational,College or University,3
2024-04,Al Jasra House,Uncategorised,Groups,Tour Agencies,13
2024-04,Al Jasra House,Uncategorised,Individual,Arab,18
2024-04,Al Jasra House,Uncategorised,Individual,Bahraini,39
2024-04,Al Jasra House,Uncategorised,Individual,Foreign,125
2024-04,Al Jasra House,Uncategorised,Individual,GCC,9
2024-04,Al Khalefeyah Library,Uncategorised,Individual,Arab,90
2024-04,Al Khalefeyah Library,Uncategorised,Individual,Bahraini,45
2024-04,Al Khalefeyah Library,Uncategorised,Individual,Foreign,145
2024-04,Al Khalefeyah Library,Uncategorised,Individual,GCC,4
2024-04,Al Khamis Mosque & Visitor Centre,Archaeological Sites,Individual,Bahraini,11
2024-04,Al Khamis Mosque & Visitor Centre,Archaeological Sites,Individual,Foreign,47
2024-04,Arad Fort,Archaeological Sites,Individual,Arab,35
2024-04,Arad Fort,Archaeological Sites,Individual,Bahraini,49
2024-04,Arad Fort,Archaeological Sites,Individual,Foreign,287
2024-04,Arad Fort,Archaeological Sites,Individual,GCC,21
2024-04,Arad Fort,Forts,Individual,Arab,35
2024-04,Arad Fort,Forts,Individual,Bahraini,49
2024-04,Arad Fort,Forts,Individual,Foreign,287
2024-04,Arad Fort,Forts,Individual,GCC,21
2024-04,Archaeologies of Green Pavilion,Uncategorised,Groups,VIP,7
2024-04,Archaeologies of Green Pavilion,Uncategorised,Individual,Arab,148
2024-04,Archaeologies of Green Pavilion,Uncategorised,Individual,Bahraini,425
2024-04,Archaeologies of Green Pavilion,Uncategorised,Individual,Foreign,193
2024-04,Archaeologies of Green Pavilion,Uncategorised,Individual,GCC,172
2024-04,Art Center,Uncategorised,Groups,Organized Group,40
2024-04,Art Center,Uncategorised,Individual,Arab,2
2024-04,Art Center,Uncategorised,Individual,Bahraini,386
2024-04,Art Center,Uncategorised,Individual,Foreign,8
2024-04,Art Center,Uncategorised,Individual,GCC,6
2024-04,Bab Al Bahrain Information Center,Uncategorised,Individual,Arab,13
2024-04,Bab Al Bahrain Information Center,Uncategorised,Individual,Bahraini,7
2024-04,Bab Al Bahrain Information Center,Uncategorised,Individual,Foreign,23
2024-04,Bab Al Bahrain Information Center,Uncategorised,Individual,GCC,12
2024-04,Badr Gulum and Turabi House,Pearling Path Sites,Educational,Kinder Garden,41
2024-04,Badr Gulum and Turabi House,Pearling Path Sites,Groups,VIP,13
2024-04,Badr Gulum and Turabi House,Pearling Path Sites,Individual,Arab,29
2024-04,Badr Gulum and Turabi House,Pearling Path Sites,Individual,Bahraini,85
2024-04,Badr Gulum and Turabi House,Pearling Path Sites,Individual,Foreign,169
2024-04,Badr Gulum and Turabi House,Pearling Path Sites,Individual,GCC,9
2024-04,Bahrain Fort Site,Archaeological Sites,Educational,College or University,40
2024-04,Bahrain Fort Site,Archaeological Sites,Educational,Government School,30
2024-04,Bahrain Fort Site,Archaeological Sites,Groups,Organized Group,50
2024-04,Bahrain Fort Site,Archaeological Sites,Groups,Tour Agencies,1123
2024-04,Bahrain Fort Site,Archaeological Sites,Individual,Arab,1893
2024-04,Bahrain Fort Site,Archaeological Sites,Individual,Bahraini,5456
2024-04,Bahrain Fort Site,Archaeological Sites,Individual,Foreign,10180
2024-04,Bahrain Fort Site,Archaeological Sites,Individual,GCC,1722
2024-04,Bahrain Fort Site,Forts,Educational,College or University,40
2024-04,Bahrain Fort Site,Forts,Educational,Government School,30
2024-04,Bahrain Fort Site,Forts,Groups,Organized Group,50
2024-04,Bahrain Fort Site,Forts,Groups,Tour Agencies,1123
2024-04,Bahrain Fort Site,Forts,Individual,Arab,1893
2024-04,Bahrain Fort Site,Forts,Individual,Bahraini,5456
2024-04,Bahrain Fort Site,Forts,Individual,Foreign,10180
2024-04,Bahrain Fort Site,Forts,Individual,GCC,1722
2024-04,Bahrain National Museum,Museums,Educational,Government School,308
2024-04,Bahrain National Museum,Museums,Educational,Private School,290
2024-04,Bahrain National Museum,Museums,Groups,Organized Group,6
2024-04,Bahrain National Museum,Museums,Groups,VIP,17
2024-04,Bahrain National Museum,Museums,Individual,Arab,269
2024-04,Bahrain National Museum,Museums,Individual,Bahraini,747
2024-04,Bahrain National Museum,Museums,Individual,Foreign,6475
2024-04,Bahrain National Museum,Museums,Individual,GCC,932
2024-04,Bani Jamra Textile Weaving,Handicraft Sites,Groups,Tour Agencies,14
2024-04,Bani Jamra Textile Weaving,Handicraft Sites,Groups,VIP,24
2024-04,Bani Jamra Textile Weaving,Handicraft Sites,Individual,Arab,6
2024-04,Bani Jamra Textile Weaving,Handicraft Sites,Individual,Bahraini,48
2024-04,Bani Jamra Textile Weaving,Handicraft Sites,Individual,Foreign,44
2024-04,Bani Jamra Textile Weaving,Handicraft Sites,Individual,GCC,3
2024-04,Barbar Temples,Archaeological Sites,Groups,Tour Agencies,48
2024-04,Barbar Temples,Archaeological Sites,Individual,Arab,4
2024-04,Barbar Temples,Archaeological Sites,Individual,Bahraini,26
2024-04,Barbar Temples,Archaeological Sites,Individual,Foreign,185
2024-04,Bu Maher,Archaeological Sites,Educational,Private School,17
2024-04,Bu Maher,Archaeological Sites,Groups,Organized Group,45
2024-04,Bu Maher,Archaeological Sites,Groups,Tour Agencies,43
2024-04,Bu Maher,Archaeological Sites,Groups,VIP,42
2024-04,Bu Maher,Archaeological Sites,Individual,Arab,73
2024-04,Bu Maher,Archaeological Sites,Individual,Bahraini,148
2024-04,Bu Maher,Archaeological Sites,Individual,Foreign,1394
2024-04,Bu Maher,Archaeological Sites,Individual,GCC,101
2024-04,Bu Maher,Forts,Educational,Private School,17
2024-04,Bu Maher,Forts,Groups,Organized Group,45
2024-04,Bu Maher,Forts,Groups,Tour Agencies,43
2024-04,Bu Maher,Forts,Groups,VIP,42
2024-04,Bu Maher,Forts,Individual,Arab,73
2024-04,Bu Maher,Forts,Individual,Bahraini,148
2024-04,Bu Maher,Forts,Individual,Foreign,1394
2024-04,Bu Maher,Forts,Individual,GCC,101
2024-04,Bu Maher,Pearling Path Sites,Educational,Private School,17
2024-04,Bu Maher,Pearling Path Sites,Groups,Organized Group,45
2024-04,Bu Maher,Pearling Path Sites,Groups,Tour Agencies,43
2024-04,Bu Maher,Pearling Path Sites,Groups,VIP,42
2024-04,Bu Maher,Pearling Path Sites,Individual,Arab,73
2024-04,Bu Maher,Pearling Path Sites,Individual,Bahraini,148
2024-04,Bu Maher,Pearling Path Sites,Individual,Foreign,1394
2024-04,Bu Maher,Pearling Path Sites,Individual,GCC,101
2024-04,Cultural Hall,Uncategorised,Groups,Organized Group,680
2024-04,Cultural Hall,Uncategorised,Groups,Tour Agencies,708
2024-04,Cultural Hall,Uncategorised,Groups,VIP,7
2024-04,Cultural Hall,Uncategorised,Individual,Arab,17
2024-04,Cultural Hall,Uncategorised,Individual,Bahraini,18320
2024-04,Cultural Hall,Uncategorised,Individual,Foreign,93
2024-04,Cultural Hall,Uncategorised,Individual,GCC,96
2024-04,Dar Al Muharraq,Pearling Path Sites,Individual,Foreign,8
2024-04,Dar Al Riffa Al Alsgheera,Uncategorised,Individual,Arab,8
2024-04,Dar Al Riffa Al Alsgheera,Uncategorised,Individual,Bahraini,12
2024-04,Fakhro House,Pearling Path Sites,Groups,Organized Group,1
2024-04,Fakhro House,Pearling Path Sites,Groups,Tour Agencies,3
2024-04,Fakhro House,Pearling Path Sites,Groups,VIP,10
2024-04,Fakhro House,Pearling Path Sites,Individual,Arab,37
2024-04,Fakhro House,Pearling Path Sites,Individual,Bahraini,39
2024-04,Fakhro House,Pearling Path Sites,Individual,Foreign,149
2024-04,Fakhro House,Pearling Path Sites,Individual,GCC,4
2024-04,House of Baskets,Handicraft Sites,Groups,Tour Agencies,26
2024-04,House of Baskets,Handicraft Sites,Groups,VIP,27
2024-04,House of Baskets,Handicraft Sites,Individual,Arab,6
2024-04,House of Baskets,Handicraft Sites,Individual,Bahraini,133
2024-04,House of Baskets,Handicraft Sites,Individual,Foreign,27
2024-04,House of Baskets,Handicraft Sites,Individual,GCC,42
2024-04,Pearling Path Visitor Center,Pearling Path Sites,Educational,Private School,55
2024-04,Pearling Path Visitor Center,Pearling Path Sites,Groups,Organized Group,11
2024-04,Pearling Path Visitor Center,Pearling Path Sites,Groups,Tour Agencies,258
2024-04,Pearling Path Visitor Center,Pearling Path Sites,Groups,VIP,36
2024-04,Pearling Path Visitor Center,Pearling Path Sites,Individual,Arab,6
2024-04,Pearling Path Visitor Center,Pearling Path Sites,Individual,Bahraini,241
2024-04,Pearling Path Visitor Center,Pearling Path Sites,Individual,Foreign,410
2024-04,Pearling Path Visitor Center,Pearling Path Sites,Individual,GCC,202
2024-04,Post Office Museum,Museums,Educational,Private School,20
2024-04,Post Office Museum,Museums,Individual,Arab,22
2024-04,Post Office Museum,Museums,Individual,Bahraini,169
2024-04,Post Office Museum,Museums,Individual,Foreign,300
2024-04,Post Office Museum,Museums,Individual,GCC,213
2024-04,Qalat Al Bahrain Site Museum,Museums,Educational,College or University,20
2024-04,Qalat Al Bahrain Site Museum,Museums,Educational,Government School,38
2024-04,Qalat Al Bahrain Site Museum,Museums,Educational,Private School,20
2024-04,Qalat Al Bahrain Site Museum,Museums,Groups,VIP,34
2024-04,Qalat Al Bahrain Site Museum,Museums,Individual,Arab,18
2024-04,Qalat Al Bahrain Site Museum,Museums,Individual,Bahraini,102
2024-04,Qalat Al Bahrain Site Museum,Museums,Individual,Foreign,407
2024-04,Qalat Al Bahrain Site Museum,Museums,Individual,GCC,28
2024-04,Saar Settlement,Archaeological Sites,Groups,Tour Agencies,12
2024-04,Saar Settlement,Archaeological Sites,Individual,Arab,9
2024-04,Saar Settlement,Archaeological Sites,Individual,Bahraini,14
2024-04,Saar Settlement,Archaeological Sites,Individual,Foreign,63
2024-04,Saar Settlement,Archaeological Sites,Individual,GCC,3
2024-04,Siyadi Majlis,Pearling Path Sites,Individual,Arab,27
2024-04,Siyadi Majlis,Pearling Path Sites,Individual,Bahraini,111
2024-04,Siyadi Majlis,Pearling Path Sites,Individual,Foreign,412
2024-04,Siyadi Majlis,Pearling Path Sites,Individual,GCC,69
2024-04,Tree of Life Visitors Centre,Uncategorised,Individual,Bahraini,2694
2024-04,Tree of Life Visitors Centre,Uncategorised,Individual,Foreign,63622
2024-04,Tree of Life Visitors Centre,Uncategorised,Individual,GCC,242
2024-05,Aali burial mounds,Archaeological Sites,Individual,GCC,30
2024-05,Al Alawi House,Pearling Path Sites,Groups,Organized Group,26
2024-05,Al Alawi House,Pearling Path Sites,Groups,VIP,4
2024-05,Al Alawi House,Pearling Path Sites,Individual,Arab,4
2024-05,Al Alawi House,Pearling Path Sites,Individual,Bahraini,36
2024-05,Al Alawi House,Pearling Path Sites,Individual,Foreign,58
2024-05,Al Ghus House,Pearling Path Sites,Groups,Organized Group,5
2024-05,Al Ghus House,Pearling Path Sites,Groups,Tour Agencies,6
2024-05,Al Ghus House,Pearling Path Sites,Groups,VIP,4
2024-05,Al Ghus House,Pearling Path Sites,Individual,Arab,14
2024-05,Al Ghus House,Pearling Path Sites,Individual,Bahraini,28
2024-05,Al Ghus House,Pearling Path Sites,Individual,Foreign,97
2024-05,Al Ghus House,Pearling Path Sites,Individual,GCC,13
2024-05,Al Jalahma House,Pearling Path Sites,Educational,Kinder Garden,11
2024-05,Al Jalahma House,Pearling Path Sites,Groups,Organized Group,37
2024-05,Al Jalahma House,Pearling Path Sites,Groups,VIP,7
2024-05,Al Jalahma House,Pearling Path Sites,Individual,Arab,5
2024-05,Al Jalahma House,Pearling Path Sites,Individual,Bahraini,41
2024-05,Al Jalahma House,Pearling Path Sites,Individual,Foreign,125
2024-05,Al Jasra Handicrafts Centre,Handicraft Sites,Educational,Private School,84
2024-05,Al Jasra Handicrafts Centre,Handicraft Sites,Groups,Organized Group,67
2024-05,Al Jasra Handicrafts Centre,Handicraft Sites,Groups,VIP,21
2024-05,Al Jasra Handicrafts Centre,Handicraft Sites,Individual,Arab,15
2024-05,Al Jasra Handicrafts Centre,Handicraft Sites,Individual,Bahraini,69
2024-05,Al Jasra Handicrafts Centre,Handicraft Sites,Individual,Foreign,108
2024-05,Al Jasra Handicrafts Centre,Handicraft Sites,Individual,GCC,12
2024-05,Al Jasra House,Uncategorised,Individual,Bahraini,44
2024-05,Al Jasra House,Uncategorised,Individual,Foreign,81
2024-05,Al Khalefeyah Library,Uncategorised,Educational,Government School,4
2024-05,Al Khalefeyah Library,Uncategorised,Individual,Arab,277
2024-05,Al Khalefeyah Library,Uncategorised,Individual,Bahraini,76
2024-05,Al Khalefeyah Library,Uncategorised,Individual,Foreign,284
2024-05,Al Khalefeyah Library,Uncategorised,Individual,GCC,2
2024-05,Al Khamis Mosque & Visitor Centre,Archaeological Sites,Individual,Arab,3
2024-05,Al Khamis Mosque & Visitor Centre,Archaeological Sites,Individual,Bahraini,15
2024-05,Al Khamis Mosque & Visitor Centre,Archaeological Sites,Individual,Foreign,27
2024-05,Al Khamis Mosque & Visitor Centre,Archaeological Sites,Individual,GCC,5
2024-05,Al-Hajar Location,Archaeological Sites,Individual,Bahraini,3
2024-05,Al-Hajar Location,Archaeological Sites,Individual,Foreign,1
2024-05,Arad Fort,Archaeological Sites,Educational,Institutes,11
2024-05,Arad Fort,Archaeological Sites,Individual,Arab,11
2024-05,Arad Fort,Archaeological Sites,Individual,Bahraini,83
2024-05,Arad Fort,Archaeological Sites,Individual,Foreign,189
2024-05,Arad Fort,Archaeological Sites,Individual,GCC,35
2024-05,Arad Fort,Forts,Educational,Institutes,11
2024-05,Arad Fort,Forts,Individual,Arab,11
2024-05,Arad Fort,Forts,Individual,Bahraini,83
2024-05,Arad Fort,Forts,Individual,Foreign,189
2024-05,Arad Fort,Forts,Individual,GCC,35
2024-05,Archaeologies of Green Pavilion,Uncategorised,Individual,Arab,32
2024-05,Archaeologies of Green Pavilion,Uncategorised,Individual,Bahraini,205
2024-05,Archaeologies of Green Pavilion,Uncategorised,Individual,Foreign,146
2024-05,Archaeologies of Green Pavilion,Uncategorised,Individual,GCC,154
2024-05,Art Center,Uncategorised,Groups,Organized Group,40
2024-05,Art Center,Uncategorised,Individual,Arab,12
2024-05,Art Center,Uncategorised,Individual,Bahraini,377
2024-05,Art Center,Uncategorised,Individual,Foreign,68
2024-05,Art Center,Uncategorised,Individual,GCC,26
2024-05,Bab Al Bahrain Information Center,Uncategorised,Educational,Private School,18
2024-05,Bab Al Bahrain Information Center,Uncategorised,Individual,Arab,8
2024-05,Bab Al Bahrain Information Center,Uncategorised,Individual,Bahraini,6
2024-05,Bab Al Bahrain Information Center,Uncategorised,Individual,Foreign,15
2024-05,Bab Al Bahrain Information Center,Uncategorised,Individual,GCC,16
2024-05,Badr Gulum and Turabi House,Pearling Path Sites,Educational,Kinder Garden,21
2024-05,Badr Gulum and Turabi House,Pearling Path Sites,Groups,Organized Group,29
2024-05,Badr Gulum and Turabi House,Pearling Path Sites,Groups,VIP,4
2024-05,Badr Gulum and Turabi House,Pearling Path Sites,Individual,Bahraini,42
2024-05,Badr Gulum and Turabi House,Pearling Path Sites,Individual,Foreign,117
2024-05,Badr Gulum and Turabi House,Pearling Path Sites,Individual,GCC,2
2024-05,Bahrain Fort Site,Archaeological Sites,Groups,Tour Agencies,275
2024-05,Bahrain Fort Site,Archaeological Sites,Individual,Arab,708
2024-05,Bahrain Fort Site,Archaeological Sites,Individual,Bahraini,1834
2024-05,Bahrain Fort Site,Archaeological Sites,Individual,Foreign,2703
2024-05,Bahrain Fort Site,Archaeological Sites,Individual,GCC,392
2024-05,Bahrain Fort Site,Forts,Groups,Tour Agencies,275
2024-05,Bahrain Fort Site,Forts,Individual,Arab,708
2024-05,Bahrain Fort Site,Forts,Individual,Bahraini,1834
2024-05,Bahrain Fort Site,Forts,Individual,Foreign,2703
2024-05,Bahrain Fort Site,Forts,Individual,GCC,392
2024-05,Bahrain National Museum,Museums,Educational,Government School,106
2024-05,Bahrain National Museum,Museums,Educational,Institutes,29
2024-05,Bahrain National Museum,Museums,Educational,Private School,137
2024-05,Bahrain National Museum,Museums,Groups,Tour Agencies,30
2024-05,Bahrain National Museum,Museums,Groups,VIP,6
2024-05,Bahrain National Museum,Museums,Individual,Arab,218
2024-05,Bahrain National Museum,Museums,Individual,Bahraini,725
2024-05,Bahrain National Museum,Museums,Individual,Foreign,4212
2024-05,Bahrain National Museum,Museums,Individual,GCC,1069
2024-05,Bahrain National Theatre,Uncategorised,Groups,VIP,65
2024-05,Bani Jamra Textile Weaving,Handicraft Sites,Groups,Organized Group,18
2024-05,Bani Jamra Textile Weaving,Handicraft Sites,Individual,Bahraini,55
2024-05,Bani Jamra Textile Weaving,Handicraft Sites,Individual,Foreign,21
2024-05,Bani Jamra Textile Weaving,Handicraft Sites,Individual,GCC,17
2024-05,Barbar Temples,Archaeological Sites,Educational,Government School,3
2024-05,Barbar Temples,Archaeological Sites,Groups,Tour Agencies,30
2024-05,Barbar Temples,Archaeological Sites,Individual,Bahraini,36
2024-05,Barbar Temples,Archaeological Sites,Individual,Foreign,13
2024-05,Barbar Temples,Archaeological Sites,Individual,GCC,58
2024-05,Bu Maher,Archaeological Sites,Educational,College or University,60
2024-05,Bu Maher,Archaeological Sites,Groups,Organized Group,14
2024-05,Bu Maher,Archaeological Sites,Groups,Tour Agencies,64
2024-05,Bu Maher,Archaeological Sites,Groups,VIP,29
2024-05,Bu Maher,Archaeological Sites,Individual,Arab,93
2024-05,Bu Maher,Archaeological Sites,Individual,Bahraini,361
2024-05,Bu Maher,Archaeological Sites,Individual,Foreign,1404
2024-05,Bu Maher,Archaeological Sites,Individual,GCC,109
2024-05,Bu Maher,Forts,Educational,College or University,60
2024-05,Bu Maher,Forts,Groups,Organized Group,14
2024-05,Bu Maher,Forts,Groups,Tour Agencies,64
2024-05,Bu Maher,Forts,Groups,VIP,29
2024-05,Bu Maher,Forts,Individual,Arab,93
2024-05,Bu Maher,Forts,Individual,Bahraini,361
2024-05,Bu Maher,Forts,Individual,Foreign,1404
2024-05,Bu Maher,Forts,Individual,GCC,109
2024-05,Bu Maher,Pearling Path Sites,Educational,College or University,60
2024-05,Bu Maher,Pearling Path Sites,Groups,Organized Group,14
2024-05,Bu Maher,Pearling Path Sites,Groups,Tour Agencies,64
2024-05,Bu Maher,Pearling Path Sites,Groups,VIP,29
2024-05,Bu Maher,Pearling Path Sites,Individual,Arab,93
2024-05,Bu Maher,Pearling Path Sites,Individual,Bahraini,361
2024-05,Bu Maher,Pearling Path Sites,Individual,Foreign,1404
2024-05,Bu Maher,Pearling Path Sites,Individual,GCC,109
2024-05,Cultural Hall,Uncategorised,Educational,Private School,622
2024-05,Cultural Hall,Uncategorised,Groups,Organized Group,421
2024-05,Cultural Hall,Uncategorised,Groups,Tour Agencies,253
2024-05,Cultural Hall,Uncategorised,Groups,VIP,4
2024-05,Cultural Hall,Uncategorised,Individual,Arab,15
2024-05,Cultural Hall,Uncategorised,Individual,Bahraini,320
2024-05,Cultural Hall,Uncategorised,Individual,Foreign,29
2024-05,Fakhro House,Pearling Path Sites,Educational,College or University,1
2024-05,Fakhro House,Pearling Path Sites,Groups,Organized Group,1
2024-05,Fakhro House,Pearling Path Sites,Groups,VIP,2
2024-05,Fakhro House,Pearling Path Sites,Individual,Arab,45
2024-05,Fakhro House,Pearling Path Sites,Individual,Bahraini,43
2024-05,Fakhro House,Pearling Path Sites,Individual,Foreign,136
2024-05,Fakhro House,Pearling Path Sites,Individual,GCC,11
2024-05,House of Baskets,Handicraft Sites,Groups,Organized Group,56
2024-05,House of Baskets,Handicraft Sites,Groups,VIP,17
2024-05,House of Baskets,Handicraft Sites,Individual,Arab,2
2024-05,House of Baskets,Handicraft Sites,Individual,Bahraini,97
2024-05,House of Baskets,Handicraft Sites,Individual,Foreign,54
2024-05,House of Baskets,Handicraft Sites,Individual,GCC,32
2024-05,Pearling Path Visitor Center,Pearling Path Sites,Groups,Tour Agencies,203
2024-05,Pearling Path Visitor Center,Pearling Path Sites,Groups,VIP,43
2024-05,Pearling Path Visitor Center,Pearling Path Sites,Individual,Arab,75
2024-05,Pearling Path Visitor Center,Pearling Path Sites,Individual,Bahraini,231
2024-05,Pearling Path Visitor Center,Pearling Path Sites,Individual,Foreign,271
2024-05,Pearling Path Visitor Center,Pearling Path Sites,Individual,GCC,278
2024-05,Post Office Museum,Museums,Educational,Government School,18
2024-05,Post Office Museum,Museums,Individual,Arab,19
2024-05,Post Office Museum,Museums,Individual,Bahraini,130
2024-05,Post Office Museum,Museums,Individual,Foreign,202
2024-05,Post Office Museum,Museums,Individual,GCC,171
2024-05,Qalat Al Bahrain Site Museum,Museums,Educational,College or University,25
2024-05,Qalat Al Bahrain Site Museum,Museums,Educational,Government School,43
2024-05,Qalat Al Bahrain Site Museum,Museums,Groups,VIP,54
2024-05,Qalat Al Bahrain Site Museum,Museums,Individual,Arab,16
2024-05,Qalat Al Bahrain Site Museum,Museums,Individual,Bahraini,74
2024-05,Qalat Al Bahrain Site Museum,Museums,Individual,Foreign,539
2024-05,Qalat Al Bahrain Site Museum,Museums,Individual,GCC,56
2024-05,Saar Settlement,Archaeological Sites,Educational,College or University,20
2024-05,Saar Settlement,Archaeological Sites,Groups,Organized Group,18
2024-05,Saar Settlement,Archaeological Sites,Individual,Bahraini,28
2024-05,Saar Settlement,Archaeological Sites,Individual,Foreign,17
2024-05,Sheikh Salman Bin Ahmed Al Fateh Fort,Forts,Educational,College or University,20
2024-05,Sheikh Salman Bin Ahmed Al Fateh Fort,Forts,Groups,Organized Group,32
2024-05,Sheikh Salman Bin Ahmed Al Fateh Fort,Forts,Individual,Arab,8
2024-05,Sheikh Salman Bin Ahmed Al Fateh Fort,Forts,Individual,Foreign,20
2024-05,Siyadi Majlis,Pearling Path Sites,Individual,Arab,10
2024-05,Siyadi Majlis,Pearling Path Sites,Individual,Bahraini,223
2024-05,Siyadi Majlis,Pearling Path Sites,Individual,Foreign,501
2024-05,Siyadi Majlis,Pearling Path Sites,Individual,GCC,75
2024-05,Tree of Life Visitors Centre,Uncategorised,Individual,Arab,445
2024-05,Tree of Life Visitors Centre,Uncategorised,Individual,Bahraini,4321
2024-05,Tree of Life Visitors Centre,Uncategorised,Individual,Foreign,32633
2024-05,Tree of Life Visitors Centre,Uncategorised,Individual,GCC,242
2024-06,Al Alawi House,Pearling Path Sites,Individual,Arab,3
2024-06,Al Alawi House,Pearling Path Sites,Individual,Bahraini,18
2024-06,Al Alawi House,Pearling Path Sites,Individual,Foreign,17
2024-06,Al Jalahma House,Pearling Path Sites,Educational,Kinder Garden,12
2024-06,Al Jalahma House,Pearling Path Sites,Groups,VIP,5
2024-06,Al Jalahma House,Pearling Path Sites,Individual,Arab,5
2024-06,Al Jalahma House,Pearling Path Sites,Individual,Bahraini,38
2024-06,Al Jalahma House,Pearling Path Sites,Individual,Foreign,51
2024-06,Al Jalahma House,Pearling Path Sites,Individual,GCC,3
2024-06,Al Jasra Handicrafts Centre,Handicraft Sites,Groups,Organized Group,90
2024-06,Al Jasra Handicrafts Centre,Handicraft Sites,Groups,Tour Agencies,68
2024-06,Al Jasra Handicrafts Centre,Handicraft Sites,Individual,Arab,3
2024-06,Al Jasra Handicrafts Centre,Handicraft Sites,Individual,Bahraini,66
2024-06,Al Jasra Handicrafts Centre,Handicraft Sites,Individual,Foreign,65
2024-06,Al Jasra House,Uncategorised,Educational,Institutes,61
2024-06,Al Jasra House,Uncategorised,Groups,Organized Group,33
2024-06,Al Jasra House,Uncategorised,Individual,Arab,2
2024-06,Al Jasra House,Uncategorised,Individual,Bahraini,11
2024-06,Al Jasra House,Uncategorised,Individual,Foreign,65
2024-06,Al Khalefeyah Library,Uncategorised,Individual,Arab,163
2024-06,Al Khalefeyah Library,Uncategorised,Individual,Bahraini,29
2024-06,Al Khalefeyah Library,Uncategorised,Individual,Foreign,175
2024-06,Al Khalefeyah Library,Uncategorised,Individual,GCC,1
2024-06,Al Khamis Mosque & Visitor Centre,Archaeological Sites,Individual,Bahraini,13
2024-06,Al Khamis Mosque & Visitor Centre,Archaeological Sites,Individual,Foreign,26
2024-06,Al Khamis Mosque & Visitor Centre,Archaeological Sites,Individual,GCC,6
2024-06,Al-Hajar Location,Archaeological Sites,Individual,Bahraini,3
2024-06,Arad Fort,Archaeological Sites,Individual,Bahraini,16
2024-06,Arad Fort,Archaeological Sites,Individual,Foreign,130
2024-06,Arad Fort,Archaeological Sites,Individual,GCC,10
2024-06,Arad Fort,Forts,Individual,Bahraini,16
2024-06,Arad Fort,Forts,Individual,Foreign,130
2024-06,Arad Fort,Forts,Individual,GCC,10
2024-06,Archaeologies of Green Pavilion,Uncategorised,Individual,Bahraini,41
2024-06,Archaeologies of Green Pavilion,Uncategorised,Individual,Foreign,23
2024-06,Archaeologies of Green Pavilion,Uncategorised,Individual,GCC,29
2024-06,Art Center,Uncategorised,Groups,Organized Group,24
2024-06,Art Center,Uncategorised,Groups,VIP,3
2024-06,Art Center,Uncategorised,Individual,Arab,1
2024-06,Art Center,Uncategorised,Individual,Bahraini,25
2024-06,Art Center,Uncategorised,Individual,Foreign,1
2024-06,Bab Al Bahrain Information Center,Uncategorised,Individual,Bahraini,3
2024-06,Bab Al Bahrain Information Center,Uncategorised,Individual,Foreign,8
2024-06,Badr Gulum and Turabi House,Pearling Path Sites,Educational,Kinder Garden,5
2024-06,Badr Gulum and Turabi House,Pearling Path Sites,Individual,Arab,2
2024-06,Badr Gulum and Turabi House,Pearling Path Sites,Individual,Bahraini,19
2024-06,Badr Gulum and Turabi House,Pearling Path Sites,Individual,Foreign,34
2024-06,Badr Gulum and Turabi House,Pearling Path Sites,Individual,GCC,2
2024-06,Bahrain Fort Site,Archaeological Sites,Groups,Organized Group,52
2024-06,Bahrain Fort Site,Archaeological Sites,Groups,Tour Agencies,262
2024-06,Bahrain Fort Site,Archaeological Sites,Individual,Arab,555
2024-06,Bahrain Fort Site,Archaeological Sites,Individual,Bahraini,2276
2024-06,Bahrain Fort Site,Archaeological Sites,Individual,Foreign,2846
2024-06,Bahrain Fort Site,Archaeological Sites,Individual,GCC,410
2024-06,Bahrain Fort Site,Forts,Groups,Organized Group,52
2024-06,Bahrain Fort Site,Forts,Groups,Tour Agencies,262
2024-06,Bahrain Fort Site,Forts,Individual,Arab,555
2024-06,Bahrain Fort Site,Forts,Individual,Bahraini,2276
2024-06,Bahrain Fort Site,Forts,Individual,Foreign,2846
2024-06,Bahrain Fort Site,Forts,Individual,GCC,410
2024-06,Bahrain National Museum,Museums,Educational,Private School,125
2024-06,Bahrain National Museum,Museums,Groups,Organized Group,171
2024-06,Bahrain National Museum,Museums,Groups,VIP,64
2024-06,Bahrain National Museum,Museums,Individual,Arab,141
2024-06,Bahrain National Museum,Museums,Individual,Bahraini,549
2024-06,Bahrain National Museum,Museums,Individual,Foreign,4290
2024-06,Bahrain National Museum,Museums,Individual,GCC,1277
2024-06,Bahrain National Theatre,Uncategorised,Individual,GCC,989
2024-06,Bani Jamra Textile Weaving,Handicraft Sites,Groups,Organized Group,16
2024-06,Bani Jamra Textile Weaving,Handicraft Sites,Groups,Tour Agencies,30
2024-06,Bani Jamra Textile Weaving,Handicraft Sites,Individual,Bahraini,15
2024-06,Bani Jamra Textile Weaving,Handicraft Sites,Individual,Foreign,21
2024-06,Bani Jamra Textile Weaving,Handicraft Sites,Individual,GCC,13
2024-06,Barbar Temples,Archaeological Sites,Individual,Arab,17
2024-06,Barbar Temples,Archaeological Sites,Individual,Bahraini,47
2024-06,Barbar Temples,Archaeological Sites,Individual,Foreign,50
2024-06,Barbar Temples,Archaeological Sites,Individual,GCC,19
2024-06,Bu Maher,Archaeological Sites,Groups,VIP,4
2024-06,Bu Maher,Archaeological Sites,Individual,Arab,31
2024-06,Bu Maher,Archaeological Sites,Individual,Bahraini,98
2024-06,Bu Maher,Archaeological Sites,Individual,Foreign,567
2024-06,Bu Maher,Archaeological Sites,Individual,GCC,54
2024-06,Bu Maher,Forts,Groups,VIP,4
2024-06,Bu Maher,Forts,Individual,Arab,31
2024-06,Bu Maher,Forts,Individual,Bahraini,98
2024-06,Bu Maher,Forts,Individual,Foreign,567
2024-06,Bu Maher,Forts,Individual,GCC,54
2024-06,Bu Maher,Pearling Path Sites,Groups,VIP,4
2024-06,Bu Maher,Pearling Path Sites,Individual,Arab,31
2024-06,Bu Maher,Pearling Path Sites,Individual,Bahraini,98
2024-06,Bu Maher,Pearling Path Sites,Individual,Foreign,567
2024-06,Bu Maher,Pearling Path Sites,Individual,GCC,54
2024-06,Cultural Hall,Uncategorised,Educational,Private School,1114
2024-06,Cultural Hall,Uncategorised,Groups,Organized Group,1
2024-06,Cultural Hall,Uncategorised,Groups,Tour Agencies,1000
2024-06,Cultural Hall,Uncategorised,Groups,VIP,50
2024-06,Cultural Hall,Uncategorised,Individual,Foreign,2
2024-06,Fakhro House,Pearling Path Sites,Individual,Arab,4
2024-06,Fakhro House,Pearling Path Sites,Individual,Bahraini,12
2024-06,Fakhro House,Pearling Path Sites,Individual,Foreign,60
2024-06,Fakhro House,Pearling Path Sites,Individual,GCC,5
2024-06,House of Baskets,Handicraft Sites,Groups,Organized Group,35
2024-06,House of Baskets,Handicraft Sites,Groups,VIP,14
2024-06,House of Baskets,Handicraft Sites,Individual,Bahraini,102
2024-06,House of Baskets,Handicraft Sites,Individual,Foreign,38
2024-06,House of Baskets,Handicraft Sites,Individual,GCC,18
2024-06,Pearling Path Visitor Center,Pearling Path Sites,Groups,Tour Agencies,186
2024-06,Pearling Path Visitor Center,Pearling Path Sites,Individual,Arab,27
2024-06,Pearling Path Visitor Center,Pearling Path Sites,Individual,Bahraini,102
2024-06,Pearling Path Visitor Center,Pearling Path Sites,Individual,Foreign,88
2024-06,Pearling Path Visitor Center,Pearling Path Sites,Individual,GCC,147
2024-06,Post Office Museum,Museums,Individual,Arab,32
2024-06,Post Office Museum,Museums,Individual,Bahraini,105
2024-06,Post Office Museum,Museums,Individual,Foreign,220
2024-06,Post Office Museum,Museums,Individual,GCC,156
2024-06,Qalat Al Bahrain Site Museum,Museums,Groups,Organized Group,138
2024-06,Qalat Al Bahrain Site Museum,Museums,Groups,VIP,1
2024-06,Qalat Al Bahrain Site Museum,Museums,Individual,Arab,10
2024-06,Qalat Al Bahrain Site Museum,Museums,Individual,Bahraini,47
2024-06,Qalat Al Bahrain Site Museum,Museums,Individual,Foreign,332
2024-06,Qalat Al Bahrain Site Museum,Museums,Individual,GCC,20
2024-06,Saar Settlement,Archaeological Sites,Groups,Organized Group,45
2024-06,Saar Settlement,Archaeological Sites,Individual,Foreign,29
2024-06,Sheikh Salman Bin Ahmed Al Fateh Fort,Forts,Groups,VIP,7
2024-06,Sheikh Salman Bin Ahmed Al Fateh Fort,Forts,Individual,Arab,10
2024-06,Sheikh Salman Bin Ahmed Al Fateh Fort,Forts,Individual,Bahraini,9
2024-06,Sheikh Salman Bin Ahmed Al Fateh Fort,Forts,Individual,Foreign,46
2024-06,Siyadi Majlis,Pearling Path Sites,Individual,Arab,6
2024-06,Siyadi Majlis,Pearling Path Sites,Individual,Bahraini,58
2024-06,Siyadi Majlis,Pearling Path Sites,Individual,Foreign,183
2024-06,Siyadi Majlis,Pearling Path Sites,Individual,GCC,5
2024-06,Tree of Life Visitors Centre,Uncategorised,Individual,Arab,332
2024-06,Tree of Life Visitors Centre,Uncategorised,Individual,Bahraini,2700
2024-06,Tree of Life Visitors Centre,Uncategorised,Individual,Foreign,25996
2024-06,Tree of Life Visitors Centre,Uncategorised,Individual,GCC,674
2024-07,Al Alawi House,Pearling Path Sites,Individual,Bahraini,11
2024-07,Al Alawi House,Pearling Path Sites,Individual,Foreign,11
2024-07,Al Jalahma House,Pearling Path Sites,Educational,Kinder Garden,2
2024-07,Al Jalahma House,Pearling Path Sites,Individual,Arab,2
2024-07,Al Jalahma House,Pearling Path Sites,Individual,Bahraini,12
2024-07,Al Jalahma House,Pearling Path Sites,Individual,Foreign,12
2024-07,Al Jasra Handicrafts Centre,Handicraft Sites,Educational,Private School,43
2024-07,Al Jasra Handicrafts Centre,Handicraft Sites,Groups,Organized Group,16
2024-07,Al Jasra Handicrafts Centre,Handicraft Sites,Groups,Tour Agencies,100
2024-07,Al Jasra Handicrafts Centre,Handicraft Sites,Groups,VIP,5
2024-07,Al Jasra Handicrafts Centre,Handicraft Sites,Individual,Arab,7
2024-07,Al Jasra Handicrafts Centre,Handicraft Sites,Individual,Bahraini,38
2024-07,Al Jasra Handicrafts Centre,Handicraft Sites,Individual,Foreign,33
2024-07,Al Jasra Handicrafts Centre,Handicraft Sites,Individual,GCC,2
2024-07,Al Jasra House,Uncategorised,Groups,Organized Group,50
2024-07,Al Jasra House,Uncategorised,Individual,Arab,4
2024-07,Al Jasra House,Uncategorised,Individual,Bahraini,11
2024-07,Al Jasra House,Uncategorised,Individual,Foreign,32
2024-07,Al Khalefeyah Library,Uncategorised,Individual,Arab,51
2024-07,Al Khalefeyah Library,Uncategorised,Individual,Bahraini,20
2024-07,Al Khalefeyah Library,Uncategorised,Individual,Foreign,241
2024-07,Al Khalefeyah Library,Uncategorised,Individual,GCC,2
2024-07,Al Khamis Mosque & Visitor Centre,Archaeological Sites,Individual,Arab,7
2024-07,Al Khamis Mosque & Visitor Centre,Archaeological Sites,Individual,Bahraini,26
2024-07,Al Khamis Mosque & Visitor Centre,Archaeological Sites,Individual,Foreign,67
2024-07,Al Khamis Mosque & Visitor Centre,Archaeological Sites,Individual,GCC,8
2024-07,Arad Fort,Archaeological Sites,Individual,Arab,5
2024-07,Arad Fort,Archaeological Sites,Individual,Bahraini,3
2024-07,Arad Fort,Archaeological Sites,Individual,Foreign,100
2024-07,Arad Fort,Archaeological Sites,Individual,GCC,11
2024-07,Arad Fort,Forts,Individual,Arab,5
2024-07,Arad Fort,Forts,Individual,Bahraini,3
2024-07,Arad Fort,Forts,Individual,Foreign,100
2024-07,Arad Fort,Forts,Individual,GCC,11
2024-07,Archaeologies of Green Pavilion,Uncategorised,Individual,Bahraini,9
2024-07,Archaeologies of Green Pavilion,Uncategorised,Individual,Foreign,5
2024-07,Archaeologies of Green Pavilion,Uncategorised,Individual,GCC,6
2024-07,Art Center,Uncategorised,Individual,Bahraini,192
2024-07,Art Center,Uncategorised,Individual,GCC,8
2024-07,Bab Al Bahrain Information Center,Uncategorised,Individual,Foreign,1
2024-07,Badr Gulum and Turabi House,Pearling Path Sites,Educational,Kinder Garden,1
2024-07,Badr Gulum and Turabi House,Pearling Path Sites,Individual,Arab,2
2024-07,Badr Gulum and Turabi House,Pearling Path Sites,Individual,Bahraini,4
2024-07,Badr Gulum and Turabi House,Pearling Path Sites,Individual,Foreign,6
2024-07,Bahrain Fort Site,Archaeological Sites,Groups,Tour Agencies,90
2024-07,Bahrain Fort Site,Archaeological Sites,Individual,Arab,170
2024-07,Bahrain Fort Site,Archaeological Sites,Individual,Bahraini,268
2024-07,Bahrain Fort Site,Archaeological Sites,Individual,Foreign,562
2024-07,Bahrain Fort Site,Archaeological Sites,Individual,GCC,19
2024-07,Bahrain Fort Site,Forts,Groups,Tour Agencies,90
2024-07,Bahrain Fort Site,Forts,Individual,Arab,170
2024-07,Bahrain Fort Site,Forts,Individual,Bahraini,268
2024-07,Bahrain Fort Site,Forts,Individual,Foreign,562
2024-07,Bahrain Fort Site,Forts,Individual,GCC,19
2024-07,Bahrain National Museum,Museums,Educational,Government School,2
2024-07,Bahrain National Museum,Museums,Educational,Kinder Garden,74
2024-07,Bahrain National Museum,Museums,Educational,Private School,15
2024-07,Bahrain National Museum,Museums,Groups,Organized Group,388
2024-07,Bahrain National Museum,Museums,Groups,Tour Agencies,173
2024-07,Bahrain National Museum,Museums,Groups,VIP,4
2024-07,Bahrain National Museum,Museums,Individual,Arab,204
2024-07,Bahrain National Museum,Museums,Individual,Bahraini,652
2024-07,Bahrain National Museum,Museums,Individual,Foreign,3486
2024-07,Bahrain National Museum,Museums,Individual,GCC,1600
2024-07,Bani Jamra Textile Weaving,Handicraft Sites,Groups,VIP,5
2024-07,Bani Jamra Textile Weaving,Handicraft Sites,Individual,Arab,1
2024-07,Bani Jamra Textile Weaving,Handicraft Sites,Individual,Bahraini,46
2024-07,Bani Jamra Textile Weaving,Handicraft Sites,Individual,Foreign,2
2024-07,Bani Jamra Textile Weaving,Handicraft Sites,Individual,GCC,11
2024-07,Barbar Temples,Archaeological Sites,Individual,Arab,10
2024-07,Barbar Temples,Archaeological Sites,Individual,Bahraini,19
2024-07,Barbar Temples,Archaeological Sites,Individual,Foreign,41
2024-07,Barbar Temples,Archaeological Sites,Individual,GCC,8
2024-07,Bu Maher,Archaeological Sites,Groups,VIP,8
2024-07,Bu Maher,Archaeological Sites,Individual,Arab,15
2024-07,Bu Maher,Archaeological Sites,Individual,Bahraini,33
2024-07,Bu Maher,Archaeological Sites,Individual,Foreign,171
2024-07,Bu Maher,Archaeological Sites,Individual,GCC,29
2024-07,Bu Maher,Forts,Groups,VIP,8
2024-07,Bu Maher,Forts,Individual,Arab,15
2024-07,Bu Maher,Forts,Individual,Bahraini,33
2024-07,Bu Maher,Forts,Individual,Foreign,171
2024-07,Bu Maher,Forts,Individual,GCC,29
2024-07,Bu Maher,Pearling Path Sites,Groups,VIP,8
2024-07,Bu Maher,Pearling Path Sites,Individual,Arab,15
2024-07,Bu Maher,Pearling Path Sites,Individual,Bahraini,33
2024-07,Bu Maher,Pearling Path Sites,Individual,Foreign,171
2024-07,Bu Maher,Pearling Path Sites,Individual,GCC,29
2024-07,Fakhro House,Pearling Path Sites,Individual,Arab,1
2024-07,Fakhro House,Pearling Path Sites,Individual,Bahraini,3
2024-07,Fakhro House,Pearling Path Sites,Individual,Foreign,10
2024-07,House of Baskets,Handicraft Sites,Groups,Organized Group,46
2024-07,House of Baskets,Handicraft Sites,Individual,Arab,3
2024-07,House of Baskets,Handicraft Sites,Individual,Bahraini,85
2024-07,House of Baskets,Handicraft Sites,Individual,Foreign,54
2024-07,House of Baskets,Handicraft Sites,Individual,GCC,23
2024-07,Pearling Path Visitor Center,Pearling Path Sites,Individual,Arab,5
2024-07,Pearling Path Visitor Center,Pearling Path Sites,Individual,Bahraini,48
2024-07,Pearling Path Visitor Center,Pearling Path Sites,Individual,Foreign,52
2024-07,Pearling Path Visitor Center,Pearling Path Sites,Individual,GCC,27
2024-07,Post Office Museum,Museums,Individual,Arab,26
2024-07,Post Office Museum,Museums,Individual,Bahraini,117
2024-07,Post Office Museum,Museums,Individual,Foreign,200
2024-07,Post Office Museum,Museums,Individual,GCC,156
2024-07,Qalat Al Bahrain Site Museum,Museums,Groups,Organized Group,8
2024-07,Qalat Al Bahrain Site Museum,Museums,Individual,Arab,2
2024-07,Qalat Al Bahrain Site Museum,Museums,Individual,Bahraini,43
2024-07,Qalat Al Bahrain Site Museum,Museums,Individual,Foreign,220
2024-07,Qalat Al Bahrain Site Museum,Museums,Individual,GCC,25
2024-07,Saar Settlement,Archaeological Sites,Individual,Bahraini,4
2024-07,Saar Settlement,Archaeological Sites,Individual,Foreign,4
2024-07,Sheikh Salman Bin Ahmed Al Fateh Fort,Forts,Individual,Arab,18
2024-07,Sheikh Salman Bin Ahmed Al Fateh Fort,Forts,Individual,Bahraini,10
2024-07,Sheikh Salman Bin Ahmed Al Fateh Fort,Forts,Individual,Foreign,39
2024-07,Siyadi Majlis,Pearling Path Sites,Individual,Bahraini,15
2024-07,Siyadi Majlis,Pearling Path Sites,Individual,Foreign,40
2024-07,Siyadi Majlis,Pearling Path Sites,Individual,GCC,4
2024-07,Tree of Life Visitors Centre,Uncategorised,Individual,Arab,5
2024-07,Tree of Life Visitors Centre,Uncategorised,Individual,Bahraini,651
2024-07,Tree of Life Visitors Centre,Uncategorised,Individual,Foreign,4469
2024-07,Tree of Life Visitors Centre,Uncategorised,Individual,GCC,780
2024-08,Al Jasra Handicrafts Centre,Handicraft Sites,Groups,Organized Group,147
2024-08,Al Jasra Handicrafts Centre,Handicraft Sites,Groups,Tour Agencies,15
2024-08,Al Jasra Handicrafts Centre,Handicraft Sites,Groups,VIP,5
2024-08,Al Jasra Handicrafts Centre,Handicraft Sites,Individual,Arab,11
2024-08,Al Jasra Handicrafts Centre,Handicraft Sites,Individual,Bahraini,27
2024-08,Al Jasra Handicrafts Centre,Handicraft Sites,Individual,Foreign,26
2024-08,Al Jasra Handicrafts Centre,Handicraft Sites,Individual,GCC,2
2024-08,Al Jasra House,Uncategorised,Individual,Arab,6
2024-08,Al Jasra House,Uncategorised,Individual,Bahraini,7
2024-08,Al Jasra House,Uncategorised,Individual,Foreign,24
2024-08,Al Khalefeyah Library,Uncategorised,Individual,Arab,42
2024-08,Al Khalefeyah Library,Uncategorised,Individual,Bahraini,43
2024-08,Al Khalefeyah Library,Uncategorised,Individual,Foreign,243
2024-08,Al Khalefeyah Library,Uncategorised,Individual,GCC,5
2024-08,Al Khamis Mosque & Visitor Centre,Archaeological Sites,Individual,Arab,8
2024-08,Al Khamis Mosque & Visitor Centre,Archaeological Sites,Individual,Bahraini,49
2024-08,Al Khamis Mosque & Visitor Centre,Archaeological Sites,Individual,Foreign,35
2024-08,Arad Fort,Archaeological Sites,Individual,Arab,1
2024-08,Arad Fort,Archaeological Sites,Individual,Bahraini,6
2024-08,Arad Fort,Archaeological Sites,Individual,Foreign,108
2024-08,Arad Fort,Archaeological Sites,Individual,GCC,13
2024-08,Arad Fort,Forts,Individual,Arab,1
2024-08,Arad Fort,Forts,Individual,Bahraini,6
2024-08,Arad Fort,Forts,Individual,Foreign,108
2024-08,Arad Fort,Forts,Individual,GCC,13
2024-08,Art Center,Uncategorised,Individual,Bahraini,89
2024-08,Bab Al Bahrain Information Center,Uncategorised,Individual,Bahraini,1
2024-08,Bab Al Bahrain Information Center,Uncategorised,Individual,Foreign,1
2024-08,Bahrain Fort Site,Archaeological Sites,Individual,Arab,19
2024-08,Bahrain Fort Site,Archaeological Sites,Individual,Bahraini,74
2024-08,Bahrain Fort Site,Archaeological Sites,Individual,Foreign,97
2024-08,Bahrain Fort Site,Archaeological Sites,Individual,GCC,2
2024-08,Bahrain Fort Site,Forts,Individual,Arab,19
2024-08,Bahrain Fort Site,Forts,Individual,Bahraini,74
2024-08,Bahrain Fort Site,Forts,Individual,Foreign,97
2024-08,Bahrain Fort Site,Forts,Individual,GCC,2
2024-08,Bahrain National Museum,Museums,Educational,Institutes,107
2024-08,Bahrain National Museum,Museums,Groups,Organized Group,260
2024-08,Bahrain National Museum,Museums,Groups,VIP,19
2024-08,Bahrain National Museum,Museums,Individual,Arab,138
2024-08,Bahrain National Museum,Museums,Individual,Bahraini,788
2024-08,Bahrain National Museum,Museums,Individual,Foreign,3397
2024-08,Bahrain National Museum,Museums,Individual,GCC,1780
2024-08,Bani Jamra Textile Weaving,Handicraft Sites,Groups,VIP,7
2024-08,Bani Jamra Textile Weaving,Handicraft Sites,Individual,Arab,1
2024-08,Bani Jamra Textile Weaving,Handicraft Sites,Individual,Bahraini,19
2024-08,Bani Jamra Textile Weaving,Handicraft Sites,Individual,Foreign,8
2024-08,Bani Jamra Textile Weaving,Handicraft Sites,Individual,GCC,12
2024-08,Barbar Temples,Archaeological Sites,Individual,Arab,1
2024-08,Barbar Temples,Archaeological Sites,Individual,Bahraini,14
2024-08,Barbar Temples,Archaeological Sites,Individual,GCC,4
2024-08,Bu Maher,Archaeological Sites,Groups,VIP,3
2024-08,Bu Maher,Archaeological Sites,Individual,Foreign,3
2024-08,Bu Maher,Forts,Groups,VIP,3
2024-08,Bu Maher,Forts,Individual,Foreign,3
2024-08,Bu Maher,Pearling Path Sites,Groups,VIP,3
2024-08,Bu Maher,Pearling Path Sites,Individual,Foreign,3
2024-08,House of Baskets,Handicraft Sites,Groups,Organized Group,4
2024-08,House of Baskets,Handicraft Sites,Individual,Arab,6
2024-08,House of Baskets,Handicraft Sites,Individual,Bahraini,97
2024-08,House of Baskets,Handicraft Sites,Individual,Foreign,24
2024-08,House of Baskets,Handicraft Sites,Individual,GCC,21
2024-08,Post Office Museum,Museums,Individual,Arab,3
2024-08,Post Office Museum,Museums,Individual,Bahraini,130
2024-08,Post Office Museum,Museums,Individual,Foreign,154
2024-08,Post Office Museum,Museums,Individual,GCC,130
2024-08,Qalat Al Bahrain Site Museum,Museums,Groups,Organized Group,87
2024-08,Qalat Al Bahrain Site Museum,Museums,Groups,VIP,8
2024-08,Qalat Al Bahrain Site Museum,Museums,Individual,Arab,13
2024-08,Qalat Al Bahrain Site Museum,Museums,Individual,Bahraini,64
2024-08,Qalat Al Bahrain Site Museum,Museums,Individual,Foreign,307
2024-08,Qalat Al Bahrain Site Museum,Museums,Individual,GCC,52
2024-08,Saar Settlement,Archaeological Sites,Individual,Arab,2
2024-08,Saar Settlement,Archaeological Sites,Individual,Foreign,10
2024-08,Sheikh Salman Bin Ahmed Al Fateh Fort,Forts,Individual,Arab,13
2024-08,Sheikh Salman Bin Ahmed Al Fateh Fort,Forts,Individual,Bahraini,9
2024-08,Sheikh Salman Bin Ahmed Al Fateh Fort,Forts,Individual,Foreign,67
2024-08,Tree of Life Visitors Centre,Uncategorised,Groups,Tour Agencies,2
2024-08,Tree of Life Visitors Centre,Uncategorised,Individual,Bahraini,492
2024-08,Tree of Life Visitors Centre,Uncategorised,Individual,Foreign,4348
2024-08,Tree of Life Visitors Centre,Uncategorised,Individual,GCC,240
2024-09,Al Alawi House,Pearling Path Sites,Groups,VIP,2
2024-09,Al Alawi House,Pearling Path Sites,Individual,Arab,2
2024-09,Al Alawi House,Pearling Path Sites,Individual,Foreign,12
2024-09,Al Ghus House,Pearling Path Sites,Groups,VIP,12
2024-09,Al Ghus House,Pearling Path Sites,Individual,Bahraini,5
2024-09,Al Ghus House,Pearling Path Sites,Individual,Foreign,27
2024-09,Al Jalahma House,Pearling Path Sites,Groups,Organized Group,65
2024-09,Al Jalahma House,Pearling Path Sites,Groups,Tour Agencies,13
2024-09,Al Jalahma House,Pearling Path Sites,Groups,VIP,14
2024-09,Al Jalahma House,Pearling Path Sites,Individual,Bahraini,10
2024-09,Al Jalahma House,Pearling Path Sites,Individual,Foreign,28
2024-09,Al Jasra Handicrafts Centre,Handicraft Sites,Educational,Private School,47
2024-09,Al Jasra Handicrafts Centre,Handicraft Sites,Groups,Organized Group,15
2024-09,Al Jasra Handicrafts Centre,Handicraft Sites,Groups,Tour Agencies,18
2024-09,Al Jasra Handicrafts Centre,Handicraft Sites,Groups,VIP,2
2024-09,Al Jasra Handicrafts Centre,Handicraft Sites,Individual,Arab,11
2024-09,Al Jasra Handicrafts Centre,Handicraft Sites,Individual,Bahraini,49
2024-09,Al Jasra Handicrafts Centre,Handicraft Sites,Individual,Foreign,38
2024-09,Al Jasra House,Uncategorised,Individual,Arab,3
2024-09,Al Jasra House,Uncategorised,Individual,Bahraini,6
2024-09,Al Jasra House,Uncategorised,Individual,Foreign,18
2024-09,Al Jasra House,Uncategorised,Individual,GCC,12
2024-09,Al Khalefeyah Library,Uncategorised,Individual,Arab,128
2024-09,Al Khalefeyah Library,Uncategorised,Individual,Bahraini,61
2024-09,Al Khalefeyah Library,Uncategorised,Individual,Foreign,199
2024-09,Al Khalefeyah Library,Uncategorised,Individual,GCC,9
2024-09,Al Khamis Mosque & Visitor Centre,Archaeological Sites,Individual,Arab,2
2024-09,Al Khamis Mosque & Visitor Centre,Archaeological Sites,Individual,Bahraini,18
2024-09,Al Khamis Mosque & Visitor Centre,Archaeological Sites,Individual,Foreign,37
2024-09,Al Khamis Mosque & Visitor Centre,Archaeological Sites,Individual,GCC,3
2024-09,Arad Fort,Archaeological Sites,Individual,Arab,5
2024-09,Arad Fort,Archaeological Sites,Individual,Bahraini,22
2024-09,Arad Fort,Archaeological Sites,Individual,Foreign,149
2024-09,Arad Fort,Archaeological Sites,Individual,GCC,18
2024-09,Arad Fort,Forts,Individual,Arab,5
2024-09,Arad Fort,Forts,Individual,Bahraini,22
2024-09,Arad Fort,Forts,Individual,Foreign,149
2024-09,Arad Fort,Forts,Individual,GCC,18
2024-09,Archaeologies of Green Pavilion,Uncategorised,Individual,Arab,10
2024-09,Archaeologies of Green Pavilion,Uncategorised,Individual,Bahraini,8
2024-09,Archaeologies of Green Pavilion,Uncategorised,Individual,Foreign,56
2024-09,Archaeologies of Green Pavilion,Uncategorised,Individual,GCC,5
2024-09,Bab Al Bahrain Information Center,Uncategorised,Individual,Arab,6
2024-09,Bab Al Bahrain Information Center,Uncategorised,Individual,Bahraini,2
2024-09,Bab Al Bahrain Information Center,Uncategorised,Individual,Foreign,21
2024-09,Badr Gulum and Turabi House,Pearling Path Sites,Educational,Kinder Garden,9
2024-09,Badr Gulum and Turabi House,Pearling Path Sites,Groups,Tour Agencies,13
2024-09,Badr Gulum and Turabi House,Pearling Path Sites,Groups,VIP,4
2024-09,Badr Gulum and Turabi House,Pearling Path Sites,Individual,Bahraini,6
2024-09,Badr Gulum and Turabi House,Pearling Path Sites,Individual,Foreign,78
2024-09,Badr Gulum and Turabi House,Pearling Path Sites,Individual,GCC,3
2024-09,Bahrain Fort Site,Archaeological Sites,Groups,Organized Group,89
2024-09,Bahrain Fort Site,Archaeological Sites,Groups,Tour Agencies,102
2024-09,Bahrain Fort Site,Archaeological Sites,Groups,VIP,10
2024-09,Bahrain Fort Site,Archaeological Sites,Individual,Arab,545
2024-09,Bahrain Fort Site,Archaeological Sites,Individual,Bahraini,2778
2024-09,Bahrain Fort Site,Archaeological Sites,Individual,Foreign,3049
2024-09,Bahrain Fort Site,Archaeological Sites,Individual,GCC,594
2024-09,Bahrain Fort Site,Forts,Groups,Organized Group,89
2024-09,Bahrain Fort Site,Forts,Groups,Tour Agencies,102
2024-09,Bahrain Fort Site,Forts,Groups,VIP,10
2024-09,Bahrain Fort Site,Forts,Individual,Arab,545
2024-09,Bahrain Fort Site,Forts,Individual,Bahraini,2778
2024-09,Bahrain Fort Site,Forts,Individual,Foreign,3049
2024-09,Bahrain Fort Site,Forts,Individual,GCC,594
2024-09,Bahrain National Museum,Museums,Educational,Government School,20
2024-09,Bahrain National Museum,Museums,Educational,Kinder Garden,61
2024-09,Bahrain National Museum,Museums,Educational,Private School,188
2024-09,Bahrain National Museum,Museums,Groups,Organized Group,22
2024-09,Bahrain National Museum,Museums,Groups,Tour Agencies,45
2024-09,Bahrain National Museum,Museums,Groups,VIP,77
2024-09,Bahrain National Museum,Museums,Individual,Arab,176
2024-09,Bahrain National Museum,Museums,Individual,Bahraini,633
2024-09,Bahrain National Museum,Museums,Individual,Foreign,3664
2024-09,Bahrain National Museum,Museums,Individual,GCC,1173
2024-09,Barbar Temples,Archaeological Sites,Individual,Arab,3
2024-09,Barbar Temples,Archaeological Sites,Individual,Bahraini,24
2024-09,Barbar Temples,Archaeological Sites,Individual,Foreign,25
2024-09,Barbar Temples,Archaeological Sites,Individual,GCC,2
2024-09,Bu Maher,Archaeological Sites,Groups,Organized Group,17
2024-09,Bu Maher,Archaeological Sites,Groups,Tour Agencies,13
2024-09,Bu Maher,Archaeological Sites,Groups,VIP,15
2024-09,Bu Maher,Archaeological Sites,Individual,Arab,32
2024-09,Bu Maher,Archaeological Sites,Individual,Bahraini,44
2024-09,Bu Maher,Archaeological Sites,Individual,Foreign,465
2024-09,Bu Maher,Archaeological Sites,Individual,GCC,47
2024-09,Bu Maher,Forts,Groups,Organized Group,17
2024-09,Bu Maher,Forts,Groups,Tour Agencies,13
2024-09,Bu Maher,Forts,Groups,VIP,15
2024-09,Bu Maher,Forts,Individual,Arab,32
2024-09,Bu Maher,Forts,Individual,Bahraini,44
2024-09,Bu Maher,Forts,Individual,Foreign,465
2024-09,Bu Maher,Forts,Individual,GCC,47
2024-09,Bu Maher,Pearling Path Sites,Groups,Organized Group,17
2024-09,Bu Maher,Pearling Path Sites,Groups,Tour Agencies,13
2024-09,Bu Maher,Pearling Path Sites,Groups,VIP,15
2024-09,Bu Maher,Pearling Path Sites,Individual,Arab,32
2024-09,Bu Maher,Pearling Path Sites,Individual,Bahraini,44
2024-09,Bu Maher,Pearling Path Sites,Individual,Foreign,465
2024-09,Bu Maher,Pearling Path Sites,Individual,GCC,47
2024-09,Cultural Hall,Uncategorised,Groups,Organized Group,400
2024-09,Cultural Hall,Uncategorised,Groups,VIP,3
2024-09,Fakhro House,Pearling Path Sites,Groups,Tour Agencies,11
2024-09,Fakhro House,Pearling Path Sites,Groups,VIP,20
2024-09,Fakhro House,Pearling Path Sites,Individual,Arab,5
2024-09,Fakhro House,Pearling Path Sites,Individual,Bahraini,11
2024-09,Fakhro House,Pearling Path Sites,Individual,Foreign,39
2024-09,House of Baskets,Handicraft Sites,Groups,Organized Group,6
2024-09,House of Baskets,Handicraft Sites,Individual,Bahraini,60
2024-09,House of Baskets,Handicraft Sites,Individual,Foreign,18
2024-09,House of Baskets,Handicraft Sites,Individual,GCC,9
2024-09,Pearling Path Visitor Center,Pearling Path Sites,Groups,Tour Agencies,160
2024-09,Pearling Path Visitor Center,Pearling Path Sites,Groups,VIP,20
2024-09,Pearling Path Visitor Center,Pearling Path Sites,Individual,Arab,4
2024-09,Pearling Path Visitor Center,Pearling Path Sites,Individual,Bahraini,31
2024-09,Pearling Path Visitor Center,Pearling Path Sites,Individual,Foreign,35
2024-09,Pearling Path Visitor Center,Pearling Path Sites,Individual,GCC,95
2024-09,Post Office Museum,Museums,Individual,Arab,5
2024-09,Post Office Museum,Museums,Individual,Bahraini,113
2024-09,Post Office Museum,Museums,Individual,Foreign,197
2024-09,Post Office Museum,Museums,Individual,GCC,158
2024-09,Qalat Al Bahrain Site Museum,Museums,Educational,Government School,23
2024-09,Qalat Al Bahrain Site Museum,Museums,Groups,VIP,15
2024-09,Qalat Al Bahrain Site Museum,Museums,Individual,Arab,8
2024-09,Qalat Al Bahrain Site Museum,Museums,Individual,Bahraini,57
2024-09,Qalat Al Bahrain Site Museum,Museums,Individual,Foreign,256
2024-09,Qalat Al Bahrain Site Museum,Museums,Individual,GCC,36
2024-09,Saar Settlement,Archaeological Sites,Individual,Bahraini,8
2024-09,Saar Settlement,Archaeological Sites,Individual,Foreign,23
2024-09,Sheikh Salman Bin Ahmed Al Fateh Fort,Forts,Groups,Organized Group,18
2024-09,Sheikh Salman Bin Ahmed Al Fateh Fort,Forts,Individual,Arab,11
2024-09,Sheikh Salman Bin Ahmed Al Fateh Fort,Forts,Individual,Bahraini,6
2024-09,Sheikh Salman Bin Ahmed Al Fateh Fort,Forts,Individual,Foreign,132
2024-09,Siyadi Majlis,Pearling Path Sites,Individual,Arab,2
2024-09,Siyadi Majlis,Pearling Path Sites,Individual,Bahraini,31
2024-09,Siyadi Majlis,Pearling Path Sites,Individual,Foreign,295
2024-09,Siyadi Majlis,Pearling Path Sites,Individual,GCC,9
2024-09,Tree of Life Visitors Centre,Uncategorised,Groups,Tour Agencies,3
2024-09,Tree of Life Visitors Centre,Uncategorised,Individual,Arab,52
2024-09,Tree of Life Visitors Centre,Uncategorised,Individual,Bahraini,174
2024-09,Tree of Life Visitors Centre,Uncategorised,Individual,Foreign,4606
2024-09,Tree of Life Visitors Centre,Uncategorised,Individual,GCC,215
2024-10,Al Alawi House,Pearling Path Sites,Groups,Organized Group,5
2024-10,Al Alawi House,Pearling Path Sites,Groups,VIP,11
2024-10,Al Alawi House,Pearling Path Sites,Individual,Arab,5
2024-10,Al Alawi House,Pearling Path Sites,Individual,Bahraini,9
2024-10,Al Alawi House,Pearling Path Sites,Individual,Foreign,57
2024-10,Al Alawi House,Pearling Path Sites,Individual,GCC,2
2024-10,Al Ghus House,Pearling Path Sites,Groups,Tour Agencies,35
2024-10,Al Ghus House,Pearling Path Sites,Groups,VIP,69
2024-10,Al Ghus House,Pearling Path Sites,Individual,Bahraini,7
2024-10,Al Ghus House,Pearling Path Sites,Individual,Foreign,35
2024-10,Al Jalahma House,Pearling Path Sites,Educational,Kinder Garden,8
2024-10,Al Jalahma House,Pearling Path Sites,Groups,Organized Group,22
2024-10,Al Jalahma House,Pearling Path Sites,Groups,Tour Agencies,51
2024-10,Al Jalahma House,Pearling Path Sites,Groups,VIP,53
2024-10,Al Jalahma House,Pearling Path Sites,Individual,Arab,10
2024-10,Al Jalahma House,Pearling Path Sites,Individual,Bahraini,29
2024-10,Al Jalahma House,Pearling Path Sites,Individual,Foreign,212
2024-10,Al Jalahma House,Pearling Path Sites,Individual,GCC,4
2024-10,Al Jasra Handicrafts Centre,Handicraft Sites,Educational,Private School,206
2024-10,Al Jasra Handicrafts Centre,Handicraft Sites,Groups,Tour Agencies,8
2024-10,Al Jasra Handicrafts Centre,Handicraft Sites,Individual,Arab,8
2024-10,Al Jasra Handicrafts Centre,Handicraft Sites,Individual,Bahraini,101
2024-10,Al Jasra Handicrafts Centre,Handicraft Sites,Individual,Foreign,118
2024-10,Al Jasra House,Uncategorised,Educational,College or University,14
2024-10,Al Jasra House,Uncategorised,Educational,Kinder Garden,31
2024-10,Al Jasra House,Uncategorised,Groups,Organized Group,8
2024-10,Al Jasra House,Uncategorised,Groups,Tour Agencies,40
2024-10,Al Jasra House,Uncategorised,Individual,Arab,6
2024-10,Al Jasra House,Uncategorised,Individual,Bahraini,14
2024-10,Al Jasra House,Uncategorised,Individual,Foreign,151
2024-10,Al Khalefeyah Library,Uncategorised,Individual,Arab,226
2024-10,Al Khalefeyah Library,Uncategorised,Individual,Bahraini,65
2024-10,Al Khalefeyah Library,Uncategorised,Individual,Foreign,378
2024-10,Al Khalefeyah Library,Uncategorised,Individual,GCC,3
2024-10,Al Khamis Mosque & Visitor Centre,Archaeological Sites,Individual,Arab,6
2024-10,Al Khamis Mosque & Visitor Centre,Archaeological Sites,Individual,Bahraini,32
2024-10,Al Khamis Mosque & Visitor Centre,Archaeological Sites,Individual,Foreign,77
2024-10,Arad Fort,Archaeological Sites,Individual,Arab,4
2024-10,Arad Fort,Archaeological Sites,Individual,Bahraini,21
2024-10,Arad Fort,Archaeological Sites,Individual,Foreign,310
2024-10,Arad Fort,Archaeological Sites,Individual,GCC,26
2024-10,Arad Fort,Forts,Individual,Arab,4
2024-10,Arad Fort,Forts,Individual,Bahraini,21
2024-10,Arad Fort,Forts,Individual,Foreign,310
2024-10,Arad Fort,Forts,Individual,GCC,26
2024-10,Archaeologies of Green Pavilion,Uncategorised,Groups,VIP,8
2024-10,Archaeologies of Green Pavilion,Uncategorised,Individual,Arab,18
2024-10,Archaeologies of Green Pavilion,Uncategorised,Individual,Bahraini,20
2024-10,Archaeologies of Green Pavilion,Uncategorised,Individual,Foreign,118
2024-10,Archaeologies of Green Pavilion,Uncategorised,Individual,GCC,16
2024-10,Art Center,Uncategorised,Groups,Organized Group,246
2024-10,Art Center,Uncategorised,Individual,Bahraini,474
2024-10,Art Center,Uncategorised,Individual,Foreign,8
2024-10,Bab Al Bahrain Information Center,Uncategorised,Individual,Arab,13
2024-10,Bab Al Bahrain Information Center,Uncategorised,Individual,Bahraini,15
2024-10,Bab Al Bahrain Information Center,Uncategorised,Individual,Foreign,37
2024-10,Badr Gulum and Turabi House,Pearling Path Sites,Educational,Kinder Garden,33
2024-10,Badr Gulum and Turabi House,Pearling Path Sites,Groups,Tour Agencies,35
2024-10,Badr Gulum and Turabi House,Pearling Path Sites,Groups,VIP,34
2024-10,Badr Gulum and Turabi House,Pearling Path Sites,Individual,Arab,2
2024-10,Badr Gulum and Turabi House,Pearling Path Sites,Individual,Bahraini,78
2024-10,Badr Gulum and Turabi House,Pearling Path Sites,Individual,Foreign,175
2024-10,Badr Gulum and Turabi House,Pearling Path Sites,Individual,GCC,7
2024-10,Bahrain Fort Site,Archaeological Sites,Educational,Government School,32
2024-10,Bahrain Fort Site,Archaeological Sites,Groups,Organized Group,1138
2024-10,Bahrain Fort Site,Archaeological Sites,Groups,Tour Agencies,2715
2024-10,Bahrain Fort Site,Archaeological Sites,Groups,VIP,23
2024-10,Bahrain Fort Site,Archaeological Sites,Individual,Arab,2292
2024-10,Bahrain Fort Site,Archaeological Sites,Individual,Bahraini,18721
2024-10,Bahrain Fort Site,Archaeological Sites,Individual,Foreign,18753
2024-10,Bahrain Fort Site,Archaeological Sites,Individual,GCC,3032
2024-10,Bahrain Fort Site,Forts,Educational,Government School,32
2024-10,Bahrain Fort Site,Forts,Groups,Organized Group,1138
2024-10,Bahrain Fort Site,Forts,Groups,Tour Agencies,2715
2024-10,Bahrain Fort Site,Forts,Groups,VIP,23
2024-10,Bahrain Fort Site,Forts,Individual,Arab,2292
2024-10,Bahrain Fort Site,Forts,Individual,Bahraini,18721
2024-10,Bahrain Fort Site,Forts,Individual,Foreign,18753
2024-10,Bahrain Fort Site,Forts,Individual,GCC,3032
2024-10,Bahrain National Museum,Museums,Educational,College or University,30
2024-10,Bahrain National Museum,Museums,Educational,Government School,1646
2024-10,Bahrain National Museum,Museums,Educational,Institutes,12
2024-10,Bahrain National Museum,Museums,Educational,Private School,78
2024-10,Bahrain National Museum,Museums,Groups,Organized Group,257
2024-10,Bahrain National Museum,Museums,Groups,Tour Agencies,50
2024-10,Bahrain National Museum,Museums,Groups,VIP,41
2024-10,Bahrain National Museum,Museums,Individual,Arab,193
2024-10,Bahrain National Museum,Museums,Individual,Bahraini,958
2024-10,Bahrain National Museum,Museums,Individual,Foreign,4974
2024-10,Bahrain National Museum,Museums,Individual,GCC,1096
2024-10,Bahrain National Theatre,Uncategorised,Individual,Arab,290
2024-10,Bahrain National Theatre,Uncategorised,Individual,Bahraini,1800
2024-10,Bahrain National Theatre,Uncategorised,Individual,Foreign,345
2024-10,Bahrain National Theatre,Uncategorised,Individual,GCC,150
2024-10,Bani Jamra Textile Weaving,Handicraft Sites,Individual,Bahraini,12
2024-10,Bani Jamra Textile Weaving,Handicraft Sites,Individual,Foreign,6
2024-10,Barbar Temples,Archaeological Sites,Educational,Private School,5
2024-10,Barbar Temples,Archaeological Sites,Groups,Organized Group,1
2024-10,Barbar Temples,Archaeological Sites,Individual,Arab,20
2024-10,Barbar Temples,Archaeological Sites,Individual,Bahraini,95
2024-10,Barbar Temples,Archaeological Sites,Individual,Foreign,75
2024-10,Barbar Temples,Archaeological Sites,Individual,GCC,5
2024-10,Bu Maher,Archaeological Sites,Educational,College or University,15
2024-10,Bu Maher,Archaeological Sites,Groups,Organized Group,24
2024-10,Bu Maher,Archaeological Sites,Groups,Tour Agencies,460
2024-10,Bu Maher,Archaeological Sites,Groups,VIP,11
2024-10,Bu Maher,Archaeological Sites,Individual,Arab,19
2024-10,Bu Maher,Archaeological Sites,Individual,Bahraini,272
2024-10,Bu Maher,Archaeological Sites,Individual,Foreign,1363
2024-10,Bu Maher,Archaeological Sites,Individual,GCC,90
2024-10,Bu Maher,Forts,Educational,College or University,15
2024-10,Bu Maher,Forts,Groups,Organized Group,24
2024-10,Bu Maher,Forts,Groups,Tour Agencies,460
2024-10,Bu Maher,Forts,Groups,VIP,11
2024-10,Bu Maher,Forts,Individual,Arab,19
2024-10,Bu Maher,Forts,Individual,Bahraini,272
2024-10,Bu Maher,Forts,Individual,Foreign,1363
2024-10,Bu Maher,Forts,Individual,GCC,90
2024-10,Bu Maher,Pearling Path Sites,Educational,College or University,15
2024-10,Bu Maher,Pearling Path Sites,Groups,Organized Group,24
2024-10,Bu Maher,Pearling Path Sites,Groups,Tour Agencies,460
2024-10,Bu Maher,Pearling Path Sites,Groups,VIP,11
2024-10,Bu Maher,Pearling Path Sites,Individual,Arab,19
2024-10,Bu Maher,Pearling Path Sites,Individual,Bahraini,272
2024-10,Bu Maher,Pearling Path Sites,Individual,Foreign,1363
2024-10,Bu Maher,Pearling Path Sites,Individual,GCC,90
2024-10,Cultural Hall,Uncategorised,Educational,Government School,300
2024-10,Cultural Hall,Uncategorised,Groups,Organized Group,600
2024-10,Cultural Hall,Uncategorised,Groups,VIP,50
2024-10,Cultural Hall,Uncategorised,Individual,Arab,205
2024-10,Cultural Hall,Uncategorised,Individual,Bahraini,1050
2024-10,Cultural Hall,Uncategorised,Individual,Foreign,888
2024-10,Cultural Hall,Uncategorised,Individual,GCC,56
2024-10,Fakhro House,Pearling Path Sites,Groups,Organized Group,61
2024-10,Fakhro House,Pearling Path Sites,Groups,VIP,27
2024-10,Fakhro House,Pearling Path Sites,Individual,Arab,5
2024-10,Fakhro House,Pearling Path Sites,Individual,Bahraini,26
2024-10,Fakhro House,Pearling Path Sites,Individual,Foreign,151
2024-10,Fakhro House,Pearling Path Sites,Individual,GCC,22
2024-10,House of Baskets,Handicraft Sites,Groups,Organized Group,4
2024-10,House of Baskets,Handicraft Sites,Groups,Tour Agencies,8
2024-10,House of Baskets,Handicraft Sites,Groups,VIP,4
2024-10,House of Baskets,Handicraft Sites,Individual,Arab,2
2024-10,House of Baskets,Handicraft Sites,Individual,Bahraini,30
2024-10,House of Baskets,Handicraft Sites,Individual,Foreign,16
2024-10,House of Baskets,Handicraft Sites,Individual,GCC,8
2024-10,Pearling Path Visitor Center,Pearling Path Sites,Groups,Tour Agencies,441
2024-10,Pearling Path Visitor Center,Pearling Path Sites,Groups,VIP,6
2024-10,Pearling Path Visitor Center,Pearling Path Sites,Individual,Arab,27
2024-10,Pearling Path Visitor Center,Pearling Path Sites,Individual,Bahraini,121
2024-10,Pearling Path Visitor Center,Pearling Path Sites,Individual,Foreign,97
2024-10,Pearling Path Visitor Center,Pearling Path Sites,Individual,GCC,347
2024-10,Post Office Museum,Museums,Individual,Arab,7
2024-10,Post Office Museum,Museums,Individual,Bahraini,206
2024-10,Post Office Museum,Museums,Individual,Foreign,808
2024-10,Post Office Museum,Museums,Individual,GCC,207
2024-10,Qalat Al Bahrain Site Museum,Museums,Educational,Government School,82
2024-10,Qalat Al Bahrain Site Museum,Museums,Groups,Organized Group,137
2024-10,Qalat Al Bahrain Site Museum,Museums,Groups,VIP,98
2024-10,Qalat Al Bahrain Site Museum,Museums,Individual,Arab,20
2024-10,Qalat Al Bahrain Site Museum,Museums,Individual,Bahraini,134
2024-10,Qalat Al Bahrain Site Museum,Museums,Individual,Foreign,688
2024-10,Qalat Al Bahrain Site Museum,Museums,Individual,GCC,32
2024-10,Saar Settlement,Archaeological Sites,Individual,Bahraini,13
2024-10,Saar Settlement,Archaeological Sites,Individual,Foreign,46
2024-10,Sheikh Salman Bin Ahmed Al Fateh Fort,Forts,Educational,Government School,2
2024-10,Sheikh Salman Bin Ahmed Al Fateh Fort,Forts,Educational,Private School,4
2024-10,Sheikh Salman Bin Ahmed Al Fateh Fort,Forts,Groups,Organized Group,345
2024-10,Sheikh Salman Bin Ahmed Al Fateh Fort,Forts,Groups,Tour Agencies,45
2024-10,Sheikh Salman Bin Ahmed Al Fateh Fort,Forts,Groups,VIP,5
2024-10,Sheikh Salman Bin Ahmed Al Fateh Fort,Forts,Individual,Arab,17
2024-10,Sheikh Salman Bin Ahmed Al Fateh Fort,Forts,Individual,Bahraini,57
2024-10,Sheikh Salman Bin Ahmed Al Fateh Fort,Forts,Individual,Foreign,201
2024-10,Siyadi Majlis,Pearling Path Sites,Educational,Kinder Garden,2
2024-10,Siyadi Majlis,Pearling Path Sites,Groups,Organized Group,7
2024-10,Siyadi Majlis,Pearling Path Sites,Individual,Arab,26
2024-10,Siyadi Majlis,Pearling Path Sites,Individual,Bahraini,114
2024-10,Siyadi Majlis,Pearling Path Sites,Individual,Foreign,913
2024-10,Siyadi Majlis,Pearling Path Sites,Individual,GCC,23
2024-10,Tree of Life Visitors Centre,Uncategorised,Groups,Tour Agencies,855
2024-10,Tree of Life Visitors Centre,Uncategorised,Individual,Arab,144
2024-10,Tree of Life Visitors Centre,Uncategorised,Individual,Bahraini,323
2024-10,Tree of Life Visitors Centre,Uncategorised,Individual,Foreign,4105
2024-11,Al Alawi House,Pearling Path Sites,Educational,College or University,80
2024-11,Al Alawi House,Pearling Path Sites,Educational,Government School,19
2024-11,Al Alawi House,Pearling Path Sites,Groups,Organized Group,64
2024-11,Al Alawi House,Pearling Path Sites,Groups,Tour Agencies,90
2024-11,Al Alawi House,Pearling Path Sites,Groups,VIP,3
2024-11,Al Alawi House,Pearling Path Sites,Individual,Arab,14
2024-11,Al Alawi House,Pearling Path Sites,Individual,Bahraini,48
2024-11,Al Alawi House,Pearling Path Sites,Individual,Foreign,125
2024-11,Al Ghus House,Pearling Path Sites,Educational,College or University,80
2024-11,Al Ghus House,Pearling Path Sites,Educational,Government School,20
2024-11,Al Ghus House,Pearling Path Sites,Educational,Private School,44
2024-11,Al Ghus House,Pearling Path Sites,Groups,Organized Group,76
2024-11,Al Ghus House,Pearling Path Sites,Groups,Tour Agencies,230
2024-11,Al Ghus House,Pearling Path Sites,Groups,VIP,25
2024-11,Al Ghus House,Pearling Path Sites,Individual,Arab,3
2024-11,Al Ghus House,Pearling Path Sites,Individual,Bahraini,33
2024-11,Al Ghus House,Pearling Path Sites,Individual,Foreign,368
2024-11,Al Ghus House,Pearling Path Sites,Individual,GCC,2
2024-11,Al Jalahma House,Pearling Path Sites,Educational,Kinder Garden,6
2024-11,Al Jalahma House,Pearling Path Sites,Educational,Private School,64
2024-11,Al Jalahma House,Pearling Path Sites,Groups,Organized Group,47
2024-11,Al Jalahma House,Pearling Path Sites,Groups,Tour Agencies,267
2024-11,Al Jalahma House,Pearling Path Sites,Individual,Arab,1
2024-11,Al Jalahma House,Pearling Path Sites,Individual,Bahraini,44
2024-11,Al Jalahma House,Pearling Path Sites,Individual,Foreign,459
2024-11,Al Jalahma House,Pearling Path Sites,Individual,GCC,16
2024-11,Al Jasra Handicrafts Centre,Handicraft Sites,Groups,Tour Agencies,189
2024-11,Al Jasra Handicrafts Centre,Handicraft Sites,Groups,VIP,23
2024-11,Al Jasra Handicrafts Centre,Handicraft Sites,Individual,Arab,7
2024-11,Al Jasra Handicrafts Centre,Handicraft Sites,Individual,Bahraini,176
2024-11,Al Jasra Handicrafts Centre,Handicraft Sites,Individual,Foreign,116
2024-11,Al Jasra Handicrafts Centre,Handicraft Sites,Individual,GCC,16
2024-11,Al Jasra House,Uncategorised,Individual,Arab,29
2024-11,Al Jasra House,Uncategorised,Individual,Bahraini,22
2024-11,Al Jasra House,Uncategorised,Individual,Foreign,138
2024-11,Al Khalefeyah Library,Uncategorised,Individual,Arab,153
2024-11,Al Khalefeyah Library,Uncategorised,Individual,Bahraini,88
2024-11,Al Khalefeyah Library,Uncategorised,Individual,Foreign,373
2024-11,Al Khalefeyah Library,Uncategorised,Individual,GCC,8
2024-11,Al Khamis Mosque & Visitor Centre,Archaeological Sites,Individual,Bahraini,33
2024-11,Al Khamis Mosque & Visitor Centre,Archaeological Sites,Individual,Foreign,66
2024-11,Al Khamis Mosque & Visitor Centre,Archaeological Sites,Individual,GCC,17
2024-11,Arad Fort,Archaeological Sites,Individual,Arab,15
2024-11,Arad Fort,Archaeological Sites,Individual,Bahraini,48
2024-11,Arad Fort,Archaeological Sites,Individual,Foreign,413
2024-11,Arad Fort,Archaeological Sites,Individual,GCC,67
2024-11,Arad Fort,Forts,Individual,Arab,15
2024-11,Arad Fort,Forts,Individual,Bahraini,48
2024-11,Arad Fort,Forts,Individual,Foreign,413
2024-11,Arad Fort,Forts,Individual,GCC,67
2024-11,Archaeologies of Green Pavilion,Uncategorised,Groups,Tour Agencies,2
2024-11,Archaeologies of Green Pavilion,Uncategorised,Individual,Arab,106
2024-11,Archaeologies of Green Pavilion,Uncategorised,Individual,Bahraini,60
2024-11,Archaeologies of Green Pavilion,Uncategorised,Individual,Foreign,234
2024-11,Archaeologies of Green Pavilion,Uncategorised,Individual,GCC,14
2024-11,Art Center,Uncategorised,Educational,Private School,20
2024-11,Art Center,Uncategorised,Groups,Organized Group,110
2024-11,Art Center,Uncategorised,Groups,VIP,559
2024-11,Art Center,Uncategorised,Individual,Bahraini,1020
2024-11,Art Center,Uncategorised,Individual,Foreign,29
2024-11,Art Center,Uncategorised,Individual,GCC,2
2024-11,Bab Al Bahrain Information Center,Uncategorised,Educational,College or University,18
2024-11,Bab Al Bahrain Information Center,Uncategorised,Individual,Arab,53
2024-11,Bab Al Bahrain Information Center,Uncategorised,Individual,Bahraini,14
2024-11,Bab Al Bahrain Information Center,Uncategorised,Individual,Foreign,67
2024-11,Bab Al Bahrain Information Center,Uncategorised,Individual,GCC,6
2024-11,Badr Gulum and Turabi House,Pearling Path Sites,Educational,College or University,44
2024-11,Badr Gulum and Turabi House,Pearling Path Sites,Educational,Government School,20
2024-11,Badr Gulum and Turabi House,Pearling Path Sites,Educational,Kinder Garden,45
2024-11,Badr Gulum and Turabi House,Pearling Path Sites,Groups,Tour Agencies,308
2024-11,Badr Gulum and Turabi House,Pearling Path Sites,Groups,VIP,27
2024-11,Badr Gulum and Turabi House,Pearling Path Sites,Individual,Bahraini,50
2024-11,Badr Gulum and Turabi House,Pearling Path Sites,Individual,Foreign,295
2024-11,Badr Gulum and Turabi House,Pearling Path Sites,Individual,GCC,21
2024-11,Bahrain Fort Site,Archaeological Sites,Educational,College or University,60
2024-11,Bahrain Fort Site,Archaeological Sites,Educational,Government School,90
2024-11,Bahrain Fort Site,Archaeological Sites,Educational,Private School,62
2024-11,Bahrain Fort Site,Archaeological Sites,Groups,Organized Group,1181
2024-11,Bahrain Fort Site,Archaeological Sites,Groups,Tour Agencies,7406
2024-11,Bahrain Fort Site,Archaeological Sites,Groups,VIP,39
2024-11,Bahrain Fort Site,Archaeological Sites,Individual,Arab,3044
2024-11,Bahrain Fort Site,Archaeological Sites,Individual,Bahraini,22943
2024-11,Bahrain Fort Site,Archaeological Sites,Individual,Foreign,25330
2024-11,Bahrain Fort Site,Archaeological Sites,Individual,GCC,4025
2024-11,Bahrain Fort Site,Forts,Educational,College or University,60
2024-11,Bahrain Fort Site,Forts,Educational,Government School,90
2024-11,Bahrain Fort Site,Forts,Educational,Private School,62
2024-11,Bahrain Fort Site,Forts,Groups,Organized Group,1181
2024-11,Bahrain Fort Site,Forts,Groups,Tour Agencies,7406
2024-11,Bahrain Fort Site,Forts,Groups,VIP,39
2024-11,Bahrain Fort Site,Forts,Individual,Arab,3044
2024-11,Bahrain Fort Site,Forts,Individual,Bahraini,22943
2024-11,Bahrain Fort Site,Forts,Individual,Foreign,25330
2024-11,Bahrain Fort Site,Forts,Individual,GCC,4025
2024-11,Bahrain National Museum,Museums,Educational,College or University,244
2024-11,Bahrain National Museum,Museums,Educational,Government School,459
2024-11,Bahrain National Museum,Museums,Educational,Institutes,60
2024-11,Bahrain National Museum,Museums,Educational,Kinder Garden,17
2024-11,Bahrain National Museum,Museums,Educational,Private School,1132
2024-11,Bahrain National Museum,Museums,Groups,Organized Group,843
2024-11,Bahrain National Museum,Museums,Groups,Tour Agencies,34
2024-11,Bahrain National Museum,Museums,Groups,VIP,90
2024-11,Bahrain National Museum,Museums,Individual,Arab,337
2024-11,Bahrain National Museum,Museums,Individual,Bahraini,1050
2024-11,Bahrain National Museum,Museums,Individual,Foreign,7644
2024-11,Bahrain National Museum,Museums,Individual,GCC,1925
2024-11,Bahrain National Theatre,Uncategorised,Educational,Government School,800
2024-11,Bahrain National Theatre,Uncategorised,Educational,Private School,600
2024-11,Bani Jamra Textile Weaving,Handicraft Sites,Educational,Government School,14
2024-11,Bani Jamra Textile Weaving,Handicraft Sites,Groups,Organized Group,8
2024-11,Bani Jamra Textile Weaving,Handicraft Sites,Groups,Tour Agencies,34
2024-11,Bani Jamra Textile Weaving,Handicraft Sites,Individual,Bahraini,63
2024-11,Bani Jamra Textile Weaving,Handicraft Sites,Individual,Foreign,41
2024-11,Bani Jamra Textile Weaving,Handicraft Sites,Individual,GCC,4
2024-11,Barbar Temples,Archaeological Sites,Educational,Private School,1
2024-11,Barbar Temples,Archaeological Sites,Groups,Organized Group,1
2024-11,Barbar Temples,Archaeological Sites,Groups,Tour Agencies,5
2024-11,Barbar Temples,Archaeological Sites,Groups,VIP,2
2024-11,Barbar Temples,Archaeological Sites,Individual,Arab,17
2024-11,Barbar Temples,Archaeological Sites,Individual,Bahraini,50
2024-11,Barbar Temples,Archaeological Sites,Individual,Foreign,52
2024-11,Bu Maher,Archaeological Sites,Educational,College or University,48
2024-11,Bu Maher,Archaeological Sites,Educational,Government School,62
2024-11,Bu Maher,Archaeological Sites,Educational,Private School,95
2024-11,Bu Maher,Archaeological Sites,Groups,Organized Group,51
2024-11,Bu Maher,Archaeological Sites,Groups,Tour Agencies,593
2024-11,Bu Maher,Archaeological Sites,Groups,VIP,36
2024-11,Bu Maher,Archaeological Sites,Individual,Arab,84
2024-11,Bu Maher,Archaeological Sites,Individual,Bahraini,336
2024-11,Bu Maher,Archaeological Sites,Individual,Foreign,1848
2024-11,Bu Maher,Archaeological Sites,Individual,GCC,152
2024-11,Bu Maher,Forts,Educational,College or University,48
2024-11,Bu Maher,Forts,Educational,Government School,62
2024-11,Bu Maher,Forts,Educational,Private School,95
2024-11,Bu Maher,Forts,Groups,Organized Group,51
2024-11,Bu Maher,Forts,Groups,Tour Agencies,593
2024-11,Bu Maher,Forts,Groups,VIP,36
2024-11,Bu Maher,Forts,Individual,Arab,84
2024-11,Bu Maher,Forts,Individual,Bahraini,336
2024-11,Bu Maher,Forts,Individual,Foreign,1848
2024-11,Bu Maher,Forts,Individual,GCC,152
2024-11,Bu Maher,Pearling Path Sites,Educational,College or University,48
2024-11,Bu Maher,Pearling Path Sites,Educational,Government School,62
2024-11,Bu Maher,Pearling Path Sites,Educational,Private School,95
2024-11,Bu Maher,Pearling Path Sites,Groups,Organized Group,51
2024-11,Bu Maher,Pearling Path Sites,Groups,Tour Agencies,593
2024-11,Bu Maher,Pearling Path Sites,Groups,VIP,36
2024-11,Bu Maher,Pearling Path Sites,Individual,Arab,84
2024-11,Bu Maher,Pearling Path Sites,Individual,Bahraini,336
2024-11,Bu Maher,Pearling Path Sites,Individual,Foreign,1848
2024-11,Bu Maher,Pearling Path Sites,Individual,GCC,152
2024-11,Cultural Hall,Uncategorised,Groups,Organized Group,959
2024-11,Cultural Hall,Uncategorised,Individual,Bahraini,3200
2024-11,Cultural Hall,Uncategorised,Individual,Foreign,364
2024-11,Cultural Hall,Uncategorised,Individual,GCC,2
2024-11,Fakhro House,Pearling Path Sites,Educational,College or University,62
2024-11,Fakhro House,Pearling Path Sites,Educational,Government School,36
2024-11,Fakhro House,Pearling Path Sites,Groups,Tour Agencies,182
2024-11,Fakhro House,Pearling Path Sites,Groups,VIP,60
2024-11,Fakhro House,Pearling Path Sites,Individual,Arab,96
2024-11,Fakhro House,Pearling Path Sites,Individual,Bahraini,34
2024-11,Fakhro House,Pearling Path Sites,Individual,Foreign,333
2024-11,Fakhro House,Pearling Path Sites,Individual,GCC,6
2024-11,House of Baskets,Handicraft Sites,Groups,Organized Group,94
2024-11,House of Baskets,Handicraft Sites,Groups,Tour Agencies,52
2024-11,House of Baskets,Handicraft Sites,Groups,VIP,23
2024-11,House of Baskets,Handicraft Sites,Individual,Arab,3
2024-11,House of Baskets,Handicraft Sites,Individual,Bahraini,132
2024-11,House of Baskets,Handicraft Sites,Individual,Foreign,46
2024-11,House of Baskets,Handicraft Sites,Individual,GCC,51
2024-11,Pearling Path Visitor Center,Pearling Path Sites,Educational,Private School,50
2024-11,Pearling Path Visitor Center,Pearling Path Sites,Groups,Tour Agencies,297
2024-11,Pearling Path Visitor Center,Pearling Path Sites,Groups,VIP,44
2024-11,Pearling Path Visitor Center,Pearling Path Sites,Individual,Arab,70
2024-11,Pearling Path Visitor Center,Pearling Path Sites,Individual,Bahraini,141
2024-11,Pearling Path Visitor Center,Pearling Path Sites,Individual,Foreign,51
2024-11,Pearling Path Visitor Center,Pearling Path Sites,Individual,GCC,362
2024-11,Post Office Museum,Museums,Groups,Organized Group,123
2024-11,Post Office Museum,Museums,Individual,Arab,2
2024-11,Post Office Museum,Museums,Individual,Bahraini,162
2024-11,Post Office Museum,Museums,Individual,Foreign,419
2024-11,Post Office Museum,Museums,Individual,GCC,304
2024-11,Qalat Al Bahrain Site Museum,Museums,Educational,Government School,33
2024-11,Qalat Al Bahrain Site Museum,Museums,Educational,Private School,502
2024-11,Qalat Al Bahrain Site Museum,Museums,Groups,Organized Group,153
2024-11,Qalat Al Bahrain Site Museum,Museums,Groups,Tour Agencies,2
2024-11,Qalat Al Bahrain Site Museum,Museums,Groups,VIP,58
2024-11,Qalat Al Bahrain Site Museum,Museums,Individual,Arab,58
2024-11,Qalat Al Bahrain Site Museum,Museums,Individual,Bahraini,180
2024-11,Qalat Al Bahrain Site Museum,Museums,Individual,Foreign,887
2024-11,Qalat Al Bahrain Site Museum,Museums,Individual,GCC,158
2024-11,Saar Settlement,Archaeological Sites,Individual,Arab,10
2024-11,Saar Settlement,Archaeological Sites,Individual,Bahraini,13
2024-11,Saar Settlement,Archaeological Sites,Individual,Foreign,24
2024-11,Sheikh Salman Bin Ahmed Al Fateh Fort,Forts,Educational,College or University,36
2024-11,Sheikh Salman Bin Ahmed Al Fateh Fort,Forts,Educational,Government School,45
2024-11,Sheikh Salman Bin Ahmed Al Fateh Fort,Forts,Educational,Private School,208
2024-11,Sheikh Salman Bin Ahmed Al Fateh Fort,Forts,Groups,Organized Group,109
2024-11,Sheikh Salman Bin Ahmed Al Fateh Fort,Forts,Groups,Tour Agencies,135
2024-11,Sheikh Salman Bin Ahmed Al Fateh Fort,Forts,Individual,Arab,202
2024-11,Sheikh Salman Bin Ahmed Al Fateh Fort,Forts,Individual,Bahraini,381
2024-11,Sheikh Salman Bin Ahmed Al Fateh Fort,Forts,Individual,Foreign,699
2024-11,Sheikh Salman Bin Ahmed Al Fateh Fort,Forts,Individual,GCC,216
2024-11,Siyadi Majlis,Pearling Path Sites,Educational,College or University,76
2024-11,Siyadi Majlis,Pearling Path Sites,Educational,Government School,19
2024-11,Siyadi Majlis,Pearling Path Sites,Educational,Private School,19
2024-11,Siyadi Majlis,Pearling Path Sites,Groups,VIP,2
2024-11,Siyadi Majlis,Pearling Path Sites,Individual,Arab,53
2024-11,Siyadi Majlis,Pearling Path Sites,Individual,Bahraini,323
2024-11,Siyadi Majlis,Pearling Path Sites,Individual,Foreign,1707
2024-11,Siyadi Majlis,Pearling Path Sites,Individual,GCC,134
2024-11,Tree of Life Visitors Centre,Uncategorised,Educational,Private School,38
2024-11,Tree of Life Visitors Centre,Uncategorised,Groups,Tour Agencies,2104
2024-11,Tree of Life Visitors Centre,Uncategorised,Groups,VIP,43
2024-11,Tree of Life Visitors Centre,Uncategorised,Individual,Arab,174
2024-11,Tree of Life Visitors Centre,Uncategorised,Individual,Bahraini,872
2024-11,Tree of Life Visitors Centre,Uncategorised,Individual,Foreign,3461
2024-12,Al Alawi House,Pearling Path Sites,Educational,College or University,13
2024-12,Al Alawi House,Pearling Path Sites,Individual,Arab,301
2024-12,Al Alawi House,Pearling Path Sites,Individual,Bahraini,6785
2024-12,Al Alawi House,Pearling Path Sites,Individual,Foreign,67
2024-12,Al Alawi House,Pearling Path Sites,Individual,GCC,1144
2024-12,Al Ghus House,Pearling Path Sites,Groups,Tour Agencies,46
2024-12,Al Ghus House,Pearling Path Sites,Individual,Arab,3456
2024-12,Al Ghus House,Pearling Path Sites,Individual,Bahraini,22158
2024-12,Al Ghus House,Pearling Path Sites,Individual,Foreign,643
2024-12,Al Ghus House,Pearling Path Sites,Individual,GCC,6218
2024-12,Al Jalahma House,Pearling Path Sites,Individual,Arab,6247
2024-12,Al Jalahma House,Pearling Path Sites,Individual,Bahraini,53000
2024-12,Al Jalahma House,Pearling Path Sites,Individual,Foreign,1274
2024-12,Al Jalahma House,Pearling Path Sites,Individual,GCC,6327
2024-12,Al Jasra Handicrafts Centre,Handicraft Sites,Educational,College or University,26
2024-12,Al Jasra Handicrafts Centre,Handicraft Sites,Educational,Kinder Garden,21
2024-12,Al Jasra Handicrafts Centre,Handicraft Sites,Educational,Private School,209
2024-12,Al Jasra Handicrafts Centre,Handicraft Sites,Groups,Tour Agencies,1136
2024-12,Al Jasra Handicrafts Centre,Handicraft Sites,Groups,VIP,9
2024-12,Al Jasra Handicrafts Centre,Handicraft Sites,Individual,Arab,8
2024-12,Al Jasra Handicrafts Centre,Handicraft Sites,Individual,Bahraini,124
2024-12,Al Jasra Handicrafts Centre,Handicraft Sites,Individual,Foreign,190
2024-12,Al Jasra Handicrafts Centre,Handicraft Sites,Individual,GCC,2
2024-12,Al Jasra House,Uncategorised,Educational,Kinder Garden,54
2024-12,Al Jasra House,Uncategorised,Groups,Organized Group,81
2024-12,Al Jasra House,Uncategorised,Groups,Tour Agencies,125
2024-12,Al Jasra House,Uncategorised,Individual,Arab,6
2024-12,Al Jasra House,Uncategorised,Individual,Bahraini,59
2024-12,Al Jasra House,Uncategorised,Individual,Foreign,377
2024-12,Al Khalefeyah Library,Uncategorised,Individual,Arab,330
2024-12,Al Khalefeyah Library,Uncategorised,Individual,Bahraini,217
2024-12,Al Khalefeyah Library,Uncategorised,Individual,Foreign,279
2024-12,Al Khalefeyah Library,Uncategorised,Individual,GCC,39
2024-12,Al Khamis Mosque & Visitor Centre,Archaeological Sites,Individual,Arab,9
2024-12,Al Khamis Mosque & Visitor Centre,Archaeological Sites,Individual,Bahraini,107
2024-12,Al Khamis Mosque & Visitor Centre,Archaeological Sites,Individual,Foreign,118
2024-12,Al Khamis Mosque & Visitor Centre,Archaeological Sites,Individual,GCC,13
2024-12,Arad Fort,Archaeological Sites,Educational,Kinder Garden,82
2024-12,Arad Fort,Archaeological Sites,Individual,Arab,25
2024-12,Arad Fort,Archaeological Sites,Individual,Bahraini,135
2024-12,Arad Fort,Archaeological Sites,Individual,Foreign,736
2024-12,Arad Fort,Archaeological Sites,Individual,GCC,51
2024-12,Arad Fort,Forts,Educational,Kinder Garden,82
2024-12,Arad Fort,Forts,Individual,Arab,25
2024-12,Arad Fort,Forts,Individual,Bahraini,135
2024-12,Arad Fort,Forts,Individual,Foreign,736
2024-12,Arad Fort,Forts,Individual,GCC,51
2024-12,Archaeologies of Green Pavilion,Uncategorised,Individual,Arab,193
2024-12,Archaeologies of Green Pavilion,Uncategorised,Individual,Bahraini,15
2024-12,Archaeologies of Green Pavilion,Uncategorised,Individual,Foreign,121
2024-12,Archaeologies of Green Pavilion,Uncategorised,Individual,GCC,7
2024-12,Art Center,Uncategorised,Groups,Organized Group,50
2024-12,Art Center,Uncategorised,Individual,Arab,2
2024-12,Art Center,Uncategorised,Individual,Bahraini,711
2024-12,Art Center,Uncategorised,Individual,Foreign,4
2024-12,Bab Al Bahrain Information Center,Uncategorised,Individual,Arab,2
2024-12,Bab Al Bahrain Information Center,Uncategorised,Individual,Bahraini,4
2024-12,Bab Al Bahrain Information Center,Uncategorised,Individual,Foreign,27
2024-12,Bab Al Bahrain Information Center,Uncategorised,Individual,GCC,9
2024-12,Badr Gulum and Turabi House,Pearling Path Sites,Individual,Arab,3371
2024-12,Badr Gulum and Turabi House,Pearling Path Sites,Individual,Bahraini,38415
2024-12,Badr Gulum and Turabi House,Pearling Path Sites,Individual,Foreign,637
2024-12,Badr Gulum and Turabi House,Pearling Path Sites,Individual,GCC,7405
2024-12,Bahrain Fort Site,Archaeological Sites,Educational,Government School,18
2024-12,Bahrain Fort Site,Archaeological Sites,Educational,Kinder Garden,115
2024-12,Bahrain Fort Site,Archaeological Sites,Educational,Private School,441
2024-12,Bahrain Fort Site,Archaeological Sites,Groups,Organized Group,5320
2024-12,Bahrain Fort Site,Archaeological Sites,Groups,Tour Agencies,17140
2024-12,Bahrain Fort Site,Archaeological Sites,Groups,VIP,103
2024-12,Bahrain Fort Site,Archaeological Sites,Individual,Arab,4992
2024-12,Bahrain Fort Site,Archaeological Sites,Individual,Bahraini,34987
2024-12,Bahrain Fort Site,Archaeological Sites,Individual,Foreign,54619
2024-12,Bahrain Fort Site,Archaeological Sites,Individual,GCC,7048
2024-12,Bahrain Fort Site,Forts,Educational,Government School,18
2024-12,Bahrain Fort Site,Forts,Educational,Kinder Garden,115
2024-12,Bahrain Fort Site,Forts,Educational,Private School,441
2024-12,Bahrain Fort Site,Forts,Groups,Organized Group,5320
2024-12,Bahrain Fort Site,Forts,Groups,Tour Agencies,17140
2024-12,Bahrain Fort Site,Forts,Groups,VIP,103
2024-12,Bahrain Fort Site,Forts,Individual,Arab,4992
2024-12,Bahrain Fort Site,Forts,Individual,Bahraini,34987
2024-12,Bahrain Fort Site,Forts,Individual,Foreign,54619
2024-12,Bahrain Fort Site,Forts,Individual,GCC,7048
2024-12,Bahrain National Museum,Museums,Educational,Government School,353
2024-12,Bahrain National Museum,Museums,Educational,Kinder Garden,183
2024-12,Bahrain National Museum,Museums,Educational,Private School,820
2024-12,Bahrain National Museum,Museums,Groups,Organized Group,274
2024-12,Bahrain National Museum,Museums,Groups,VIP,54
2024-12,Bahrain National Museum,Museums,Individual,Arab,457
2024-12,Bahrain National Museum,Museums,Individual,Bahraini,1304
2024-12,Bahrain National Museum,Museums,Individual,Foreign,12210
2024-12,Bahrain National Museum,Museums,Individual,GCC,1741
2024-12,Bahrain National Theatre,Uncategorised,Individual,Arab,200
2024-12,Bahrain National Theatre,Uncategorised,Individual,Bahraini,600
2024-12,Bahrain National Theatre,Uncategorised,Individual,Foreign,64
2024-12,Bahrain National Theatre,Uncategorised,Individual,GCC,100
2024-12,Bani Jamra Textile Weaving,Handicraft Sites,Educational,Kinder Garden,10
2024-12,Bani Jamra Textile Weaving,Handicraft Sites,Groups,Organized Group,42
2024-12,Bani Jamra Textile Weaving,Handicraft Sites,Groups,VIP,10
2024-12,Bani Jamra Textile Weaving,Handicraft Sites,Individual,Bahraini,108
2024-12,Bani Jamra Textile Weaving,Handicraft Sites,Individual,Foreign,50
2024-12,Bani Jamra Textile Weaving,Handicraft Sites,Individual,GCC,13
2024-12,Barbar Temples,Archaeological Sites,Groups,Organized Group,2
2024-12,Barbar Temples,Archaeological Sites,Groups,Tour Agencies,11
2024-12,Barbar Temples,Archaeological Sites,Groups,VIP,1
2024-12,Barbar Temples,Archaeological Sites,Individual,Arab,5
2024-12,Barbar Temples,Archaeological Sites,Individual,Bahraini,43
2024-12,Barbar Temples,Archaeological Sites,Individual,Foreign,91
2024-12,Bu Maher,Archaeological Sites,Individual,Arab,1341
2024-12,Bu Maher,Archaeological Sites,Individual,Bahraini,79169
2024-12,Bu Maher,Archaeological Sites,Individual,Foreign,1485
2024-12,Bu Maher,Archaeological Sites,Individual,GCC,11853
2024-12,Bu Maher,Forts,Individual,Arab,1341
2024-12,Bu Maher,Forts,Individual,Bahraini,79169
2024-12,Bu Maher,Forts,Individual,Foreign,1485
2024-12,Bu Maher,Forts,Individual,GCC,11853
2024-12,Bu Maher,Pearling Path Sites,Individual,Arab,1341
2024-12,Bu Maher,Pearling Path Sites,Individual,Bahraini,79169
2024-12,Bu Maher,Pearling Path Sites,Individual,Foreign,1485
2024-12,Bu Maher,Pearling Path Sites,Individual,GCC,11853
2024-12,Cultural Hall,Uncategorised,Educational,Private School,723
2024-12,Cultural Hall,Uncategorised,Individual,Bahraini,1879
2024-12,Cultural Hall,Uncategorised,Individual,Foreign,3050
2024-12,Fakhro House,Pearling Path Sites,Groups,VIP,15
2024-12,Fakhro House,Pearling Path Sites,Individual,Arab,1334
2024-12,Fakhro House,Pearling Path Sites,Individual,Bahraini,52267
2024-12,Fakhro House,Pearling Path Sites,Individual,Foreign,3231
2024-12,Fakhro House,Pearling Path Sites,Individual,GCC,4200
2024-12,House of Baskets,Handicraft Sites,Groups,Organized Group,157
2024-12,House of Baskets,Handicraft Sites,Groups,VIP,13
2024-12,House of Baskets,Handicraft Sites,Individual,Arab,14
2024-12,House of Baskets,Handicraft Sites,Individual,Bahraini,119
2024-12,House of Baskets,Handicraft Sites,Individual,Foreign,74
2024-12,House of Baskets,Handicraft Sites,Individual,GCC,52
2024-12,Pearling Path Visitor Center,Pearling Path Sites,Individual,Arab,10116
2024-12,Pearling Path Visitor Center,Pearling Path Sites,Individual,Bahraini,207961
2024-12,Pearling Path Visitor Center,Pearling Path Sites,Individual,Foreign,9918
2024-12,Pearling Path Visitor Center,Pearling Path Sites,Individual,GCC,35071
2024-12,Post Office Museum,Museums,Individual,Arab,14
2024-12,Post Office Museum,Museums,Individual,Bahraini,57
2024-12,Post Office Museum,Museums,Individual,Foreign,186
2024-12,Post Office Museum,Museums,Individual,GCC,87
2024-12,Qalat Al Bahrain Site Museum,Museums,Educational,College or University,25
2024-12,Qalat Al Bahrain Site Museum,Museums,Educational,Government School,259
2024-12,Qalat Al Bahrain Site Museum,Museums,Educational,Kinder Garden,33
2024-12,Qalat Al Bahrain Site Museum,Museums,Educational,Private School,334
2024-12,Qalat Al Bahrain Site Museum,Museums,Groups,Organized Group,116
2024-12,Qalat Al Bahrain Site Museum,Museums,Groups,VIP,25
2024-12,Qalat Al Bahrain Site Museum,Museums,Individual,Arab,10
2024-12,Qalat Al Bahrain Site Museum,Museums,Individual,Bahraini,176
2024-12,Qalat Al Bahrain Site Museum,Museums,Individual,Foreign,1013
2024-12,Qalat Al Bahrain Site Museum,Museums,Individual,GCC,139
2024-12,Saar Settlement,Archaeological Sites,Individual,Arab,22
2024-12,Saar Settlement,Archaeological Sites,Individual,GCC,18
2024-12,Sheikh Salman Bin Ahmed Al Fateh Fort,Forts,Educational,College or University,13
2024-12,Sheikh Salman Bin Ahmed Al Fateh Fort,Forts,Educational,Kinder Garden,21
2024-12,Sheikh Salman Bin Ahmed Al Fateh Fort,Forts,Groups,Tour Agencies,71
2024-12,Sheikh Salman Bin Ahmed Al Fateh Fort,Forts,Individual,Arab,318
2024-12,Sheikh Salman Bin Ahmed Al Fateh Fort,Forts,Individual,Bahraini,470
2024-12,Sheikh Salman Bin Ahmed Al Fateh Fort,Forts,Individual,Foreign,1010
2024-12,Sheikh Salman Bin Ahmed Al Fateh Fort,Forts,Individual,GCC,9
2024-12,Siyadi Majlis,Pearling Path Sites,Individual,Arab,74
2024-12,Siyadi Majlis,Pearling Path Sites,Individual,Bahraini,38466
2024-12,Siyadi Majlis,Pearling Path Sites,Individual,Foreign,4545
2024-12,Siyadi Majlis,Pearling Path Sites,Individual,GCC,722
2024-12,Tree of Life Visitors Centre,Uncategorised,Groups,Tour Agencies,2403
2024-12,Tree of Life Visitors Centre,Uncategorised,Groups,VIP,18
2024-12,Tree of Life Visitors Centre,Uncategorised,Individual,Arab,254
2024-12,Tree of Life Visitors Centre,Uncategorised,Individual,Bahraini,3736
2024-12,Tree of Life Visitors Centre,Uncategorised,Individual,Foreign,7357
2025-01,Al Alawi House,Pearling Path Sites,Educational,College or University,19
2025-01,Al Alawi House,Pearling Path Sites,Groups,Tour Agencies,44
2025-01,Al Alawi House,Pearling Path Sites,Groups,VIP,4
2025-01,Al Alawi House,Pearling Path Sites,Individual,Arab,29
2025-01,Al Alawi House,Pearling Path Sites,Individual,Bahraini,8
2025-01,Al Alawi House,Pearling Path Sites,Individual,Foreign,193
2025-01,Al Alawi House,Pearling Path Sites,Individual,GCC,9
2025-01,Al Ghus House,Pearling Path Sites,Groups,Organized Group,17
2025-01,Al Ghus House,Pearling Path Sites,Groups,VIP,40
2025-01,Al Ghus House,Pearling Path Sites,Individual,Arab,83
2025-01,Al Ghus House,Pearling Path Sites,Individual,Bahraini,14
2025-01,Al Ghus House,Pearling Path Sites,Individual,Foreign,478
2025-01,Al Jalahma House,Pearling Path Sites,Educational,Kinder Garden,9
2025-01,Al Jalahma House,Pearling Path Sites,Groups,Tour Agencies,168
2025-01,Al Jalahma House,Pearling Path Sites,Groups,VIP,41
2025-01,Al Jalahma House,Pearling Path Sites,Individual,Arab,7
2025-01,Al Jalahma House,Pearling Path Sites,Individual,Bahraini,26
2025-01,Al Jalahma House,Pearling Path Sites,Individual,Foreign,617
2025-01,Al Jalahma House,Pearling Path Sites,Individual,GCC,10
2025-01,Al Jasra Handicrafts Centre,Handicraft Sites,Educational,Private School,9
2025-01,Al Jasra Handicrafts Centre,Handicraft Sites,Groups,Tour Agencies,548
2025-01,Al Jasra Handicrafts Centre,Handicraft Sites,Groups,VIP,74
2025-01,Al Jasra Handicrafts Centre,Handicraft Sites,Individual,Arab,8
2025-01,Al Jasra Handicrafts Centre,Handicraft Sites,Individual,Bahraini,178
2025-01,Al Jasra Handicrafts Centre,Handicraft Sites,Individual,Foreign,232
2025-01,Al Jasra Handicrafts Centre,Handicraft Sites,Individual,GCC,7
2025-01,Al Jasra House,Uncategorised,Groups,Organized Group,8
2025-01,Al Jasra House,Uncategorised,Groups,Tour Agencies,38
2025-01,Al Jasra House,Uncategorised,Groups,VIP,6
2025-01,Al Jasra House,Uncategorised,Individual,Arab,15
2025-01,Al Jasra House,Uncategorised,Individual,Bahraini,149
2025-01,Al Jasra House,Uncategorised,Individual,Foreign,133
2025-01,Al Khalefeyah Library,Uncategorised,Individual,Arab,148
2025-01,Al Khalefeyah Library,Uncategorised,Individual,Bahraini,88
2025-01,Al Khalefeyah Library,Uncategorised,Individual,Foreign,212
2025-01,Al Khalefeyah Library,Uncategorised,Individual,GCC,33
2025-01,Al Khamis Mosque & Visitor Centre,Archaeological Sites,Individual,Arab,4
2025-01,Al Khamis Mosque & Visitor Centre,Archaeological Sites,Individual,Bahraini,45
2025-01,Al Khamis Mosque & Visitor Centre,Archaeological Sites,Individual,Foreign,74
2025-01,Al Khamis Mosque & Visitor Centre,Archaeological Sites,Individual,GCC,2
2025-01,Arad Fort,Archaeological Sites,Individual,Arab,21
2025-01,Arad Fort,Archaeological Sites,Individual,Bahraini,217
2025-01,Arad Fort,Archaeological Sites,Individual,Foreign,556
2025-01,Arad Fort,Archaeological Sites,Individual,GCC,77
2025-01,Arad Fort,Forts,Individual,Arab,21
2025-01,Arad Fort,Forts,Individual,Bahraini,217
2025-01,Arad Fort,Forts,Individual,Foreign,556
2025-01,Arad Fort,Forts,Individual,GCC,77
2025-01,Archaeologies of Green Pavilion,Uncategorised,Groups,Tour Agencies,1
2025-01,Archaeologies of Green Pavilion,Uncategorised,Individual,Arab,104
2025-01,Archaeologies of Green Pavilion,Uncategorised,Individual,Bahraini,1
2025-01,Archaeologies of Green Pavilion,Uncategorised,Individual,Foreign,231
2025-01,Art Center,Uncategorised,Individual,Bahraini,567
2025-01,Art Center,Uncategorised,Individual,Foreign,12
2025-01,Bab Al Bahrain Information Center,Uncategorised,Individual,Arab,7
2025-01,Bab Al Bahrain Information Center,Uncategorised,Individual,Bahraini,29
2025-01,Bab Al Bahrain Information Center,Uncategorised,Individual,Foreign,59
2025-01,Badr Gulum and Turabi House,Pearling Path Sites,Educational,Kinder Garden,53
2025-01,Badr Gulum and Turabi House,Pearling Path Sites,Groups,Tour Agencies,189
2025-01,Badr Gulum and Turabi House,Pearling Path Sites,Groups,VIP,69
2025-01,Badr Gulum and Turabi House,Pearling Path Sites,Individual,Bahraini,132
2025-01,Badr Gulum and Turabi House,Pearling Path Sites,Individual,Foreign,457
2025-01,Badr Gulum and Turabi House,Pearling Path Sites,Individual,GCC,14
2025-01,Bahrain Fort Site,Archaeological Sites,Educational,Private School,304
2025-01,Bahrain Fort Site,Archaeological Sites,Groups,Organized Group,3432
2025-01,Bahrain Fort Site,Archaeological Sites,Groups,Tour Agencies,17193
2025-01,Bahrain Fort Site,Archaeological Sites,Groups,VIP,93
2025-01,Bahrain Fort Site,Archaeological Sites,Individual,Arab,3190
2025-01,Bahrain Fort Site,Archaeological Sites,Individual,Bahraini,25777
2025-01,Bahrain Fort Site,Archaeological Sites,Individual,Foreign,40534
2025-01,Bahrain Fort Site,Archaeological Sites,Individual,GCC,5907
2025-01,Bahrain Fort Site,Forts,Educational,Private School,304
2025-01,Bahrain Fort Site,Forts,Groups,Organized Group,3432
2025-01,Bahrain Fort Site,Forts,Groups,Tour Agencies,17193
2025-01,Bahrain Fort Site,Forts,Groups,VIP,93
2025-01,Bahrain Fort Site,Forts,Individual,Arab,3190
2025-01,Bahrain Fort Site,Forts,Individual,Bahraini,25777
2025-01,Bahrain Fort Site,Forts,Individual,Foreign,40534
2025-01,Bahrain Fort Site,Forts,Individual,GCC,5907
2025-01,Bahrain National Museum,Museums,Educational,College or University,20
2025-01,Bahrain National Museum,Museums,Educational,Government School,263
2025-01,Bahrain National Museum,Museums,Educational,Private School,294
2025-01,Bahrain National Museum,Museums,Groups,Organized Group,52
2025-01,Bahrain National Museum,Museums,Groups,Tour Agencies,192
2025-01,Bahrain National Museum,Museums,Groups,VIP,89
2025-01,Bahrain National Museum,Museums,Individual,Arab,213
2025-01,Bahrain National Museum,Museums,Individual,Bahraini,889
2025-01,Bahrain National Museum,Museums,Individual,Foreign,9094
2025-01,Bahrain National Museum,Museums,Individual,GCC,1959
2025-01,Bahrain National Theatre,Uncategorised,Individual,Arab,150
2025-01,Bahrain National Theatre,Uncategorised,Individual,Bahraini,790
2025-01,Bahrain National Theatre,Uncategorised,Individual,Foreign,800
2025-01,Bahrain National Theatre,Uncategorised,Individual,GCC,100
2025-01,Bani Jamra Textile Weaving,Handicraft Sites,Individual,Bahraini,92
2025-01,Bani Jamra Textile Weaving,Handicraft Sites,Individual,Foreign,33
2025-01,Bani Jamra Textile Weaving,Handicraft Sites,Individual,GCC,5
2025-01,Barbar Temples,Archaeological Sites,Groups,Tour Agencies,1
2025-01,Barbar Temples,Archaeological Sites,Individual,Arab,4
2025-01,Barbar Temples,Archaeological Sites,Individual,Bahraini,47
2025-01,Barbar Temples,Archaeological Sites,Individual,Foreign,64
2025-01,Bu Maher,Archaeological Sites,Educational,Private School,205
2025-01,Bu Maher,Archaeological Sites,Groups,Organized Group,86
2025-01,Bu Maher,Archaeological Sites,Groups,Tour Agencies,403
2025-01,Bu Maher,Archaeological Sites,Groups,VIP,104
2025-01,Bu Maher,Archaeological Sites,Individual,Arab,47
2025-01,Bu Maher,Archaeological Sites,Individual,Bahraini,303
2025-01,Bu Maher,Archaeological Sites,Individual,Foreign,1864
2025-01,Bu Maher,Archaeological Sites,Individual,GCC,437
2025-01,Bu Maher,Forts,Educational,Private School,205
2025-01,Bu Maher,Forts,Groups,Organized Group,86
2025-01,Bu Maher,Forts,Groups,Tour Agencies,403
2025-01,Bu Maher,Forts,Groups,VIP,104
2025-01,Bu Maher,Forts,Individual,Arab,47
2025-01,Bu Maher,Forts,Individual,Bahraini,303
2025-01,Bu Maher,Forts,Individual,Foreign,1864
2025-01,Bu Maher,Forts,Individual,GCC,437
2025-01,Bu Maher,Pearling Path Sites,Educational,Private School,205
2025-01,Bu Maher,Pearling Path Sites,Groups,Organized Group,86
2025-01,Bu Maher,Pearling Path Sites,Groups,Tour Agencies,403
2025-01,Bu Maher,Pearling Path Sites,Groups,VIP,104
2025-01,Bu Maher,Pearling Path Sites,Individual,Arab,47
2025-01,Bu Maher,Pearling Path Sites,Individual,Bahraini,303
2025-01,Bu Maher,Pearling Path Sites,Individual,Foreign,1864
2025-01,Bu Maher,Pearling Path Sites,Individual,GCC,437
2025-01,Cultural Hall,Uncategorised,Individual,Arab,334
2025-01,Cultural Hall,Uncategorised,Individual,Bahraini,2177
2025-01,Cultural Hall,Uncategorised,Individual,Foreign,1726
2025-01,Cultural Hall,Uncategorised,Individual,GCC,200
2025-01,Fakhro House,Pearling Path Sites,Educational,Private School,10
2025-01,Fakhro House,Pearling Path Sites,Groups,Organized Group,33
2025-01,Fakhro House,Pearling Path Sites,Groups,Tour Agencies,20
2025-01,Fakhro House,Pearling Path Sites,Groups,VIP,75
2025-01,Fakhro House,Pearling Path Sites,Individual,Arab,90
2025-01,Fakhro House,Pearling Path Sites,Individual,Bahraini,136
2025-01,Fakhro House,Pearling Path Sites,Individual,Foreign,337
2025-01,Fakhro House,Pearling Path Sites,Individual,GCC,69
2025-01,House of Baskets,Handicraft Sites,Groups,Organized Group,43
2025-01,House of Baskets,Handicraft Sites,Individual,Arab,1
2025-01,House of Baskets,Handicraft Sites,Individual,Bahraini,97
2025-01,House of Baskets,Handicraft Sites,Individual,Foreign,38
2025-01,House of Baskets,Handicraft Sites,Individual,GCC,22
2025-01,Pearling Path Visitor Center,Pearling Path Sites,Educational,College or University,4
2025-01,Pearling Path Visitor Center,Pearling Path Sites,Educational,Private School,28
2025-01,Pearling Path Visitor Center,Pearling Path Sites,Groups,Tour Agencies,303
2025-01,Pearling Path Visitor Center,Pearling Path Sites,Groups,VIP,70
2025-01,Pearling Path Visitor Center,Pearling Path Sites,Individual,Arab,471
2025-01,Pearling Path Visitor Center,Pearling Path Sites,Individual,Bahraini,5384
2025-01,Pearling Path Visitor Center,Pearling Path Sites,Individual,Foreign,946
2025-01,Pearling Path Visitor Center,Pearling Path Sites,Individual,GCC,1561
2025-01,Qalat Al Bahrain Site Museum,Museums,Educational,Private School,231
2025-01,Qalat Al Bahrain Site Museum,Museums,Groups,Organized Group,52
2025-01,Qalat Al Bahrain Site Museum,Museums,Groups,Tour Agencies,85
2025-01,Qalat Al Bahrain Site Museum,Museums,Groups,VIP,14
2025-01,Qalat Al Bahrain Site Museum,Museums,Individual,Arab,28
2025-01,Qalat Al Bahrain Site Museum,Museums,Individual,Bahraini,189
2025-01,Qalat Al Bahrain Site Museum,Museums,Individual,Foreign,919
2025-01,Qalat Al Bahrain Site Museum,Museums,Individual,GCC,226
2025-01,Saar Settlement,Archaeological Sites,Groups,Tour Agencies,30
2025-01,Saar Settlement,Archaeological Sites,Individual,Arab,8
2025-01,Saar Settlement,Archaeological Sites,Individual,Bahraini,63
2025-01,Saar Settlement,Archaeological Sites,Individual,Foreign,55
2025-01,Saar Settlement,Archaeological Sites,Individual,GCC,42
2025-01,Sheikh Salman Bin Ahmed Al Fateh Fort,Forts,Groups,Organized Group,30
2025-01,Sheikh Salman Bin Ahmed Al Fateh Fort,Forts,Groups,Tour Agencies,156
2025-01,Sheikh Salman Bin Ahmed Al Fateh Fort,Forts,Individual,Arab,351
2025-01,Sheikh Salman Bin Ahmed Al Fateh Fort,Forts,Individual,Bahraini,204
2025-01,Sheikh Salman Bin Ahmed Al Fateh Fort,Forts,Individual,Foreign,768
2025-01,Sheikh Salman Bin Ahmed Al Fateh Fort,Forts,Individual,GCC,4
2025-01,Siyadi Majlis,Pearling Path Sites,Educational,Private School,15
2025-01,Siyadi Majlis,Pearling Path Sites,Groups,Organized Group,100
2025-01,Siyadi Majlis,Pearling Path Sites,Individual,Arab,37
2025-01,Siyadi Majlis,Pearling Path Sites,Individual,Bahraini,336
2025-01,Siyadi Majlis,Pearling Path Sites,Individual,Foreign,1999
2025-01,Siyadi Majlis,Pearling Path Sites,Individual,GCC,178
2025-01,Tree of Life Visitors Centre,Uncategorised,Educational,Private School,382
2025-01,Tree of Life Visitors Centre,Uncategorised,Groups,Tour Agencies,3272
2025-01,Tree of Life Visitors Centre,Uncategorised,Groups,VIP,56
2025-01,Tree of Life Visitors Centre,Uncategorised,Individual,Arab,383
2025-01,Tree of Life Visitors Centre,Uncategorised,Individual,Bahraini,8005
2025-01,Tree of Life Visitors Centre,Uncategorised,Individual,Foreign,9257
2025-02,Al Alawi House,Pearling Path Sites,Educational,College or University,22
2025-02,Al Alawi House,Pearling Path Sites,Groups,Organized Group,10
2025-02,Al Alawi House,Pearling Path Sites,Groups,Tour Agencies,53
2025-02,Al Alawi House,Pearling Path Sites,Groups,VIP,60
2025-02,Al Alawi House,Pearling Path Sites,Individual,Arab,36
2025-02,Al Alawi House,Pearling Path Sites,Individual,Bahraini,49
2025-02,Al Alawi House,Pearling Path Sites,Individual,Foreign,238
2025-02,Al Alawi House,Pearling Path Sites,Individual,GCC,36
2025-02,Al Ghus House,Pearling Path Sites,Educational,Kinder Garden,10
2025-02,Al Ghus House,Pearling Path Sites,Groups,Organized Group,162
2025-02,Al Ghus House,Pearling Path Sites,Groups,Tour Agencies,328
2025-02,Al Ghus House,Pearling Path Sites,Groups,VIP,11
2025-02,Al Ghus House,Pearling Path Sites,Individual,Arab,36
2025-02,Al Ghus House,Pearling Path Sites,Individual,Bahraini,99
2025-02,Al Ghus House,Pearling Path Sites,Individual,Foreign,762
2025-02,Al Ghus House,Pearling Path Sites,Individual,GCC,44
2025-02,Al Jalahma House,Pearling Path Sites,Educational,Kinder Garden,15
2025-02,Al Jalahma House,Pearling Path Sites,Groups,Organized Group,74
2025-02,Al Jalahma House,Pearling Path Sites,Groups,Tour Agencies,322
2025-02,Al Jalahma House,Pearling Path Sites,Groups,VIP,7
2025-02,Al Jalahma House,Pearling Path Sites,Individual,Arab,6
2025-02,Al Jalahma House,Pearling Path Sites,Individual,Bahraini,24
2025-02,Al Jalahma House,Pearling Path Sites,Individual,Foreign,790
2025-02,Al Jalahma House,Pearling Path Sites,Individual,GCC,25
2025-02,Al Jasra Handicrafts Centre,Handicraft Sites,Educational,Private School,110
2025-02,Al Jasra Handicrafts Centre,Handicraft Sites,Groups,Tour Agencies,821
2025-02,Al Jasra Handicrafts Centre,Handicraft Sites,Individual,Arab,32
2025-02,Al Jasra Handicrafts Centre,Handicraft Sites,Individual,Bahraini,67
2025-02,Al Jasra Handicrafts Centre,Handicraft Sites,Individual,Foreign,134
2025-02,Al Jasra Handicrafts Centre,Handicraft Sites,Individual,GCC,12
2025-02,Al Jasra House,Uncategorised,Educational,Kinder Garden,39
2025-02,Al Jasra House,Uncategorised,Groups,Tour Agencies,145
2025-02,Al Jasra House,Uncategorised,Individual,Bahraini,73
2025-02,Al Jasra House,Uncategorised,Individual,Foreign,231
2025-02,Al Jasra House,Uncategorised,Individual,GCC,18
2025-02,Al Khalefeyah Library,Uncategorised,Educational,Government School,21
2025-02,Al Khalefeyah Library,Uncategorised,Individual,Arab,136
2025-02,Al Khalefeyah Library,Uncategorised,Individual,Bahraini,98
2025-02,Al Khalefeyah Library,Uncategorised,Individual,Foreign,294
2025-02,Al Khalefeyah Library,Uncategorised,Individual,GCC,29
2025-02,Al Khamis Mosque & Visitor Centre,Archaeological Sites,Individual,Arab,11
2025-02,Al Khamis Mosque & Visitor Centre,Archaeological Sites,Individual,Bahraini,71
2025-02,Al Khamis Mosque & Visitor Centre,Archaeological Sites,Individual,Foreign,113
2025-02,Al Khamis Mosque & Visitor Centre,Archaeological Sites,Individual,GCC,10
2025-02,Arad Fort,Archaeological Sites,Individual,Arab,15
2025-02,Arad Fort,Archaeological Sites,Individual,Bahraini,49
2025-02,Arad Fort,Archaeological Sites,Individual,Foreign,473
2025-02,Arad Fort,Archaeological Sites,Individual,GCC,91
2025-02,Arad Fort,Forts,Individual,Arab,15
2025-02,Arad Fort,Forts,Individual,Bahraini,49
2025-02,Arad Fort,Forts,Individual,Foreign,473
2025-02,Arad Fort,Forts,Individual,GCC,91
2025-02,Archaeologies of Green Pavilion,Uncategorised,Individual,Arab,70
2025-02,Archaeologies of Green Pavilion,Uncategorised,Individual,Foreign,82
2025-02,Art Center,Uncategorised,Educational,Government School,150
2025-02,Art Center,Uncategorised,Individual,Bahraini,283
2025-02,Badr Gulum and Turabi House,Pearling Path Sites,Educational,Kinder Garden,2
2025-02,Badr Gulum and Turabi House,Pearling Path Sites,Groups,Tour Agencies,354
2025-02,Badr Gulum and Turabi House,Pearling Path Sites,Groups,VIP,59
2025-02,Badr Gulum and Turabi House,Pearling Path Sites,Individual,Bahraini,107
2025-02,Badr Gulum and Turabi House,Pearling Path Sites,Individual,Foreign,685
2025-02,Badr Gulum and Turabi House,Pearling Path Sites,Individual,GCC,5
2025-02,Bahrain Fort Site,Archaeological Sites,Educational,College or University,50
2025-02,Bahrain Fort Site,Archaeological Sites,Educational,Private School,328
2025-02,Bahrain Fort Site,Archaeological Sites,Groups,Organized Group,1481
2025-02,Bahrain Fort Site,Archaeological Sites,Groups,Tour Agencies,21268
2025-02,Bahrain Fort Site,Archaeological Sites,Groups,VIP,54
2025-02,Bahrain Fort Site,Archaeological Sites,Individual,Arab,2631
2025-02,Bahrain Fort Site,Archaeological Sites,Individual,Bahraini,16009
2025-02,Bahrain Fort Site,Archaeological Sites,Individual,Foreign,27873
2025-02,Bahrain Fort Site,Archaeological Sites,Individual,GCC,4296
2025-02,Bahrain Fort Site,Forts,Educational,College or University,50
2025-02,Bahrain Fort Site,Forts,Educational,Private School,328
2025-02,Bahrain Fort Site,Forts,Groups,Organized Group,1481
2025-02,Bahrain Fort Site,Forts,Groups,Tour Agencies,21268
2025-02,Bahrain Fort Site,Forts,Groups,VIP,54
2025-02,Bahrain Fort Site,Forts,Individual,Arab,2631
2025-02,Bahrain Fort Site,Forts,Individual,Bahraini,16009
2025-02,Bahrain Fort Site,Forts,Individual,Foreign,27873
2025-02,Bahrain Fort Site,Forts,Individual,GCC,4296
2025-02,Bahrain National Museum,Museums,Educational,College or University,54
2025-02,Bahrain National Museum,Museums,Educational,Government School,131
2025-02,Bahrain National Museum,Museums,Educational,Private School,259
2025-02,Bahrain National Museum,Museums,Groups,Organized Group,91
2025-02,Bahrain National Museum,Museums,Groups,Tour Agencies,36
2025-02,Bahrain National Museum,Museums,Groups,VIP,115
2025-02,Bahrain National Museum,Museums,Individual,Arab,210
2025-02,Bahrain National Museum,Museums,Individual,Bahraini,823
2025-02,Bahrain National Museum,Museums,Individual,Foreign,10365
2025-02,Bahrain National Museum,Museums,Individual,GCC,1768
2025-02,Bahrain National Theatre,Uncategorised,Individual,Arab,150
2025-02,Bahrain National Theatre,Uncategorised,Individual,Bahraini,400
2025-02,Bahrain National Theatre,Uncategorised,Individual,Foreign,300
2025-02,Bahrain National Theatre,Uncategorised,Individual,GCC,100
2025-02,Bani Jamra Textile Weaving,Handicraft Sites,Groups,Organized Group,45
2025-02,Bani Jamra Textile Weaving,Handicraft Sites,Groups,Tour Agencies,10
2025-02,Bani Jamra Textile Weaving,Handicraft Sites,Individual,Bahraini,59
2025-02,Bani Jamra Textile Weaving,Handicraft Sites,Individual,Foreign,36
2025-02,Bani Jamra Textile Weaving,Handicraft Sites,Individual,GCC,2
2025-02,Barbar Temples,Archaeological Sites,Groups,Tour Agencies,6
2025-02,Barbar Temples,Archaeological Sites,Individual,Bahraini,13
2025-02,Barbar Temples,Archaeological Sites,Individual,Foreign,55
2025-02,Bu Maher,Archaeological Sites,Groups,Organized Group,222
2025-02,Bu Maher,Archaeological Sites,Groups,Tour Agencies,558
2025-02,Bu Maher,Archaeological Sites,Groups,VIP,22
2025-02,Bu Maher,Archaeological Sites,Individual,Arab,52
2025-02,Bu Maher,Archaeological Sites,Individual,Bahraini,328
2025-02,Bu Maher,Archaeological Sites,Individual,Foreign,2211
2025-02,Bu Maher,Archaeological Sites,Individual,GCC,228
2025-02,Bu Maher,Forts,Groups,Organized Group,222
2025-02,Bu Maher,Forts,Groups,Tour Agencies,558
2025-02,Bu Maher,Forts,Groups,VIP,22
2025-02,Bu Maher,Forts,Individual,Arab,52
2025-02,Bu Maher,Forts,Individual,Bahraini,328
2025-02,Bu Maher,Forts,Individual,Foreign,2211
2025-02,Bu Maher,Forts,Individual,GCC,228
2025-02,Bu Maher,Pearling Path Sites,Groups,Organized Group,222
2025-02,Bu Maher,Pearling Path Sites,Groups,Tour Agencies,558
2025-02,Bu Maher,Pearling Path Sites,Groups,VIP,22
2025-02,Bu Maher,Pearling Path Sites,Individual,Arab,52
2025-02,Bu Maher,Pearling Path Sites,Individual,Bahraini,328
2025-02,Bu Maher,Pearling Path Sites,Individual,Foreign,2211
2025-02,Bu Maher,Pearling Path Sites,Individual,GCC,228
2025-02,Cultural Hall,Uncategorised,Individual,Bahraini,1970
2025-02,Cultural Hall,Uncategorised,Individual,Foreign,2681
2025-02,Fakhro House,Pearling Path Sites,Groups,Organized Group,36
2025-02,Fakhro House,Pearling Path Sites,Groups,Tour Agencies,137
2025-02,Fakhro House,Pearling Path Sites,Groups,VIP,38
2025-02,Fakhro House,Pearling Path Sites,Individual,Arab,109
2025-02,Fakhro House,Pearling Path Sites,Individual,Bahraini,129
2025-02,Fakhro House,Pearling Path Sites,Individual,Foreign,501
2025-02,Fakhro House,Pearling Path Sites,Individual,GCC,124
2025-02,House of Baskets,Handicraft Sites,Groups,Organized Group,259
2025-02,House of Baskets,Handicraft Sites,Groups,Tour Agencies,40
2025-02,House of Baskets,Handicraft Sites,Groups,VIP,5
2025-02,House of Baskets,Handicraft Sites,Individual,Arab,5
2025-02,House of Baskets,Handicraft Sites,Individual,Bahraini,101
2025-02,House of Baskets,Handicraft Sites,Individual,Foreign,91
2025-02,House of Baskets,Handicraft Sites,Individual,GCC,42
2025-02,Pearling Path Visitor Center,Pearling Path Sites,Educational,Private School,20
2025-02,Pearling Path Visitor Center,Pearling Path Sites,Groups,Tour Agencies,323
2025-02,Pearling Path Visitor Center,Pearling Path Sites,Groups,VIP,44
2025-02,Pearling Path Visitor Center,Pearling Path Sites,Individual,Arab,268
2025-02,Pearling Path Visitor Center,Pearling Path Sites,Individual,Bahraini,247
2025-02,Pearling Path Visitor Center,Pearling Path Sites,Individual,Foreign,1031
2025-02,Pearling Path Visitor Center,Pearling Path Sites,Individual,GCC,390
2025-02,Post Office Museum,Museums,Educational,Government School,34
2025-02,Post Office Museum,Museums,Educational,Private School,15
2025-02,Post Office Museum,Museums,Groups,Organized Group,20
2025-02,Post Office Museum,Museums,Groups,Tour Agencies,411
2025-02,Post Office Museum,Museums,Groups,VIP,1
2025-02,Post Office Museum,Museums,Individual,Arab,105
2025-02,Post Office Museum,Museums,Individual,Bahraini,901
2025-02,Post Office Museum,Museums,Individual,Foreign,597
2025-02,Post Office Museum,Museums,Individual,GCC,439
2025-02,Qalat Al Bahrain Site Museum,Museums,Educational,College or University,42
2025-02,Qalat Al Bahrain Site Museum,Museums,Educational,Government School,179
2025-02,Qalat Al Bahrain Site Museum,Museums,Educational,Institutes,243
2025-02,Qalat Al Bahrain Site Museum,Museums,Educational,Private School,320
2025-02,Qalat Al Bahrain Site Museum,Museums,Groups,Organized Group,106
2025-02,Qalat Al Bahrain Site Museum,Museums,Groups,VIP,51
2025-02,Qalat Al Bahrain Site Museum,Museums,Individual,Arab,20
2025-02,Qalat Al Bahrain Site Museum,Museums,Individual,Bahraini,132
2025-02,Qalat Al Bahrain Site Museum,Museums,Individual,Foreign,854
2025-02,Qalat Al Bahrain Site Museum,Museums,Individual,GCC,69
2025-02,Sheikh Salman Bin Ahmed Al Fateh Fort,Forts,Groups,Tour Agencies,126
2025-02,Sheikh Salman Bin Ahmed Al Fateh Fort,Forts,Individual,Arab,167
2025-02,Sheikh Salman Bin Ahmed Al Fateh Fort,Forts,Individual,Bahraini,55
2025-02,Sheikh Salman Bin Ahmed Al Fateh Fort,Forts,Individual,Foreign,409
2025-02,Siyadi Majlis,Pearling Path Sites,Groups,VIP,70
2025-02,Siyadi Majlis,Pearling Path Sites,Individual,Arab,21
2025-02,Siyadi Majlis,Pearling Path Sites,Individual,Bahraini,339
2025-02,Siyadi Majlis,Pearling Path Sites,Individual,Foreign,2817
2025-02,Siyadi Majlis,Pearling Path Sites,Individual,GCC,128
2025-02,Tree of Life Visitors Centre,Uncategorised,Educational,Private School,343
2025-02,Tree of Life Visitors Centre,Uncategorised,Groups,Tour Agencies,3037
2025-02,Tree of Life Visitors Centre,Uncategorised,Individual,Arab,839
2025-02,Tree of Life Visitors Centre,Uncategorised,Individual,Bahraini,5628
2025-02,Tree of Life Visitors Centre,Uncategorised,Individual,Foreign,8575
2025-03,Aali burial mounds,Archaeological Sites,Groups,Organized Group,16
2025-03,Aali burial mounds,Archaeological Sites,Groups,Tour Agencies,10
2025-03,Aali burial mounds,Archaeological Sites,Individual,Bahraini,4
2025-03,Aali burial mounds,Archaeological Sites,Individual,Foreign,89
2025-03,Aali burial mounds,Archaeological Sites,Individual,GCC,2
2025-03,Al Alawi House,Pearling Path Sites,Individual,Arab,5
2025-03,Al Alawi House,Pearling Path Sites,Individual,Bahraini,934
2025-03,Al Alawi House,Pearling Path Sites,Individual,Foreign,83
2025-03,Al Alawi House,Pearling Path Sites,Individual,GCC,5
2025-03,Al Ghus House,Pearling Path Sites,Groups,Organized Group,42
2025-03,Al Ghus House,Pearling Path Sites,Groups,Tour Agencies,38
2025-03,Al Ghus House,Pearling Path Sites,Groups,VIP,12
2025-03,Al Ghus House,Pearling Path Sites,Individual,Arab,1
2025-03,Al Ghus House,Pearling Path Sites,Individual,Bahraini,24
2025-03,Al Ghus House,Pearling Path Sites,Individual,Foreign,140
2025-03,Al Ghus House,Pearling Path Sites,Individual,GCC,5
2025-03,Al Jalahma House,Pearling Path Sites,Groups,Organized Group,41
2025-03,Al Jalahma House,Pearling Path Sites,Individual,Bahraini,123
2025-03,Al Jalahma House,Pearling Path Sites,Individual,Foreign,182
2025-03,Al Jalahma House,Pearling Path Sites,Individual,GCC,3
2025-03,Al Jasra Handicrafts Centre,Handicraft Sites,Groups,Tour Agencies,493
2025-03,Al Jasra Handicrafts Centre,Handicraft Sites,Groups,VIP,2
2025-03,Al Jasra Handicrafts Centre,Handicraft Sites,Individual,Bahraini,15
2025-03,Al Jasra Handicrafts Centre,Handicraft Sites,Individual,Foreign,80
2025-03,Al Jasra House,Uncategorised,Groups,Tour Agencies,179
2025-03,Al Jasra House,Uncategorised,Individual,Bahraini,10
2025-03,Al Jasra House,Uncategorised,Individual,Foreign,136
2025-03,Al Khalefeyah Library,Uncategorised,Individual,Arab,99
2025-03,Al Khalefeyah Library,Uncategorised,Individual,Bahraini,36
2025-03,Al Khalefeyah Library,Uncategorised,Individual,Foreign,181
2025-03,Al Khalefeyah Library,Uncategorised,Individual,GCC,1
2025-03,Al Khamis Mosque & Visitor Centre,Archaeological Sites,Individual,Bahraini,8
2025-03,Al Khamis Mosque & Visitor Centre,Archaeological Sites,Individual,Foreign,20
2025-03,Arad Fort,Archaeological Sites,Individual,Arab,2
2025-03,Arad Fort,Archaeological Sites,Individual,Bahraini,3
2025-03,Arad Fort,Archaeological Sites,Individual,Foreign,225
2025-03,Arad Fort,Archaeological Sites,Individual,GCC,7
2025-03,Arad Fort,Forts,Individual,Arab,2
2025-03,Arad Fort,Forts,Individual,Bahraini,3
2025-03,Arad Fort,Forts,Individual,Foreign,225
2025-03,Arad Fort,Forts,Individual,GCC,7
2025-03,Art Center,Uncategorised,Educational,Private School,26
2025-03,Art Center,Uncategorised,Individual,Bahraini,96
2025-03,Bab Al Bahrain Information Center,Uncategorised,Individual,Arab,2
2025-03,Bab Al Bahrain Information Center,Uncategorised,Individual,Bahraini,12
2025-03,Bab Al Bahrain Information Center,Uncategorised,Individual,Foreign,28
2025-03,Badr Gulum and Turabi House,Pearling Path Sites,Groups,Tour Agencies,68
2025-03,Badr Gulum and Turabi House,Pearling Path Sites,Groups,VIP,12
2025-03,Badr Gulum and Turabi House,Pearling Path Sites,Individual,Bahraini,218
2025-03,Badr Gulum and Turabi House,Pearling Path Sites,Individual,Foreign,242
2025-03,Badr Gulum and Turabi House,Pearling Path Sites,Individual,GCC,4
2025-03,Bahrain Fort Site,Archaeological Sites,Educational,College or University,72
2025-03,Bahrain Fort Site,Archaeological Sites,Educational,Government School,70
2025-03,Bahrain Fort Site,Archaeological Sites,Groups,Organized Group,1844
2025-03,Bahrain Fort Site,Archaeological Sites,Groups,Tour Agencies,13618
2025-03,Bahrain Fort Site,Archaeological Sites,Groups,VIP,568
2025-03,Bahrain Fort Site,Archaeological Sites,Individual,Arab,1495
2025-03,Bahrain Fort Site,Archaeological Sites,Individual,Bahraini,5211
2025-03,Bahrain Fort Site,Archaeological Sites,Individual,Foreign,9129
2025-03,Bahrain Fort Site,Archaeological Sites,Individual,GCC,1097
2025-03,Bahrain Fort Site,Forts,Educational,College or University,72
2025-03,Bahrain Fort Site,Forts,Educational,Government School,70
2025-03,Bahrain Fort Site,Forts,Groups,Organized Group,1844
2025-03,Bahrain Fort Site,Forts,Groups,Tour Agencies,13618
2025-03,Bahrain Fort Site,Forts,Groups,VIP,568
2025-03,Bahrain Fort Site,Forts,Individual,Arab,1495
2025-03,Bahrain Fort Site,Forts,Individual,Bahraini,5211
2025-03,Bahrain Fort Site,Forts,Individual,Foreign,9129
2025-03,Bahrain Fort Site,Forts,Individual,GCC,1097
2025-03,Bahrain National Museum,Museums,Educational,Government School,36
2025-03,Bahrain National Museum,Museums,Educational,Private School,32
2025-03,Bahrain National Museum,Museums,Groups,VIP,2
2025-03,Bahrain National Museum,Museums,Individual,Arab,169
2025-03,Bahrain National Museum,Museums,Individual,Bahraini,2041
2025-03,Bahrain National Museum,Museums,Individual,Foreign,7292
2025-03,Bahrain National Museum,Museums,Individual,GCC,1211
2025-03,Bani Jamra Textile Weaving,Handicraft Sites,Groups,Tour Agencies,11
2025-03,Bani Jamra Textile Weaving,Handicraft Sites,Individual,Bahraini,14
2025-03,Bani Jamra Textile Weaving,Handicraft Sites,Individual,Foreign,9
2025-03,Barbar Temples,Archaeological Sites,Groups,Tour Agencies,1
2025-03,Barbar Temples,Archaeological Sites,Individual,Arab,1
2025-03,Barbar Temples,Archaeological Sites,Individual,Bahraini,3
2025-03,Barbar Temples,Archaeological Sites,Individual,Foreign,6
2025-03,Bu Maher,Archaeological Sites,Groups,Organized Group,13
2025-03,Bu Maher,Archaeological Sites,Groups,Tour Agencies,334
2025-03,Bu Maher,Archaeological Sites,Groups,VIP,20
2025-03,Bu Maher,Archaeological Sites,Individual,Arab,14
2025-03,Bu Maher,Archaeological Sites,Individual,Bahraini,38
2025-03,Bu Maher,Archaeological Sites,Individual,Foreign,738
2025-03,Bu Maher,Archaeological Sites,Individual,GCC,38
2025-03,Bu Maher,Forts,Groups,Organized Group,13
2025-03,Bu Maher,Forts,Groups,Tour Agencies,334
2025-03,Bu Maher,Forts,Groups,VIP,20
2025-03,Bu Maher,Forts,Individual,Arab,14
2025-03,Bu Maher,Forts,Individual,Bahraini,38
2025-03,Bu Maher,Forts,Individual,Foreign,738
2025-03,Bu Maher,Forts,Individual,GCC,38
2025-03,Bu Maher,Pearling Path Sites,Groups,Organized Group,13
2025-03,Bu Maher,Pearling Path Sites,Groups,Tour Agencies,334
2025-03,Bu Maher,Pearling Path Sites,Groups,VIP,20
2025-03,Bu Maher,Pearling Path Sites,Individual,Arab,14
2025-03,Bu Maher,Pearling Path Sites,Individual,Bahraini,38
2025-03,Bu Maher,Pearling Path Sites,Individual,Foreign,738
2025-03,Bu Maher,Pearling Path Sites,Individual,GCC,38
2025-03,Cultural Hall,Uncategorised,Groups,Organized Group,638
2025-03,Cultural Hall,Uncategorised,Individual,Arab,53
2025-03,Cultural Hall,Uncategorised,Individual,Bahraini,1788
2025-03,Cultural Hall,Uncategorised,Individual,Foreign,425
2025-03,Cultural Hall,Uncategorised,Individual,GCC,68
2025-03,Fakhro House,Pearling Path Sites,Groups,VIP,17
2025-03,Fakhro House,Pearling Path Sites,Individual,Arab,15
2025-03,Fakhro House,Pearling Path Sites,Individual,Bahraini,314
2025-03,Fakhro House,Pearling Path Sites,Individual,Foreign,168
2025-03,Fakhro House,Pearling Path Sites,Individual,GCC,29
2025-03,House of Baskets,Handicraft Sites,Groups,Organized Group,11
2025-03,House of Baskets,Handicraft Sites,Individual,Bahraini,38
2025-03,House of Baskets,Handicraft Sites,Individual,Foreign,36
2025-03,Pearling Path Visitor Center,Pearling Path Sites,Groups,Tour Agencies,65
2025-03,Pearling Path Visitor Center,Pearling Path Sites,Groups,VIP,8
2025-03,Pearling Path Visitor Center,Pearling Path Sites,Individual,Arab,28
2025-03,Pearling Path Visitor Center,Pearling Path Sites,Individual,Bahraini,19348
2025-03,Pearling Path Visitor Center,Pearling Path Sites,Individual,Foreign,274
2025-03,Pearling Path Visitor Center,Pearling Path Sites,Individual,GCC,55
2025-03,Post Office Museum,Museums,Educational,Government School,15
2025-03,Post Office Museum,Museums,Educational,Private School,18
2025-03,Post Office Museum,Museums,Groups,Tour Agencies,302
2025-03,Post Office Museum,Museums,Individual,Arab,7
2025-03,Post Office Museum,Museums,Individual,Bahraini,42
2025-03,Post Office Museum,Museums,Individual,Foreign,234
2025-03,Post Office Museum,Museums,Individual,GCC,59
2025-03,Qalat Al Bahrain Site Museum,Museums,Educational,Government School,193
2025-03,Qalat Al Bahrain Site Museum,Museums,Individual,Arab,3
2025-03,Qalat Al Bahrain Site Museum,Museums,Individual,Bahraini,8
2025-03,Qalat Al Bahrain Site Museum,Museums,Individual,Foreign,213
2025-03,Qalat Al Bahrain Site Museum,Museums,Individual,GCC,3
2025-03,Saar Settlement,Archaeological Sites,Individual,Bahraini,26
2025-03,Saar Settlement,Archaeological Sites,Individual,Foreign,2
2025-03,Saar Settlement,Archaeological Sites,Individual,GCC,39
2025-03,Sheikh Salman Bin Ahmed Al Fateh Fort,Forts,Individual,Arab,62
2025-03,Sheikh Salman Bin Ahmed Al Fateh Fort,Forts,Individual,Bahraini,33
2025-03,Sheikh Salman Bin Ahmed Al Fateh Fort,Forts,Individual,Foreign,207
2025-03,Siyadi Majlis,Pearling Path Sites,Educational,Kinder Garden,14
2025-03,Siyadi Majlis,Pearling Path Sites,Individual,Bahraini,423
2025-03,Siyadi Majlis,Pearling Path Sites,Individual,Foreign,2570
2025-03,Siyadi Majlis,Pearling Path Sites,Individual,GCC,10
2025-03,Tree of Life Visitors Centre,Uncategorised,Groups,Tour Agencies,2671
2025-03,Tree of Life Visitors Centre,Uncategorised,Individual,Arab,401
2025-03,Tree of Life Visitors Centre,Uncategorised,Individual,Bahraini,222
2025-03,Tree of Life Visitors Centre,Uncategorised,Individual,Foreign,5899
2025-04,Aali burial mounds,Archaeological Sites,Groups,Tour Agencies,10
2025-04,Aali burial mounds,Archaeological Sites,Individual,Bahraini,2
2025-04,Aali burial mounds,Archaeological Sites,Individual,Foreign,67
2025-04,Al Alawi House,Pearling Path Sites,Groups,Tour Agencies,32
2025-04,Al Alawi House,Pearling Path Sites,Individual,Arab,20
2025-04,Al Alawi House,Pearling Path Sites,Individual,Bahraini,18
2025-04,Al Alawi House,Pearling Path Sites,Individual,Foreign,241
2025-04,Al Alawi House,Pearling Path Sites,Individual,GCC,6
2025-04,Al Ghus House,Pearling Path Sites,Groups,Organized Group,29
2025-04,Al Ghus House,Pearling Path Sites,Groups,Tour Agencies,36
2025-04,Al Ghus House,Pearling Path Sites,Individual,Arab,2
2025-04,Al Ghus House,Pearling Path Sites,Individual,Bahraini,2
2025-04,Al Ghus House,Pearling Path Sites,Individual,Foreign,151
2025-04,Al Jalahma House,Pearling Path Sites,Groups,Organized Group,44
2025-04,Al Jalahma House,Pearling Path Sites,Groups,Tour Agencies,138
2025-04,Al Jalahma House,Pearling Path Sites,Groups,VIP,16
2025-04,Al Jalahma House,Pearling Path Sites,Individual,Bahraini,6
2025-04,Al Jalahma House,Pearling Path Sites,Individual,Foreign,591
2025-04,Al Jalahma House,Pearling Path Sites,Individual,GCC,2
2025-04,Al Jasra Handicrafts Centre,Handicraft Sites,Educational,College or University,62
2025-04,Al Jasra Handicrafts Centre,Handicraft Sites,Educational,Private School,294
2025-04,Al Jasra Handicrafts Centre,Handicraft Sites,Groups,Tour Agencies,18
2025-04,Al Jasra Handicrafts Centre,Handicraft Sites,Groups,VIP,23
2025-04,Al Jasra Handicrafts Centre,Handicraft Sites,Individual,Arab,26
2025-04,Al Jasra Handicrafts Centre,Handicraft Sites,Individual,Bahraini,115
2025-04,Al Jasra Handicrafts Centre,Handicraft Sites,Individual,Foreign,135
2025-04,Al Jasra Handicrafts Centre,Handicraft Sites,Individual,GCC,13
2025-04,Al Jasra House,Uncategorised,Educational,Private School,23
2025-04,Al Jasra House,Uncategorised,Groups,VIP,165
2025-04,Al Jasra House,Uncategorised,Individual,Arab,23
2025-04,Al Jasra House,Uncategorised,Individual,Bahraini,20
2025-04,Al Jasra House,Uncategorised,Individual,Foreign,88
2025-04,Al Khalefeyah Library,Uncategorised,Individual,Arab,211
2025-04,Al Khalefeyah Library,Uncategorised,Individual,Bahraini,166
2025-04,Al Khalefeyah Library,Uncategorised,Individual,Foreign,326
2025-04,Al Khalefeyah Library,Uncategorised,Individual,GCC,17
2025-04,Al Khamis Mosque & Visitor Centre,Archaeological Sites,Individual,Arab,2
2025-04,Al Khamis Mosque & Visitor Centre,Archaeological Sites,Individual,Bahraini,36
2025-04,Al Khamis Mosque & Visitor Centre,Archaeological Sites,Individual,Foreign,85
2025-04,Al Khamis Mosque & Visitor Centre,Archaeological Sites,Individual,GCC,6
2025-04,Arad Fort,Archaeological Sites,Individual,Arab,10
2025-04,Arad Fort,Archaeological Sites,Individual,Bahraini,8
2025-04,Arad Fort,Archaeological Sites,Individual,Foreign,333
2025-04,Arad Fort,Archaeological Sites,Individual,GCC,19
2025-04,Arad Fort,Forts,Individual,Arab,10
2025-04,Arad Fort,Forts,Individual,Bahraini,8
2025-04,Arad Fort,Forts,Individual,Foreign,333
2025-04,Arad Fort,Forts,Individual,GCC,19
2025-04,Art Center,Uncategorised,Individual,Bahraini,509
2025-04,Art Center,Uncategorised,Individual,Foreign,50
2025-04,Bab Al Bahrain Information Center,Uncategorised,Individual,Arab,23
2025-04,Bab Al Bahrain Information Center,Uncategorised,Individual,Bahraini,8
2025-04,Bab Al Bahrain Information Center,Uncategorised,Individual,Foreign,52
2025-04,Badr Gulum and Turabi House,Pearling Path Sites,Groups,Tour Agencies,77
2025-04,Badr Gulum and Turabi House,Pearling Path Sites,Groups,VIP,21
2025-04,Badr Gulum and Turabi House,Pearling Path Sites,Individual,Bahraini,45
2025-04,Badr Gulum and Turabi House,Pearling Path Sites,Individual,Foreign,423
2025-04,Badr Gulum and Turabi House,Pearling Path Sites,Individual,GCC,2
2025-04,Bahrain Fort Site,Archaeological Sites,Educational,Government School,34
2025-04,Bahrain Fort Site,Archaeological Sites,Educational,Private School,92
2025-04,Bahrain Fort Site,Archaeological Sites,Groups,Organized Group,1335
2025-04,Bahrain Fort Site,Archaeological Sites,Groups,Tour Agencies,711
2025-04,Bahrain Fort Site,Archaeological Sites,Groups,VIP,333
2025-04,Bahrain Fort Site,Archaeological Sites,Individual,Arab,3256
2025-04,Bahrain Fort Site,Archaeological Sites,Individual,Bahraini,8091
2025-04,Bahrain Fort Site,Archaeological Sites,Individual,Foreign,17153
2025-04,Bahrain Fort Site,Archaeological Sites,Individual,GCC,3318
2025-04,Bahrain Fort Site,Forts,Educational,Government School,34
2025-04,Bahrain Fort Site,Forts,Educational,Private School,92
2025-04,Bahrain Fort Site,Forts,Groups,Organized Group,1335
2025-04,Bahrain Fort Site,Forts,Groups,Tour Agencies,711
2025-04,Bahrain Fort Site,Forts,Groups,VIP,333
2025-04,Bahrain Fort Site,Forts,Individual,Arab,3256
2025-04,Bahrain Fort Site,Forts,Individual,Bahraini,8091
2025-04,Bahrain Fort Site,Forts,Individual,Foreign,17153
2025-04,Bahrain Fort Site,Forts,Individual,GCC,3318
2025-04,Bahrain National Museum,Museums,Educational,College or University,67
2025-04,Bahrain National Museum,Museums,Educational,Government School,38
2025-04,Bahrain National Museum,Museums,Educational,Institutes,19
2025-04,Bahrain National Museum,Museums,Educational,Kinder Garden,21
2025-04,Bahrain National Museum,Museums,Educational,Private School,69
2025-04,Bahrain National Museum,Museums,Groups,Organized Group,70
2025-04,Bahrain National Museum,Museums,Groups,VIP,84
2025-04,Bahrain National Museum,Museums,Individual,Arab,217
2025-04,Bahrain National Museum,Museums,Individual,Bahraini,577
2025-04,Bahrain National Museum,Museums,Individual,Foreign,7795
2025-04,Bahrain National Museum,Museums,Individual,GCC,1344
2025-04,Bahrain National Theatre,Uncategorised,Individual,Arab,100
2025-04,Bahrain National Theatre,Uncategorised,Individual,Bahraini,500
2025-04,Bahrain National Theatre,Uncategorised,Individual,GCC,200
2025-04,Bani Jamra Textile Weaving,Handicraft Sites,Educational,Government School,160
2025-04,Bani Jamra Textile Weaving,Handicraft Sites,Individual,Bahraini,53
2025-04,Bani Jamra Textile Weaving,Handicraft Sites,Individual,Foreign,29
2025-04,Bani Jamra Textile Weaving,Handicraft Sites,Individual,GCC,2
2025-04,Barbar Temples,Archaeological Sites,Groups,Tour Agencies,3
2025-04,Barbar Temples,Archaeological Sites,Individual,Arab,6
2025-04,Barbar Temples,Archaeological Sites,Individual,Bahraini,43
2025-04,Barbar Temples,Archaeological Sites,Individual,Foreign,28
2025-04,Barbar Temples,Archaeological Sites,Individual,GCC,30
2025-04,Bu Maher,Archaeological Sites,Groups,Organized Group,143
2025-04,Bu Maher,Archaeological Sites,Groups,Tour Agencies,136
2025-04,Bu Maher,Archaeological Sites,Groups,VIP,12
2025-04,Bu Maher,Archaeological Sites,Individual,Arab,60
2025-04,Bu Maher,Archaeological Sites,Individual,Bahraini,198
2025-04,Bu Maher,Archaeological Sites,Individual,Foreign,2199
2025-04,Bu Maher,Archaeological Sites,Individual,GCC,146
2025-04,Bu Maher,Forts,Groups,Organized Group,143
2025-04,Bu Maher,Forts,Groups,Tour Agencies,136
2025-04,Bu Maher,Forts,Groups,VIP,12
2025-04,Bu Maher,Forts,Individual,Arab,60
2025-04,Bu Maher,Forts,Individual,Bahraini,198
2025-04,Bu Maher,Forts,Individual,Foreign,2199
2025-04,Bu Maher,Forts,Individual,GCC,146
2025-04,Bu Maher,Pearling Path Sites,Groups,Organized Group,143
2025-04,Bu Maher,Pearling Path Sites,Groups,Tour Agencies,136
2025-04,Bu Maher,Pearling Path Sites,Groups,VIP,12
2025-04,Bu Maher,Pearling Path Sites,Individual,Arab,60
2025-04,Bu Maher,Pearling Path Sites,Individual,Bahraini,198
2025-04,Bu Maher,Pearling Path Sites,Individual,Foreign,2199
2025-04,Bu Maher,Pearling Path Sites,Individual,GCC,146
2025-04,Cultural Hall,Uncategorised,Individual,Arab,10
2025-04,Cultural Hall,Uncategorised,Individual,Bahraini,6402
2025-04,Cultural Hall,Uncategorised,Individual,GCC,122
2025-04,Fakhro House,Pearling Path Sites,Groups,Tour Agencies,11
2025-04,Fakhro House,Pearling Path Sites,Groups,VIP,99
2025-04,Fakhro House,Pearling Path Sites,Individual,Arab,21
2025-04,Fakhro House,Pearling Path Sites,Individual,Bahraini,43
2025-04,Fakhro House,Pearling Path Sites,Individual,Foreign,350
2025-04,Fakhro House,Pearling Path Sites,Individual,GCC,35
2025-04,House of Baskets,Handicraft Sites,Groups,Organized Group,53
2025-04,House of Baskets,Handicraft Sites,Groups,Tour Agencies,23
2025-04,House of Baskets,Handicraft Sites,Individual,Bahraini,76
2025-04,House of Baskets,Handicraft Sites,Individual,Foreign,75
2025-04,House of Baskets,Handicraft Sites,Individual,GCC,22
2025-04,Pearling Path Visitor Center,Pearling Path Sites,Educational,Private School,80
2025-04,Pearling Path Visitor Center,Pearling Path Sites,Individual,Arab,220
2025-04,Pearling Path Visitor Center,Pearling Path Sites,Individual,Bahraini,87
2025-04,Pearling Path Visitor Center,Pearling Path Sites,Individual,Foreign,797
2025-04,Pearling Path Visitor Center,Pearling Path Sites,Individual,GCC,160
2025-04,Post Office Museum,Museums,Educational,Government School,16
2025-04,Post Office Museum,Museums,Educational,Kinder Garden,21
2025-04,Post Office Museum,Museums,Groups,Tour Agencies,235
2025-04,Post Office Museum,Museums,Individual,Arab,31
2025-04,Post Office Museum,Museums,Individual,Bahraini,344
2025-04,Post Office Museum,Museums,Individual,Foreign,377
2025-04,Post Office Museum,Museums,Individual,GCC,276
2025-04,Qalat Al Bahrain Site Museum,Museums,Educational,College or University,71
2025-04,Qalat Al Bahrain Site Museum,Museums,Educational,Government School,170
2025-04,Qalat Al Bahrain Site Museum,Museums,Educational,Private School,185
2025-04,Qalat Al Bahrain Site Museum,Museums,Groups,Organized Group,133
2025-04,Qalat Al Bahrain Site Museum,Museums,Groups,VIP,31
2025-04,Qalat Al Bahrain Site Museum,Museums,Individual,Arab,4
2025-04,Qalat Al Bahrain Site Museum,Museums,Individual,Bahraini,106
2025-04,Qalat Al Bahrain Site Museum,Museums,Individual,Foreign,738
2025-04,Qalat Al Bahrain Site Museum,Museums,Individual,GCC,60
2025-04,Saar Settlement,Archaeological Sites,Individual,Bahraini,14
2025-04,Saar Settlement,Archaeological Sites,Individual,GCC,5
2025-04,Sheikh Salman Bin Ahmed Al Fateh Fort,Forts,Groups,Tour Agencies,51
2025-04,Sheikh Salman Bin Ahmed Al Fateh Fort,Forts,Groups,VIP,5
2025-04,Sheikh Salman Bin Ahmed Al Fateh Fort,Forts,Individual,Arab,77
2025-04,Sheikh Salman Bin Ahmed Al Fateh Fort,Forts,Individual,Bahraini,13
2025-04,Sheikh Salman Bin Ahmed Al Fateh Fort,Forts,Individual,Foreign,290
2025-04,Sheikh Salman Bin Ahmed Al Fateh Fort,Forts,Individual,GCC,5
2025-04,Siyadi Majlis,Pearling Path Sites,Educational,Private School,71
2025-04,Siyadi Majlis,Pearling Path Sites,Groups,Organized Group,30
2025-04,Siyadi Majlis,Pearling Path Sites,Groups,VIP,22
2025-04,Siyadi Majlis,Pearling Path Sites,Individual,Arab,37
2025-04,Siyadi Majlis,Pearling Path Sites,Individual,Bahraini,101
2025-04,Siyadi Majlis,Pearling Path Sites,Individual,Foreign,1201
2025-04,Siyadi Majlis,Pearling Path Sites,Individual,GCC,64
2025-04,Tree of Life Visitors Centre,Uncategorised,Groups,Tour Agencies,1145
2025-04,Tree of Life Visitors Centre,Uncategorised,Individual,Arab,400
2025-04,Tree of Life Visitors Centre,Uncategorised,Individual,Bahraini,202
2025-04,Tree of Life Visitors Centre,Uncategorised,Individual,Foreign,5157
2025-05,Aali burial mounds,Archaeological Sites,Individual,Arab,5
2025-05,Aali burial mounds,Archaeological Sites,Individual,Bahraini,14
2025-05,Aali burial mounds,Archaeological Sites,Individual,Foreign,89
2025-05,Aali burial mounds,Archaeological Sites,Individual,GCC,5
2025-05,Al Alawi House,Pearling Path Sites,Individual,Bahraini,8
2025-05,Al Alawi House,Pearling Path Sites,Individual,Foreign,116
2025-05,Al Ghus House,Pearling Path Sites,Groups,VIP,1
2025-05,Al Ghus House,Pearling Path Sites,Individual,Arab,11
2025-05,Al Ghus House,Pearling Path Sites,Individual,Bahraini,3
2025-05,Al Ghus House,Pearling Path Sites,Individual,Foreign,179
2025-05,Al Ghus House,Pearling Path Sites,Individual,GCC,16
2025-05,Al Jalahma House,Pearling Path Sites,Groups,VIP,1
2025-05,Al Jalahma House,Pearling Path Sites,Individual,Foreign,262
2025-05,Al Jasra Handicrafts Centre,Handicraft Sites,Groups,Organized Group,9
2025-05,Al Jasra Handicrafts Centre,Handicraft Sites,Groups,Tour Agencies,38
2025-05,Al Jasra Handicrafts Centre,Handicraft Sites,Individual,Arab,10
2025-05,Al Jasra Handicrafts Centre,Handicraft Sites,Individual,Bahraini,33
2025-05,Al Jasra Handicrafts Centre,Handicraft Sites,Individual,Foreign,65
2025-05,Al Jasra House,Uncategorised,Groups,Organized Group,52
2025-05,Al Jasra House,Uncategorised,Individual,Arab,5
2025-05,Al Jasra House,Uncategorised,Individual,Bahraini,17
2025-05,Al Jasra House,Uncategorised,Individual,Foreign,70
2025-05,Al Khalefeyah Library,Uncategorised,Individual,Arab,377
2025-05,Al Khalefeyah Library,Uncategorised,Individual,Bahraini,164
2025-05,Al Khalefeyah Library,Uncategorised,Individual,Foreign,305
2025-05,Al Khalefeyah Library,Uncategorised,Individual,GCC,17
2025-05,Al Khamis Mosque & Visitor Centre,Archaeological Sites,Groups,Organized Group,67
2025-05,Al Khamis Mosque & Visitor Centre,Archaeological Sites,Individual,Arab,2
2025-05,Al Khamis Mosque & Visitor Centre,Archaeological Sites,Individual,Bahraini,10
2025-05,Al Khamis Mosque & Visitor Centre,Archaeological Sites,Individual,Foreign,53
2025-05,Al Khamis Mosque & Visitor Centre,Archaeological Sites,Individual,GCC,3
2025-05,Art Center,Uncategorised,Individual,Bahraini,145
2025-05,Art Center,Uncategorised,Individual,Foreign,42
2025-05,Bab Al Bahrain Information Center,Uncategorised,Individual,Arab,9
2025-05,Bab Al Bahrain Information Center,Uncategorised,Individual,Bahraini,12
2025-05,Bab Al Bahrain Information Center,Uncategorised,Individual,Foreign,41
2025-05,Badr Gulum and Turabi House,Pearling Path Sites,Groups,Tour Agencies,38
2025-05,Badr Gulum and Turabi House,Pearling Path Sites,Individual,Bahraini,18
2025-05,Badr Gulum and Turabi House,Pearling Path Sites,Individual,Foreign,157
2025-05,Bahrain Fort Site,Archaeological Sites,Educational,Government School,40
2025-05,Bahrain Fort Site,Archaeological Sites,Groups,Organized Group,380
2025-05,Bahrain Fort Site,Archaeological Sites,Groups,Tour Agencies,152
2025-05,Bahrain Fort Site,Archaeological Sites,Individual,Arab,1644
2025-05,Bahrain Fort Site,Archaeological Sites,Individual,Bahraini,5988
2025-05,Bahrain Fort Site,Archaeological Sites,Individual,Foreign,10076
2025-05,Bahrain Fort Site,Archaeological Sites,Individual,GCC,1248
2025-05,Bahrain Fort Site,Forts,Educational,Government School,40
2025-05,Bahrain Fort Site,Forts,Groups,Organized Group,380
2025-05,Bahrain Fort Site,Forts,Groups,Tour Agencies,152
2025-05,Bahrain Fort Site,Forts,Individual,Arab,1644
2025-05,Bahrain Fort Site,Forts,Individual,Bahraini,5988
2025-05,Bahrain Fort Site,Forts,Individual,Foreign,10076
2025-05,Bahrain Fort Site,Forts,Individual,GCC,1248
2025-05,Bahrain National Museum,Museums,Educational,Private School,101
2025-05,Bahrain National Museum,Museums,Groups,Organized Group,235
2025-05,Bahrain National Museum,Museums,Groups,VIP,51
2025-05,Bahrain National Museum,Museums,Individual,Arab,86
2025-05,Bahrain National Museum,Museums,Individual,Bahraini,663
2025-05,Bahrain National Museum,Museums,Individual,Foreign,4685
2025-05,Bahrain National Museum,Museums,Individual,GCC,1030
2025-05,Bahrain National Theatre,Uncategorised,Individual,Arab,6
2025-05,Bahrain National Theatre,Uncategorised,Individual,Bahraini,25
2025-05,Bahrain National Theatre,Uncategorised,Individual,Foreign,213
2025-05,Bahrain National Theatre,Uncategorised,Individual,GCC,31
2025-05,Bani Jamra Textile Weaving,Handicraft Sites,Groups,Tour Agencies,61
2025-05,Bani Jamra Textile Weaving,Handicraft Sites,Individual,Bahraini,33
2025-05,Bani Jamra Textile Weaving,Handicraft Sites,Individual,Foreign,20
2025-05,Barbar Temples,Archaeological Sites,Groups,Tour Agencies,3
2025-05,Barbar Temples,Archaeological Sites,Individual,Arab,5
2025-05,Barbar Temples,Archaeological Sites,Individual,Foreign,21
2025-05,Barbar Temples,Archaeological Sites,Individual,GCC,32
2025-05,Bu Maher,Archaeological Sites,Groups,Organized Group,136
2025-05,Bu Maher,Archaeological Sites,Groups,Tour Agencies,86
2025-05,Bu Maher,Archaeological Sites,Individual,Arab,30
2025-05,Bu Maher,Archaeological Sites,Individual,Bahraini,155
2025-05,Bu Maher,Archaeological Sites,Individual,Foreign,1645
2025-05,Bu Maher,Archaeological Sites,Individual,GCC,34
2025-05,Bu Maher,Forts,Groups,Organized Group,136
2025-05,Bu Maher,Forts,Groups,Tour Agencies,86
2025-05,Bu Maher,Forts,Individual,Arab,30
2025-05,Bu Maher,Forts,Individual,Bahraini,155
2025-05,Bu Maher,Forts,Individual,Foreign,1645
2025-05,Bu Maher,Forts,Individual,GCC,34
2025-05,Bu Maher,Pearling Path Sites,Groups,Organized Group,136
2025-05,Bu Maher,Pearling Path Sites,Groups,Tour Agencies,86
2025-05,Bu Maher,Pearling Path Sites,Individual,Arab,30
2025-05,Bu Maher,Pearling Path Sites,Individual,Bahraini,155
2025-05,Bu Maher,Pearling Path Sites,Individual,Foreign,1645
2025-05,Bu Maher,Pearling Path Sites,Individual,GCC,34
2025-05,Cultural Hall,Uncategorised,Individual,Arab,56
2025-05,Cultural Hall,Uncategorised,Individual,Bahraini,995
2025-05,Cultural Hall,Uncategorised,Individual,Foreign,900
2025-05,Cultural Hall,Uncategorised,Individual,GCC,85
2025-05,Fakhro House,Pearling Path Sites,Groups,Tour Agencies,1
2025-05,Fakhro House,Pearling Path Sites,Groups,VIP,16
2025-05,Fakhro House,Pearling Path Sites,Individual,Bahraini,44
2025-05,Fakhro House,Pearling Path Sites,Individual,Foreign,130
2025-05,Fakhro House,Pearling Path Sites,Individual,GCC,4
2025-05,House of Baskets,Handicraft Sites,Educational,Government School,77
2025-05,House of Baskets,Handicraft Sites,Groups,Organized Group,22
2025-05,House of Baskets,Handicraft Sites,Individual,Arab,5
2025-05,House of Baskets,Handicraft Sites,Individual,Bahraini,63
2025-05,House of Baskets,Handicraft Sites,Individual,Foreign,55
2025-05,House of Baskets,Handicraft Sites,Individual,GCC,21
2025-05,Pearling Path Visitor Center,Pearling Path Sites,Educational,Kinder Garden,3
2025-05,Pearling Path Visitor Center,Pearling Path Sites,Educational,Private School,25
2025-05,Pearling Path Visitor Center,Pearling Path Sites,Groups,Tour Agencies,160
2025-05,Pearling Path Visitor Center,Pearling Path Sites,Groups,VIP,54
2025-05,Pearling Path Visitor Center,Pearling Path Sites,Individual,Arab,63
2025-05,Pearling Path Visitor Center,Pearling Path Sites,Individual,Bahraini,103
2025-05,Pearling Path Visitor Center,Pearling Path Sites,Individual,Foreign,526
2025-05,Pearling Path Visitor Center,Pearling Path Sites,Individual,GCC,46
2025-05,Post Office Museum,Museums,Educational,Kinder Garden,54
2025-05,Post Office Museum,Museums,Groups,Tour Agencies,92
2025-05,Post Office Museum,Museums,Individual,Arab,6
2025-05,Post Office Museum,Museums,Individual,Bahraini,289
2025-05,Post Office Museum,Museums,Individual,Foreign,270
2025-05,Post Office Museum,Museums,Individual,GCC,128
2025-05,Qalat Al Bahrain Site Museum,Museums,Educational,College or University,13
2025-05,Qalat Al Bahrain Site Museum,Museums,Educational,Government School,36
2025-05,Qalat Al Bahrain Site Museum,Museums,Educational,Private School,68
2025-05,Qalat Al Bahrain Site Museum,Museums,Groups,Organized Group,52
2025-05,Qalat Al Bahrain Site Museum,Museums,Groups,VIP,22
2025-05,Qalat Al Bahrain Site Museum,Museums,Individual,Arab,6
2025-05,Qalat Al Bahrain Site Museum,Museums,Individual,Bahraini,63
2025-05,Qalat Al Bahrain Site Museum,Museums,Individual,Foreign,564
2025-05,Qalat Al Bahrain Site Museum,Museums,Individual,GCC,28
2025-05,Saar Settlement,Archaeological Sites,Groups,Organized Group,2
2025-05,Saar Settlement,Archaeological Sites,Groups,Tour Agencies,4
2025-05,Saar Settlement,Archaeological Sites,Individual,GCC,3
2025-05,Sheikh Salman Bin Ahmed Al Fateh Fort,Forts,Educational,Kinder Garden,70
2025-05,Sheikh Salman Bin Ahmed Al Fateh Fort,Forts,Groups,Organized Group,47
2025-05,Sheikh Salman Bin Ahmed Al Fateh Fort,Forts,Groups,VIP,30
2025-05,Sheikh Salman Bin Ahmed Al Fateh Fort,Forts,Individual,Arab,28
2025-05,Sheikh Salman Bin Ahmed Al Fateh Fort,Forts,Individual,Bahraini,7
2025-05,Sheikh Salman Bin Ahmed Al Fateh Fort,Forts,Individual,Foreign,182
2025-05,Sheikh Salman Bin Ahmed Al Fateh Fort,Forts,Individual,GCC,24
2025-05,Siyadi Majlis,Pearling Path Sites,Groups,Organized Group,61
2025-05,Siyadi Majlis,Pearling Path Sites,Groups,VIP,42
2025-05,Siyadi Majlis,Pearling Path Sites,Individual,Arab,13
2025-05,Siyadi Majlis,Pearling Path Sites,Individual,Bahraini,59
2025-05,Siyadi Majlis,Pearling Path Sites,Individual,Foreign,763
2025-05,Siyadi Majlis,Pearling Path Sites,Individual,GCC,7
2025-05,Tree of Life Visitors Centre,Uncategorised,Groups,Tour Agencies,356
2025-05,Tree of Life Visitors Centre,Uncategorised,Individual,Arab,288
2025-05,Tree of Life Visitors Centre,Uncategorised,Individual,Bahraini,126
2025-05,Tree of Life Visitors Centre,Uncategorised,Individual,Foreign,5409
2025-05,Tree of Life Visitors Centre,Uncategorised,Individual,GCC,7
2025-06,Aali burial mounds,Archaeological Sites,Individual,Foreign,7
2025-06,Al Alawi House,Pearling Path Sites,Groups,VIP,2
2025-06,Al Alawi House,Pearling Path Sites,Individual,Foreign,25
2025-06,Al Ghus House,Pearling Path Sites,Individual,Foreign,58
2025-06,Al Ghus House,Pearling Path Sites,Individual,GCC,13
2025-06,Al Jalahma House,Pearling Path Sites,Groups,VIP,9
2025-06,Al Jalahma House,Pearling Path Sites,Individual,Foreign,68
2025-06,Al Jasra Handicrafts Centre,Handicraft Sites,Educational,Institutes,38
2025-06,Al Jasra Handicrafts Centre,Handicraft Sites,Groups,Tour Agencies,15
2025-06,Al Jasra Handicrafts Centre,Handicraft Sites,Individual,Arab,10
2025-06,Al Jasra Handicrafts Centre,Handicraft Sites,Individual,Bahraini,44
2025-06,Al Jasra Handicrafts Centre,Handicraft Sites,Individual,Foreign,43
2025-06,Al Jasra House,Uncategorised,Individual,Bahraini,11
2025-06,Al Jasra House,Uncategorised,Individual,Foreign,28
2025-06,Al Khalefeyah Library,Uncategorised,Individual,Arab,72
2025-06,Al Khalefeyah Library,Uncategorised,Individual,Bahraini,46
2025-06,Al Khalefeyah Library,Uncategorised,Individual,Foreign,145
2025-06,Al Khalefeyah Library,Uncategorised,Individual,GCC,4
2025-06,Al Khamis Mosque & Visitor Centre,Archaeological Sites,Individual,Arab,4
2025-06,Al Khamis Mosque & Visitor Centre,Archaeological Sites,Individual,Bahraini,6
2025-06,Al Khamis Mosque & Visitor Centre,Archaeological Sites,Individual,Foreign,37
2025-06,Al Khamis Mosque & Visitor Centre,Archaeological Sites,Individual,GCC,1
2025-06,Art Center,Uncategorised,Individual,Bahraini,344
2025-06,Bab Al Bahrain Information Center,Uncategorised,Individual,Arab,27
2025-06,Bab Al Bahrain Information Center,Uncategorised,Individual,Bahraini,10
2025-06,Bab Al Bahrain Information Center,Uncategorised,Individual,Foreign,46
2025-06,Badr Gulum and Turabi House,Pearling Path Sites,Groups,VIP,3
2025-06,Badr Gulum and Turabi House,Pearling Path Sites,Individual,Bahraini,8
2025-06,Badr Gulum and Turabi House,Pearling Path Sites,Individual,Foreign,38
2025-06,Bahrain Fort Site,Archaeological Sites,Groups,Organized Group,40
2025-06,Bahrain Fort Site,Archaeological Sites,Groups,Tour Agencies,600
2025-06,Bahrain Fort Site,Archaeological Sites,Groups,VIP,4
2025-06,Bahrain Fort Site,Archaeological Sites,Individual,Arab,2543
2025-06,Bahrain Fort Site,Archaeological Sites,Individual,Bahraini,6659
2025-06,Bahrain Fort Site,Archaeological Sites,Individual,Foreign,12952
2025-06,Bahrain Fort Site,Archaeological Sites,Individual,GCC,1136
2025-06,Bahrain Fort Site,Forts,Groups,Organized Group,40
2025-06,Bahrain Fort Site,Forts,Groups,Tour Agencies,600
2025-06,Bahrain Fort Site,Forts,Groups,VIP,4
2025-06,Bahrain Fort Site,Forts,Individual,Arab,2543
2025-06,Bahrain Fort Site,Forts,Individual,Bahraini,6659
2025-06,Bahrain Fort Site,Forts,Individual,Foreign,12952
2025-06,Bahrain Fort Site,Forts,Individual,GCC,1136
2025-06,Bahrain National Museum,Museums,Educational,College or University,31
2025-06,Bahrain National Museum,Museums,Groups,Organized Group,59
2025-06,Bahrain National Museum,Museums,Groups,VIP,17
2025-06,Bahrain National Museum,Museums,Individual,Arab,134
2025-06,Bahrain National Museum,Museums,Individual,Bahraini,446
2025-06,Bahrain National Museum,Museums,Individual,Foreign,3793
2025-06,Bahrain National Museum,Museums,Individual,GCC,929
2025-06,Bahrain National Theatre,Uncategorised,Individual,Arab,75
2025-06,Bahrain National Theatre,Uncategorised,Individual,Bahraini,800
2025-06,Bahrain National Theatre,Uncategorised,Individual,Foreign,50
2025-06,Bahrain National Theatre,Uncategorised,Individual,GCC,50
2025-06,Bani Jamra Textile Weaving,Handicraft Sites,Groups,Tour Agencies,32
2025-06,Bani Jamra Textile Weaving,Handicraft Sites,Individual,Bahraini,19
2025-06,Bani Jamra Textile Weaving,Handicraft Sites,Individual,Foreign,4
2025-06,Barbar Temples,Archaeological Sites,Groups,Tour Agencies,1
2025-06,Barbar Temples,Archaeological Sites,Individual,Arab,6
2025-06,Barbar Temples,Archaeological Sites,Individual,Foreign,24
2025-06,Barbar Temples,Archaeological Sites,Individual,GCC,24
2025-06,Bu Maher,Archaeological Sites,Groups,Organized Group,29
2025-06,Bu Maher,Archaeological Sites,Groups,Tour Agencies,44
2025-06,Bu Maher,Archaeological Sites,Individual,Arab,31
2025-06,Bu Maher,Archaeological Sites,Individual,Bahraini,519
2025-06,Bu Maher,Archaeological Sites,Individual,Foreign,2003
2025-06,Bu Maher,Archaeological Sites,Individual,GCC,41
2025-06,Bu Maher,Forts,Groups,Organized Group,29
2025-06,Bu Maher,Forts,Groups,Tour Agencies,44
2025-06,Bu Maher,Forts,Individual,Arab,31
2025-06,Bu Maher,Forts,Individual,Bahraini,519
2025-06,Bu Maher,Forts,Individual,Foreign,2003
2025-06,Bu Maher,Forts,Individual,GCC,41
2025-06,Bu Maher,Pearling Path Sites,Groups,Organized Group,29
2025-06,Bu Maher,Pearling Path Sites,Groups,Tour Agencies,44
2025-06,Bu Maher,Pearling Path Sites,Individual,Arab,31
2025-06,Bu Maher,Pearling Path Sites,Individual,Bahraini,519
2025-06,Bu Maher,Pearling Path Sites,Individual,Foreign,2003
2025-06,Bu Maher,Pearling Path Sites,Individual,GCC,41
2025-06,Cultural Hall,Uncategorised,Individual,Arab,162
2025-06,Cultural Hall,Uncategorised,Individual,Bahraini,5758
2025-06,Cultural Hall,Uncategorised,Individual,Foreign,1392
2025-06,Cultural Hall,Uncategorised,Individual,GCC,553
2025-06,Fakhro House,Pearling Path Sites,Groups,VIP,6
2025-06,Fakhro House,Pearling Path Sites,Individual,Bahraini,20
2025-06,Fakhro House,Pearling Path Sites,Individual,Foreign,49
2025-06,Fakhro House,Pearling Path Sites,Individual,GCC,9
2025-06,House of Baskets,Handicraft Sites,Educational,Government School,30
2025-06,House of Baskets,Handicraft Sites,Groups,VIP,4
2025-06,House of Baskets,Handicraft Sites,Individual,Bahraini,64
2025-06,House of Baskets,Handicraft Sites,Individual,Foreign,28
2025-06,House of Baskets,Handicraft Sites,Individual,GCC,17
2025-06,Pearling Path Visitor Center,Pearling Path Sites,Groups,Tour Agencies,20
2025-06,Pearling Path Visitor Center,Pearling Path Sites,Groups,VIP,4
2025-06,Pearling Path Visitor Center,Pearling Path Sites,Individual,Arab,16
2025-06,Pearling Path Visitor Center,Pearling Path Sites,Individual,Bahraini,15
2025-06,Pearling Path Visitor Center,Pearling Path Sites,Individual,Foreign,301
2025-06,Pearling Path Visitor Center,Pearling Path Sites,Individual,GCC,65
2025-06,Post Office Museum,Museums,Groups,Tour Agencies,3
2025-06,Post Office Museum,Museums,Individual,Arab,4
2025-06,Post Office Museum,Museums,Individual,Bahraini,70
2025-06,Post Office Museum,Museums,Individual,Foreign,81
2025-06,Post Office Museum,Museums,Individual,GCC,24
2025-06,Qalat Al Bahrain Site Museum,Museums,Groups,Organized Group,54
2025-06,Qalat Al Bahrain Site Museum,Museums,Groups,VIP,4
2025-06,Qalat Al Bahrain Site Museum,Museums,Individual,Arab,3
2025-06,Qalat Al Bahrain Site Museum,Museums,Individual,Bahraini,45
2025-06,Qalat Al Bahrain Site Museum,Museums,Individual,Foreign,365
2025-06,Qalat Al Bahrain Site Museum,Museums,Individual,GCC,4
2025-06,Saar Settlement,Archaeological Sites,Groups,Organized Group,6
2025-06,Saar Settlement,Archaeological Sites,Individual,Bahraini,3
2025-06,Sheikh Salman Bin Ahmed Al Fateh Fort,Forts,Individual,Arab,22
2025-06,Sheikh Salman Bin Ahmed Al Fateh Fort,Forts,Individual,Bahraini,25
2025-06,Sheikh Salman Bin Ahmed Al Fateh Fort,Forts,Individual,Foreign,112
2025-06,Siyadi Majlis,Pearling Path Sites,Individual,Arab,7
2025-06,Siyadi Majlis,Pearling Path Sites,Individual,Bahraini,47
2025-06,Siyadi Majlis,Pearling Path Sites,Individual,Foreign,281
2025-06,Siyadi Majlis,Pearling Path Sites,Individual,GCC,11
2025-06,Tree of Life Visitors Centre,Uncategorised,Groups,Tour Agencies,304
2025-06,Tree of Life Visitors Centre,Uncategorised,Individual,Arab,1022
2025-06,Tree of Life Visitors Centre,Uncategorised,Individual,Bahraini,109
2025-06,Tree of Life Visitors Centre,Uncategorised,Individual,Foreign,5303
2025-07,Aali burial mounds,Archaeological Sites,Individual,GCC,4
2025-07,Al Jasra Handicrafts Centre,Handicraft Sites,Educational,Government School,48
2025-07,Al Jasra Handicrafts Centre,Handicraft Sites,Educational,Institutes,39
2025-07,Al Jasra Handicrafts Centre,Handicraft Sites,Educational,Private School,58
2025-07,Al Jasra Handicrafts Centre,Handicraft Sites,Groups,Organized Group,69
2025-07,Al Jasra Handicrafts Centre,Handicraft Sites,Individual,Arab,4
2025-07,Al Jasra Handicrafts Centre,Handicraft Sites,Individual,Bahraini,374
2025-07,Al Jasra Handicrafts Centre,Handicraft Sites,Individual,Foreign,26
2025-07,Al Jasra House,Uncategorised,Individual,Arab,6
2025-07,Al Jasra House,Uncategorised,Individual,Bahraini,14
2025-07,Al Jasra House,Uncategorised,Individual,Foreign,35
2025-07,Al Khalefeyah Library,Uncategorised,Individual,Arab,28
2025-07,Al Khalefeyah Library,Uncategorised,Individual,Bahraini,51
2025-07,Al Khalefeyah Library,Uncategorised,Individual,Foreign,206
2025-07,Al Khalefeyah Library,Uncategorised,Individual,GCC,9
2025-07,Al Khamis Mosque & Visitor Centre,Archaeological Sites,Individual,Bahraini,3
2025-07,Al Khamis Mosque & Visitor Centre,Archaeological Sites,Individual,Foreign,23
2025-07,Al Khamis Mosque & Visitor Centre,Archaeological Sites,Individual,GCC,4
2025-07,Bab Al Bahrain Information Center,Uncategorised,Individual,Arab,30
2025-07,Bab Al Bahrain Information Center,Uncategorised,Individual,Bahraini,9
2025-07,Bab Al Bahrain Information Center,Uncategorised,Individual,Foreign,16
2025-07,Bahrain Fort Site,Archaeological Sites,Groups,Tour Agencies,120
2025-07,Bahrain Fort Site,Archaeological Sites,Groups,VIP,24
2025-07,Bahrain Fort Site,Archaeological Sites,Individual,Arab,699
2025-07,Bahrain Fort Site,Archaeological Sites,Individual,Bahraini,2000
2025-07,Bahrain Fort Site,Archaeological Sites,Individual,Foreign,3654
2025-07,Bahrain Fort Site,Archaeological Sites,Individual,GCC,320
2025-07,Bahrain Fort Site,Forts,Groups,Tour Agencies,120
2025-07,Bahrain Fort Site,Forts,Groups,VIP,24
2025-07,Bahrain Fort Site,Forts,Individual,Arab,699
2025-07,Bahrain Fort Site,Forts,Individual,Bahraini,2000
2025-07,Bahrain Fort Site,Forts,Individual,Foreign,3654
2025-07,Bahrain Fort Site,Forts,Individual,GCC,320
2025-07,Bahrain National Museum,Museums,Educational,Institutes,18
2025-07,Bahrain National Museum,Museums,Groups,Organized Group,322
2025-07,Bahrain National Museum,Museums,Groups,Tour Agencies,25
2025-07,Bahrain National Museum,Museums,Groups,VIP,19
2025-07,Bahrain National Museum,Museums,Individual,Arab,144
2025-07,Bahrain National Museum,Museums,Individual,Bahraini,395
2025-07,Bahrain National Museum,Museums,Individual,Foreign,2998
2025-07,Bahrain National Museum,Museums,Individual,GCC,1068
2025-07,Bani Jamra Textile Weaving,Handicraft Sites,Educational,Institutes,50
2025-07,Bani Jamra Textile Weaving,Handicraft Sites,Individual,Bahraini,39
2025-07,Bani Jamra Textile Weaving,Handicraft Sites,Individual,Foreign,10
2025-07,Bani Jamra Textile Weaving,Handicraft Sites,Individual,GCC,2
2025-07,Barbar Temples,Archaeological Sites,Individual,Arab,1
2025-07,Barbar Temples,Archaeological Sites,Individual,Foreign,2
2025-07,Barbar Temples,Archaeological Sites,Individual,GCC,12
2025-07,Bu Maher,Archaeological Sites,Individual,Arab,33
2025-07,Bu Maher,Archaeological Sites,Individual,Bahraini,37
2025-07,Bu Maher,Archaeological Sites,Individual,Foreign,1018
2025-07,Bu Maher,Archaeological Sites,Individual,GCC,24
2025-07,Bu Maher,Forts,Individual,Arab,33
2025-07,Bu Maher,Forts,Individual,Bahraini,37
2025-07,Bu Maher,Forts,Individual,Foreign,1018
2025-07,Bu Maher,Forts,Individual,GCC,24
2025-07,Bu Maher,Pearling Path Sites,Individual,Arab,33
2025-07,Bu Maher,Pearling Path Sites,Individual,Bahraini,37
2025-07,Bu Maher,Pearling Path Sites,Individual,Foreign,1018
2025-07,Bu Maher,Pearling Path Sites,Individual,GCC,24
2025-07,House of Baskets,Handicraft Sites,Groups,Organized Group,126
2025-07,House of Baskets,Handicraft Sites,Individual,Arab,5
2025-07,House of Baskets,Handicraft Sites,Individual,Bahraini,62
2025-07,House of Baskets,Handicraft Sites,Individual,Foreign,38
2025-07,House of Baskets,Handicraft Sites,Individual,GCC,48
2025-07,Pearling Path Visitor Center,Pearling Path Sites,Individual,Arab,41
2025-07,Pearling Path Visitor Center,Pearling Path Sites,Individual,Foreign,124
2025-07,Pearling Path Visitor Center,Pearling Path Sites,Individual,GCC,13
2025-07,Post Office Museum,Museums,Individual,Arab,3
2025-07,Post Office Museum,Museums,Individual,Bahraini,86
2025-07,Post Office Museum,Museums,Individual,Foreign,97
2025-07,Post Office Museum,Museums,Individual,GCC,71
2025-07,Qalat Al Bahrain Site Museum,Museums,Educational,College or University,2
2025-07,Qalat Al Bahrain Site Museum,Museums,Groups,Organized Group,123
2025-07,Qalat Al Bahrain Site Museum,Museums,Groups,VIP,13
2025-07,Qalat Al Bahrain Site Museum,Museums,Individual,Arab,2
2025-07,Qalat Al Bahrain Site Museum,Museums,Individual,Bahraini,61
2025-07,Qalat Al Bahrain Site Museum,Museums,Individual,Foreign,254
2025-07,Qalat Al Bahrain Site Museum,Museums,Individual,GCC,15
2025-07,Saar Settlement,Archaeological Sites,Groups,Tour Agencies,20
2025-07,Saar Settlement,Archaeological Sites,Individual,Bahraini,2
2025-07,Sheikh Salman Bin Ahmed Al Fateh Fort,Forts,Individual,Arab,19
2025-07,Sheikh Salman Bin Ahmed Al Fateh Fort,Forts,Individual,Foreign,92
2025-07,Siyadi Majlis,Pearling Path Sites,Groups,VIP,20
2025-07,Siyadi Majlis,Pearling Path Sites,Individual,Arab,4
2025-07,Siyadi Majlis,Pearling Path Sites,Individual,Bahraini,27
2025-07,Siyadi Majlis,Pearling Path Sites,Individual,Foreign,101
2025-07,Siyadi Majlis,Pearling Path Sites,Individual,GCC,7
2025-07,Tree of Life Visitors Centre,Uncategorised,Groups,Tour Agencies,53
2025-07,Tree of Life Visitors Centre,Uncategorised,Individual,Arab,324
2025-07,Tree of Life Visitors Centre,Uncategorised,Individual,Bahraini,43
2025-07,Tree of Life Visitors Centre,Uncategorised,Individual,Foreign,2525
2025-08,Al Jasra Handicrafts Centre,Handicraft Sites,Educational,Private School,24
2025-08,Al Jasra Handicrafts Centre,Handicraft Sites,Groups,Tour Agencies,22
2025-08,Al Jasra Handicrafts Centre,Handicraft Sites,Groups,VIP,10
2025-08,Al Jasra Handicrafts Centre,Handicraft Sites,Individual,Bahraini,153
2025-08,Al Jasra Handicrafts Centre,Handicraft Sites,Individual,Foreign,29
2025-08,Al Jasra House,Uncategorised,Individual,Bahraini,5
2025-08,Al Jasra House,Uncategorised,Individual,Foreign,55
2025-08,Al Khalefeyah Library,Uncategorised,Individual,Arab,29
2025-08,Al Khalefeyah Library,Uncategorised,Individual,Bahraini,43
2025-08,Al Khalefeyah Library,Uncategorised,Individual,Foreign,258
2025-08,Al Khalefeyah Library,Uncategorised,Individual,GCC,5
2025-08,Al Khamis Mosque & Visitor Centre,Archaeological Sites,Individual,Arab,2
2025-08,Al Khamis Mosque & Visitor Centre,Archaeological Sites,Individual,Bahraini,6
2025-08,Al Khamis Mosque & Visitor Centre,Archaeological Sites,Individual,Foreign,19
2025-08,Al Khamis Mosque & Visitor Centre,Archaeological Sites,Individual,GCC,2
2025-08,Art Center,Uncategorised,Individual,Bahraini,160
2025-08,Bab Al Bahrain Information Center,Uncategorised,Individual,Arab,19
2025-08,Bab Al Bahrain Information Center,Uncategorised,Individual,Bahraini,7
2025-08,Bab Al Bahrain Information Center,Uncategorised,Individual,Foreign,20
2025-08,Bahrain Fort Site,Archaeological Sites,Groups,Tour Agencies,288
2025-08,Bahrain Fort Site,Archaeological Sites,Individual,Arab,166
2025-08,Bahrain Fort Site,Archaeological Sites,Individual,Bahraini,1208
2025-08,Bahrain Fort Site,Archaeological Sites,Individual,Foreign,2775
2025-08,Bahrain Fort Site,Archaeological Sites,Individual,GCC,143
2025-08,Bahrain Fort Site,Forts,Groups,Tour Agencies,288
2025-08,Bahrain Fort Site,Forts,Individual,Arab,166
2025-08,Bahrain Fort Site,Forts,Individual,Bahraini,1208
2025-08,Bahrain Fort Site,Forts,Individual,Foreign,2775
2025-08,Bahrain Fort Site,Forts,Individual,GCC,143
2025-08,Bahrain National Museum,Museums,Groups,Organized Group,583
2025-08,Bahrain National Museum,Museums,Groups,Tour Agencies,56
2025-08,Bahrain National Museum,Museums,Groups,VIP,1
2025-08,Bahrain National Museum,Museums,Individual,Arab,144
2025-08,Bahrain National Museum,Museums,Individual,Bahraini,750
2025-08,Bahrain National Museum,Museums,Individual,Foreign,3184
2025-08,Bahrain National Museum,Museums,Individual,GCC,1405
2025-08,Bani Jamra Textile Weaving,Handicraft Sites,Groups,Organized Group,26
2025-08,Bani Jamra Textile Weaving,Handicraft Sites,Individual,Bahraini,57
2025-08,Bani Jamra Textile Weaving,Handicraft Sites,Individual,Foreign,23
2025-08,Bu Maher,Archaeological Sites,Groups,Organized Group,15
2025-08,Bu Maher,Archaeological Sites,Groups,Tour Agencies,16
2025-08,Bu Maher,Archaeological Sites,Individual,Arab,6
2025-08,Bu Maher,Archaeological Sites,Individual,Bahraini,47
2025-08,Bu Maher,Archaeological Sites,Individual,Foreign,623
2025-08,Bu Maher,Archaeological Sites,Individual,GCC,19
2025-08,Bu Maher,Forts,Groups,Organized Group,15
2025-08,Bu Maher,Forts,Groups,Tour Agencies,16
2025-08,Bu Maher,Forts,Individual,Arab,6
2025-08,Bu Maher,Forts,Individual,Bahraini,47
2025-08,Bu Maher,Forts,Individual,Foreign,623
2025-08,Bu Maher,Forts,Individual,GCC,19
2025-08,Bu Maher,Pearling Path Sites,Groups,Organized Group,15
2025-08,Bu Maher,Pearling Path Sites,Groups,Tour Agencies,16
2025-08,Bu Maher,Pearling Path Sites,Individual,Arab,6
2025-08,Bu Maher,Pearling Path Sites,Individual,Bahraini,47
2025-08,Bu Maher,Pearling Path Sites,Individual,Foreign,623
2025-08,Bu Maher,Pearling Path Sites,Individual,GCC,19
2025-08,Cultural Hall,Uncategorised,Individual,Bahraini,5660
2025-08,House of Baskets,Handicraft Sites,Groups,Organized Group,27
2025-08,House of Baskets,Handicraft Sites,Individual,Arab,5
2025-08,House of Baskets,Handicraft Sites,Individual,Bahraini,58
2025-08,House of Baskets,Handicraft Sites,Individual,Foreign,39
2025-08,House of Baskets,Handicraft Sites,Individual,GCC,22
2025-08,Pearling Path Visitor Center,Pearling Path Sites,Groups,Tour Agencies,20
2025-08,Pearling Path Visitor Center,Pearling Path Sites,Individual,Arab,23
2025-08,Pearling Path Visitor Center,Pearling Path Sites,Individual,Bahraini,11
2025-08,Pearling Path Visitor Center,Pearling Path Sites,Individual,Foreign,110
2025-08,Pearling Path Visitor Center,Pearling Path Sites,Individual,GCC,38
2025-08,Post Office Museum,Museums,Educational,Kinder Garden,24
2025-08,Post Office Museum,Museums,Individual,Arab,9
2025-08,Post Office Museum,Museums,Individual,Bahraini,44
2025-08,Post Office Museum,Museums,Individual,Foreign,56
2025-08,Post Office Museum,Museums,Individual,GCC,82
2025-08,Qalat Al Bahrain Site Museum,Museums,Groups,Organized Group,10
2025-08,Qalat Al Bahrain Site Museum,Museums,Groups,VIP,39
2025-08,Qalat Al Bahrain Site Museum,Museums,Individual,Arab,5
2025-08,Qalat Al Bahrain Site Museum,Museums,Individual,Bahraini,61
2025-08,Qalat Al Bahrain Site Museum,Museums,Individual,Foreign,349
2025-08,Qalat Al Bahrain Site Museum,Museums,Individual,GCC,4
2025-08,Sheikh Salman Bin Ahmed Al Fateh Fort,Forts,Individual,Arab,9
2025-08,Sheikh Salman Bin Ahmed Al Fateh Fort,Forts,Individual,Foreign,53
2025-08,Siyadi Majlis,Pearling Path Sites,Individual,Arab,7
2025-08,Siyadi Majlis,Pearling Path Sites,Individual,Bahraini,14
2025-08,Siyadi Majlis,Pearling Path Sites,Individual,Foreign,115
2025-08,Siyadi Majlis,Pearling Path Sites,Individual,GCC,6
2025-08,Tree of Life Visitors Centre,Uncategorised,Groups,Tour Agencies,172
2025-08,Tree of Life Visitors Centre,Uncategorised,Individual,Arab,439
2025-08,Tree of Life Visitors Centre,Uncategorised,Individual,Bahraini,49
2025-08,Tree of Life Visitors Centre,Uncategorised,Individual,Foreign,3266
2025-09,Aali burial mounds,Archaeological Sites,Individual,GCC,3
2025-09,Al Alawi House,Pearling Path Sites,Individual,Foreign,2
2025-09,Al Ghus House,Pearling Path Sites,Groups,Tour Agencies,2
2025-09,Al Ghus House,Pearling Path Sites,Groups,VIP,4
2025-09,Al Ghus House,Pearling Path Sites,Individual,Arab,2
2025-09,Al Ghus House,Pearling Path Sites,Individual,Foreign,107
2025-09,Al Ghus House,Pearling Path Sites,Individual,GCC,10
2025-09,Al Jalahma House,Pearling Path Sites,Groups,Tour Agencies,9
2025-09,Al Jalahma House,Pearling Path Sites,Groups,VIP,8
2025-09,Al Jalahma House,Pearling Path Sites,Individual,Arab,1
2025-09,Al Jalahma House,Pearling Path Sites,Individual,Foreign,110
2025-09,Al Jasra Handicrafts Centre,Handicraft Sites,Groups,Tour Agencies,71
2025-09,Al Jasra Handicrafts Centre,Handicraft Sites,Groups,VIP,6
2025-09,Al Jasra Handicrafts Centre,Handicraft Sites,Individual,Arab,6
2025-09,Al Jasra Handicrafts Centre,Handicraft Sites,Individual,Bahraini,78
2025-09,Al Jasra Handicrafts Centre,Handicraft Sites,Individual,Foreign,40
2025-09,Al Jasra House,Uncategorised,Individual,Bahraini,9
2025-09,Al Jasra House,Uncategorised,Individual,Foreign,34
2025-09,Al Khalefeyah Library,Uncategorised,Individual,Arab,79
2025-09,Al Khalefeyah Library,Uncategorised,Individual,Bahraini,62
2025-09,Al Khalefeyah Library,Uncategorised,Individual,Foreign,197
2025-09,Al Khalefeyah Library,Uncategorised,Individual,GCC,8
2025-09,Al Khamis Mosque & Visitor Centre,Archaeological Sites,Individual,Bahraini,22
2025-09,Al Khamis Mosque & Visitor Centre,Archaeological Sites,Individual,Foreign,24
2025-09,Al Khamis Mosque & Visitor Centre,Archaeological Sites,Individual,GCC,2
2025-09,Art Center,Uncategorised,Individual,Arab,6
2025-09,Art Center,Uncategorised,Individual,Bahraini,521
2025-09,Art Center,Uncategorised,Individual,Foreign,4
2025-09,Art Center,Uncategorised,Individual,GCC,20
2025-09,Bab Al Bahrain Information Center,Uncategorised,Individual,Arab,13
2025-09,Bab Al Bahrain Information Center,Uncategorised,Individual,Bahraini,5
2025-09,Bab Al Bahrain Information Center,Uncategorised,Individual,Foreign,18
2025-09,Badr Gulum and Turabi House,Pearling Path Sites,Individual,Bahraini,7
2025-09,Badr Gulum and Turabi House,Pearling Path Sites,Individual,Foreign,66
2025-09,Bahrain Fort Site,Archaeological Sites,Educational,Government School,14
2025-09,Bahrain Fort Site,Archaeological Sites,Groups,Organized Group,38
2025-09,Bahrain Fort Site,Archaeological Sites,Groups,Tour Agencies,1724
2025-09,Bahrain Fort Site,Archaeological Sites,Individual,Arab,3933
2025-09,Bahrain Fort Site,Archaeological Sites,Individual,Bahraini,13108
2025-09,Bahrain Fort Site,Archaeological Sites,Individual,Foreign,27941
2025-09,Bahrain Fort Site,Archaeological Sites,Individual,GCC,1660
2025-09,Bahrain Fort Site,Forts,Educational,Government School,14
2025-09,Bahrain Fort Site,Forts,Groups,Organized Group,38
2025-09,Bahrain Fort Site,Forts,Groups,Tour Agencies,1724
2025-09,Bahrain Fort Site,Forts,Individual,Arab,3933
2025-09,Bahrain Fort Site,Forts,Individual,Bahraini,13108
2025-09,Bahrain Fort Site,Forts,Individual,Foreign,27941
2025-09,Bahrain Fort Site,Forts,Individual,GCC,1660
2025-09,Bahrain National Museum,Museums,Educational,Government School,100
2025-09,Bahrain National Museum,Museums,Educational,Institutes,138
2025-09,Bahrain National Museum,Museums,Educational,Private School,136
2025-09,Bahrain National Museum,Museums,Groups,Organized Group,206
2025-09,Bahrain National Museum,Museums,Groups,VIP,21
2025-09,Bahrain National Museum,Museums,Individual,Arab,129
2025-09,Bahrain National Museum,Museums,Individual,Bahraini,361
2025-09,Bahrain National Museum,Museums,Individual,Foreign,3049
2025-09,Bahrain National Museum,Museums,Individual,GCC,636
2025-09,Bahrain National Theatre,Uncategorised,Individual,Arab,100
2025-09,Bahrain National Theatre,Uncategorised,Individual,Bahraini,400
2025-09,Bahrain National Theatre,Uncategorised,Individual,Foreign,200
2025-09,Bani Jamra Textile Weaving,Handicraft Sites,Groups,Tour Agencies,15
2025-09,Bani Jamra Textile Weaving,Handicraft Sites,Individual,Bahraini,47
2025-09,Bani Jamra Textile Weaving,Handicraft Sites,Individual,Foreign,14
2025-09,Bani Jamra Textile Weaving,Handicraft Sites,Individual,GCC,3
2025-09,Bu Maher,Archaeological Sites,Groups,Organized Group,171
2025-09,Bu Maher,Archaeological Sites,Groups,VIP,7
2025-09,Bu Maher,Archaeological Sites,Individual,Arab,17
2025-09,Bu Maher,Archaeological Sites,Individual,Bahraini,51
2025-09,Bu Maher,Archaeological Sites,Individual,Foreign,707
2025-09,Bu Maher,Archaeological Sites,Individual,GCC,5
2025-09,Bu Maher,Forts,Groups,Organized Group,171
2025-09,Bu Maher,Forts,Groups,VIP,7
2025-09,Bu Maher,Forts,Individual,Arab,17
2025-09,Bu Maher,Forts,Individual,Bahraini,51
2025-09,Bu Maher,Forts,Individual,Foreign,707
2025-09,Bu Maher,Forts,Individual,GCC,5
2025-09,Bu Maher,Pearling Path Sites,Groups,Organized Group,171
2025-09,Bu Maher,Pearling Path Sites,Groups,VIP,7
2025-09,Bu Maher,Pearling Path Sites,Individual,Arab,17
2025-09,Bu Maher,Pearling Path Sites,Individual,Bahraini,51
2025-09,Bu Maher,Pearling Path Sites,Individual,Foreign,707
2025-09,Bu Maher,Pearling Path Sites,Individual,GCC,5
2025-09,Cultural Hall,Uncategorised,Individual,Arab,276
2025-09,Cultural Hall,Uncategorised,Individual,Bahraini,1010
2025-09,Cultural Hall,Uncategorised,Individual,Foreign,630
2025-09,Cultural Hall,Uncategorised,Individual,GCC,300
2025-09,Fakhro House,Pearling Path Sites,Groups,VIP,2
2025-09,Fakhro House,Pearling Path Sites,Individual,Foreign,4
2025-09,House of Baskets,Handicraft Sites,Groups,VIP,9
2025-09,House of Baskets,Handicraft Sites,Individual,Arab,2
2025-09,House of Baskets,Handicraft Sites,Individual,Bahraini,61
2025-09,House of Baskets,Handicraft Sites,Individual,Foreign,31
2025-09,House of Baskets,Handicraft Sites,Individual,GCC,17
2025-09,Pearling Path Visitor Center,Pearling Path Sites,Groups,Tour Agencies,225
2025-09,Pearling Path Visitor Center,Pearling Path Sites,Individual,Arab,95
2025-09,Pearling Path Visitor Center,Pearling Path Sites,Individual,Bahraini,56
2025-09,Pearling Path Visitor Center,Pearling Path Sites,Individual,Foreign,288
2025-09,Pearling Path Visitor Center,Pearling Path Sites,Individual,GCC,67
2025-09,Qalat Al Bahrain Site Museum,Museums,Educational,Government School,55
2025-09,Qalat Al Bahrain Site Museum,Museums,Groups,Organized Group,3
2025-09,Qalat Al Bahrain Site Museum,Museums,Groups,VIP,5
2025-09,Qalat Al Bahrain Site Museum,Museums,Individual,Arab,4
2025-09,Qalat Al Bahrain Site Museum,Museums,Individual,Bahraini,52
2025-09,Qalat Al Bahrain Site Museum,Museums,Individual,Foreign,375
2025-09,Qalat Al Bahrain Site Museum,Museums,Individual,GCC,39
2025-09,Sheikh Salman Bin Ahmed Al Fateh Fort,Forts,Groups,VIP,3
2025-09,Sheikh Salman Bin Ahmed Al Fateh Fort,Forts,Individual,Arab,25
2025-09,Sheikh Salman Bin Ahmed Al Fateh Fort,Forts,Individual,Foreign,58
2025-09,Siyadi Majlis,Pearling Path Sites,Groups,VIP,3
2025-09,Siyadi Majlis,Pearling Path Sites,Individual,Arab,5
2025-09,Siyadi Majlis,Pearling Path Sites,Individual,Bahraini,23
2025-09,Siyadi Majlis,Pearling Path Sites,Individual,Foreign,216
2025-09,Siyadi Majlis,Pearling Path Sites,Individual,GCC,5
2025-09,Tree of Life Visitors Centre,Uncategorised,Groups,Tour Agencies,608
2025-09,Tree of Life Visitors Centre,Uncategorised,Individual,Arab,368
2025-09,Tree of Life Visitors Centre,Uncategorised,Individual,Bahraini,242
2025-09,Tree of Life Visitors Centre,Uncategorised,Individual,Foreign,3562
2025-10,Aali burial mounds,Archaeological Sites,Individual,Foreign,2
2025-10,Aali burial mounds,Archaeological Sites,Individual,GCC,12
2025-10,Al Alawi House,Pearling Path Sites,Individual,Foreign,1
2025-10,Al Ghus House,Pearling Path Sites,Educational,College or University,23
2025-10,Al Ghus House,Pearling Path Sites,Groups,Tour Agencies,5
2025-10,Al Ghus House,Pearling Path Sites,Groups,VIP,12
2025-10,Al Ghus House,Pearling Path Sites,Individual,Arab,9
2025-10,Al Ghus House,Pearling Path Sites,Individual,Foreign,362
2025-10,Al Ghus House,Pearling Path Sites,Individual,GCC,25
2025-10,Al Jalahma House,Pearling Path Sites,Groups,Tour Agencies,26
2025-10,Al Jalahma House,Pearling Path Sites,Groups,VIP,4
2025-10,Al Jalahma House,Pearling Path Sites,Individual,Bahraini,4
2025-10,Al Jalahma House,Pearling Path Sites,Individual,Foreign,333
2025-10,Al Jalahma House,Pearling Path Sites,Individual,GCC,5
2025-10,Al Jasra Handicrafts Centre,Handicraft Sites,Educational,Private School,93
2025-10,Al Jasra Handicrafts Centre,Handicraft Sites,Groups,Tour Agencies,15
2025-10,Al Jasra Handicrafts Centre,Handicraft Sites,Groups,VIP,9
2025-10,Al Jasra Handicrafts Centre,Handicraft Sites,Individual,Arab,6
2025-10,Al Jasra Handicrafts Centre,Handicraft Sites,Individual,Bahraini,119
2025-10,Al Jasra Handicrafts Centre,Handicraft Sites,Individual,Foreign,127
2025-10,Al Jasra House,Uncategorised,Groups,Organized Group,13
2025-10,Al Jasra House,Uncategorised,Groups,Tour Agencies,13
2025-10,Al Jasra House,Uncategorised,Individual,Bahraini,16
2025-10,Al Jasra House,Uncategorised,Individual,Foreign,52
2025-10,Al Khalefeyah Library,Uncategorised,Individual,Arab,141
2025-10,Al Khalefeyah Library,Uncategorised,Individual,Bahraini,73
2025-10,Al Khalefeyah Library,Uncategorised,Individual,Foreign,237
2025-10,Al Khalefeyah Library,Uncategorised,Individual,GCC,13
2025-10,Al Khamis Mosque & Visitor Centre,Archaeological Sites,Individual,Bahraini,40
2025-10,Al Khamis Mosque & Visitor Centre,Archaeological Sites,Individual,Foreign,44
2025-10,Al Khamis Mosque & Visitor Centre,Archaeological Sites,Individual,GCC,3
2025-10,Art Center,Uncategorised,Individual,Bahraini,358
2025-10,Bab Al Bahrain Information Center,Uncategorised,Educational,Private School,21
2025-10,Bab Al Bahrain Information Center,Uncategorised,Individual,Arab,32
2025-10,Bab Al Bahrain Information Center,Uncategorised,Individual,Bahraini,25
2025-10,Bab Al Bahrain Information Center,Uncategorised,Individual,Foreign,70
2025-10,Badr Gulum and Turabi House,Pearling Path Sites,Groups,Organized Group,76
2025-10,Badr Gulum and Turabi House,Pearling Path Sites,Individual,Bahraini,17
2025-10,Badr Gulum and Turabi House,Pearling Path Sites,Individual,Foreign,245
2025-10,Bahrain Fort Site,Archaeological Sites,Educational,Government School,156
2025-10,Bahrain Fort Site,Archaeological Sites,Groups,Organized Group,274
2025-10,Bahrain Fort Site,Archaeological Sites,Groups,Tour Agencies,4425
2025-10,Bahrain Fort Site,Archaeological Sites,Groups,VIP,288
2025-10,Bahrain Fort Site,Archaeological Sites,Individual,Arab,10195
2025-10,Bahrain Fort Site,Archaeological Sites,Individual,Bahraini,29726
2025-10,Bahrain Fort Site,Archaeological Sites,Individual,Foreign,61212
2025-10,Bahrain Fort Site,Archaeological Sites,Individual,GCC,3820
2025-10,Bahrain Fort Site,Forts,Educational,Government School,156
2025-10,Bahrain Fort Site,Forts,Groups,Organized Group,274
2025-10,Bahrain Fort Site,Forts,Groups,Tour Agencies,4425
2025-10,Bahrain Fort Site,Forts,Groups,VIP,288
2025-10,Bahrain Fort Site,Forts,Individual,Arab,10195
2025-10,Bahrain Fort Site,Forts,Individual,Bahraini,29726
2025-10,Bahrain Fort Site,Forts,Individual,Foreign,61212
2025-10,Bahrain Fort Site,Forts,Individual,GCC,3820
2025-10,Bahrain National Museum,Museums,Educational,Kinder Garden,112
2025-10,Bahrain National Museum,Museums,Educational,Private School,154
2025-10,Bahrain National Museum,Museums,Groups,Organized Group,91
2025-10,Bahrain National Museum,Museums,Groups,VIP,15
2025-10,Bahrain National Museum,Museums,Individual,Arab,103
2025-10,Bahrain National Museum,Museums,Individual,Bahraini,488
2025-10,Bahrain National Museum,Museums,Individual,Foreign,4552
2025-10,Bahrain National Museum,Museums,Individual,GCC,701
2025-10,Bahrain National Theatre,Uncategorised,Individual,Arab,352
2025-10,Bahrain National Theatre,Uncategorised,Individual,Bahraini,3954
2025-10,Bahrain National Theatre,Uncategorised,Individual,Foreign,110
2025-10,Bahrain National Theatre,Uncategorised,Individual,GCC,505
2025-10,Bani Jamra Textile Weaving,Handicraft Sites,Individual,Bahraini,39
2025-10,Bani Jamra Textile Weaving,Handicraft Sites,Individual,Foreign,38
2025-10,Bani Jamra Textile Weaving,Handicraft Sites,Individual,GCC,13
2025-10,Bu Maher,Archaeological Sites,Educational,College or University,21
2025-10,Bu Maher,Archaeological Sites,Groups,Organized Group,114
2025-10,Bu Maher,Archaeological Sites,Groups,Tour Agencies,236
2025-10,Bu Maher,Archaeological Sites,Groups,VIP,30
2025-10,Bu Maher,Archaeological Sites,Individual,Arab,37
2025-10,Bu Maher,Archaeological Sites,Individual,Bahraini,178
2025-10,Bu Maher,Archaeological Sites,Individual,Foreign,1629
2025-10,Bu Maher,Archaeological Sites,Individual,GCC,25
2025-10,Bu Maher,Forts,Educational,College or University,21
2025-10,Bu Maher,Forts,Groups,Organized Group,114
2025-10,Bu Maher,Forts,Groups,Tour Agencies,236
2025-10,Bu Maher,Forts,Groups,VIP,30
2025-10,Bu Maher,Forts,Individual,Arab,37
2025-10,Bu Maher,Forts,Individual,Bahraini,178
2025-10,Bu Maher,Forts,Individual,Foreign,1629
2025-10,Bu Maher,Forts,Individual,GCC,25
2025-10,Bu Maher,Pearling Path Sites,Educational,College or University,21
2025-10,Bu Maher,Pearling Path Sites,Groups,Organized Group,114
2025-10,Bu Maher,Pearling Path Sites,Groups,Tour Agencies,236
2025-10,Bu Maher,Pearling Path Sites,Groups,VIP,30
2025-10,Bu Maher,Pearling Path Sites,Individual,Arab,37
2025-10,Bu Maher,Pearling Path Sites,Individual,Bahraini,178
2025-10,Bu Maher,Pearling Path Sites,Individual,Foreign,1629
2025-10,Bu Maher,Pearling Path Sites,Individual,GCC,25
2025-10,Cultural Hall,Uncategorised,Individual,Arab,10
2025-10,Cultural Hall,Uncategorised,Individual,Bahraini,1901
2025-10,Cultural Hall,Uncategorised,Individual,Foreign,410
2025-10,Cultural Hall,Uncategorised,Individual,GCC,16
2025-10,Fakhro House,Pearling Path Sites,Educational,Government School,50
2025-10,Fakhro House,Pearling Path Sites,Groups,Tour Agencies,50
2025-10,Fakhro House,Pearling Path Sites,Groups,VIP,13
2025-10,Fakhro House,Pearling Path Sites,Individual,Bahraini,18
2025-10,Fakhro House,Pearling Path Sites,Individual,Foreign,167
2025-10,Fakhro House,Pearling Path Sites,Individual,GCC,4
2025-10,House of Baskets,Handicraft Sites,Groups,Organized Group,25
2025-10,House of Baskets,Handicraft Sites,Groups,Tour Agencies,81
2025-10,House of Baskets,Handicraft Sites,Individual,Arab,2
2025-10,House of Baskets,Handicraft Sites,Individual,Bahraini,78
2025-10,House of Baskets,Handicraft Sites,Individual,Foreign,20
2025-10,House of Baskets,Handicraft Sites,Individual,GCC,36
2025-10,Pearling Path Visitor Center,Pearling Path Sites,Educational,Private School,50
2025-10,Pearling Path Visitor Center,Pearling Path Sites,Groups,Tour Agencies,206
2025-10,Pearling Path Visitor Center,Pearling Path Sites,Individual,Arab,151
2025-10,Pearling Path Visitor Center,Pearling Path Sites,Individual,Bahraini,203
2025-10,Pearling Path Visitor Center,Pearling Path Sites,Individual,Foreign,567
2025-10,Pearling Path Visitor Center,Pearling Path Sites,Individual,GCC,186
2025-10,Post Office Museum,Museums,Educational,College or University,20
2025-10,Post Office Museum,Museums,Groups,Tour Agencies,26
2025-10,Post Office Museum,Museums,Groups,VIP,11
2025-10,Post Office Museum,Museums,Individual,Bahraini,75
2025-10,Post Office Museum,Museums,Individual,Foreign,227
2025-10,Post Office Museum,Museums,Individual,GCC,117
2025-10,Qalat Al Bahrain Site Museum,Museums,Educational,Government School,238
2025-10,Qalat Al Bahrain Site Museum,Museums,Educational,Private School,40
2025-10,Qalat Al Bahrain Site Museum,Museums,Groups,VIP,29
2025-10,Qalat Al Bahrain Site Museum,Museums,Individual,Arab,49
2025-10,Qalat Al Bahrain Site Museum,Museums,Individual,Bahraini,101
2025-10,Qalat Al Bahrain Site Museum,Museums,Individual,Foreign,622
2025-10,Qalat Al Bahrain Site Museum,Museums,Individual,GCC,295
2025-10,Sheikh Salman Bin Ahmed Al Fateh Fort,Forts,Groups,Tour Agencies,19
2025-10,Sheikh Salman Bin Ahmed Al Fateh Fort,Forts,Individual,Arab,103
2025-10,Sheikh Salman Bin Ahmed Al Fateh Fort,Forts,Individual,Bahraini,10
2025-10,Sheikh Salman Bin Ahmed Al Fateh Fort,Forts,Individual,Foreign,278
2025-10,Siyadi Majlis,Pearling Path Sites,Groups,Organized Group,14
2025-10,Siyadi Majlis,Pearling Path Sites,Groups,Tour Agencies,438
2025-10,Siyadi Majlis,Pearling Path Sites,Groups,VIP,43
2025-10,Siyadi Majlis,Pearling Path Sites,Individual,Arab,18
2025-10,Siyadi Majlis,Pearling Path Sites,Individual,Bahraini,68
2025-10,Siyadi Majlis,Pearling Path Sites,Individual,Foreign,358
2025-10,Siyadi Majlis,Pearling Path Sites,Individual,GCC,17
2025-10,Tree of Life Visitors Centre,Uncategorised,Groups,Tour Agencies,515
2025-10,Tree of Life Visitors Centre,Uncategorised,Individual,Arab,701
2025-10,Tree of Life Visitors Centre,Uncategorised,Individual,Bahraini,1500
2025-10,Tree of Life Visitors Centre,Uncategorised,Individual,Foreign,7827
2025-11,Aali burial mounds,Archaeological Sites,Groups,Tour Agencies,10
2025-11,Aali burial mounds,Archaeological Sites,Individual,Arab,4
2025-11,Aali burial mounds,Archaeological Sites,Individual,Foreign,2
2025-11,Aali burial mounds,Archaeological Sites,Individual,GCC,132
2025-11,Al Ghus House,Pearling Path Sites,Groups,Tour Agencies,57
2025-11,Al Ghus House,Pearling Path Sites,Groups,VIP,3
2025-11,Al Ghus House,Pearling Path Sites,Individual,Arab,40
2025-11,Al Ghus House,Pearling Path Sites,Individual,Bahraini,7
2025-11,Al Ghus House,Pearling Path Sites,Individual,Foreign,614
2025-11,Al Ghus House,Pearling Path Sites,Individual,GCC,34
2025-11,Al Jalahma House,Pearling Path Sites,Groups,Tour Agencies,275
2025-11,Al Jalahma House,Pearling Path Sites,Individual,Foreign,412
2025-11,Al Jalahma House,Pearling Path Sites,Individual,GCC,17
2025-11,Al Jasra Handicrafts Centre,Handicraft Sites,Educational,Private School,59
2025-11,Al Jasra Handicrafts Centre,Handicraft Sites,Groups,Tour Agencies,237
2025-11,Al Jasra Handicrafts Centre,Handicraft Sites,Individual,Arab,48
2025-11,Al Jasra Handicrafts Centre,Handicraft Sites,Individual,Bahraini,189
2025-11,Al Jasra Handicrafts Centre,Handicraft Sites,Individual,Foreign,155
2025-11,Al Jasra Handicrafts Centre,Handicraft Sites,Individual,GCC,12
2025-11,Al Jasra House,Uncategorised,Educational,Institutes,4
2025-11,Al Jasra House,Uncategorised,Educational,Kinder Garden,59
2025-11,Al Jasra House,Uncategorised,Groups,Organized Group,26
2025-11,Al Jasra House,Uncategorised,Groups,Tour Agencies,47
2025-11,Al Jasra House,Uncategorised,Individual,Arab,6
2025-11,Al Jasra House,Uncategorised,Individual,Bahraini,32
2025-11,Al Jasra House,Uncategorised,Individual,Foreign,116
2025-11,Al Jasra House,Uncategorised,Individual,GCC,2
2025-11,Al Khalefeyah Library,Uncategorised,Individual,Arab,128
2025-11,Al Khalefeyah Library,Uncategorised,Individual,Bahraini,93
2025-11,Al Khalefeyah Library,Uncategorised,Individual,Foreign,266
2025-11,Al Khalefeyah Library,Uncategorised,Individual,GCC,31
2025-11,Al Khamis Mosque & Visitor Centre,Archaeological Sites,Educational,Private School,44
2025-11,Al Khamis Mosque & Visitor Centre,Archaeological Sites,Groups,Organized Group,39
2025-11,Al Khamis Mosque & Visitor Centre,Archaeological Sites,Individual,Arab,7
2025-11,Al Khamis Mosque & Visitor Centre,Archaeological Sites,Individual,Bahraini,79
2025-11,Al Khamis Mosque & Visitor Centre,Archaeological Sites,Individual,Foreign,118
2025-11,Al Khamis Mosque & Visitor Centre,Archaeological Sites,Individual,GCC,9
2025-11,Art Center,Uncategorised,Educational,Private School,32
2025-11,Art Center,Uncategorised,Individual,Bahraini,666
2025-11,Bab Al Bahrain Information Center,Uncategorised,Individual,Arab,72
2025-11,Bab Al Bahrain Information Center,Uncategorised,Individual,Bahraini,35
2025-11,Bab Al Bahrain Information Center,Uncategorised,Individual,Foreign,271
2025-11,Bab Al Bahrain Information Center,Uncategorised,Individual,GCC,6
2025-11,Badr Gulum and Turabi House,Pearling Path Sites,Groups,Organized Group,139
2025-11,Badr Gulum and Turabi House,Pearling Path Sites,Groups,Tour Agencies,33
2025-11,Badr Gulum and Turabi House,Pearling Path Sites,Groups,VIP,27
2025-11,Badr Gulum and Turabi House,Pearling Path Sites,Individual,Bahraini,22
2025-11,Badr Gulum and Turabi House,Pearling Path Sites,Individual,Foreign,243
2025-11,Bahrain Fort Site,Archaeological Sites,Educational,College or University,182
2025-11,Bahrain Fort Site,Archaeological Sites,Educational,Government School,282
2025-11,Bahrain Fort Site,Archaeological Sites,Educational,Private School,278
2025-11,Bahrain Fort Site,Archaeological Sites,Groups,Organized Group,844
2025-11,Bahrain Fort Site,Archaeological Sites,Groups,Tour Agencies,19522
2025-11,Bahrain Fort Site,Archaeological Sites,Groups,VIP,207
2025-11,Bahrain Fort Site,Archaeological Sites,Individual,Arab,10031
2025-11,Bahrain Fort Site,Archaeological Sites,Individual,Bahraini,29475
2025-11,Bahrain Fort Site,Archaeological Sites,Individual,Foreign,60645
2025-11,Bahrain Fort Site,Archaeological Sites,Individual,GCC,3700
2025-11,Bahrain Fort Site,Forts,Educational,College or University,182
2025-11,Bahrain Fort Site,Forts,Educational,Government School,282
2025-11,Bahrain Fort Site,Forts,Educational,Private School,278
2025-11,Bahrain Fort Site,Forts,Groups,Organized Group,844
2025-11,Bahrain Fort Site,Forts,Groups,Tour Agencies,19522
2025-11,Bahrain Fort Site,Forts,Groups,VIP,207
2025-11,Bahrain Fort Site,Forts,Individual,Arab,10031
2025-11,Bahrain Fort Site,Forts,Individual,Bahraini,29475
2025-11,Bahrain Fort Site,Forts,Individual,Foreign,60645
2025-11,Bahrain Fort Site,Forts,Individual,GCC,3700
2025-11,Bahrain National Museum,Museums,Educational,College or University,30
2025-11,Bahrain National Museum,Museums,Educational,Government School,152
2025-11,Bahrain National Museum,Museums,Educational,Kinder Garden,472
2025-11,Bahrain National Museum,Museums,Educational,Private School,389
2025-11,Bahrain National Museum,Museums,Groups,Organized Group,65
2025-11,Bahrain National Museum,Museums,Groups,VIP,18
2025-11,Bahrain National Museum,Museums,Individual,Arab,187
2025-11,Bahrain National Museum,Museums,Individual,Bahraini,805
2025-11,Bahrain National Museum,Museums,Individual,Foreign,8472
2025-11,Bahrain National Museum,Museums,Individual,GCC,1201
2025-11,Bahrain National Theatre,Uncategorised,Educational,Government School,850
2025-11,Bahrain National Theatre,Uncategorised,Educational,Private School,400
2025-11,Bahrain National Theatre,Uncategorised,Individual,Bahraini,700
2025-11,Bahrain National Theatre,Uncategorised,Individual,Foreign,50
2025-11,Bahrain National Theatre,Uncategorised,Individual,GCC,100
2025-11,Bani Jamra Textile Weaving,Handicraft Sites,Individual,Bahraini,96
2025-11,Bani Jamra Textile Weaving,Handicraft Sites,Individual,Foreign,40
2025-11,Bani Jamra Textile Weaving,Handicraft Sites,Individual,GCC,2
2025-11,Bu Maher,Archaeological Sites,Groups,Organized Group,124
2025-11,Bu Maher,Archaeological Sites,Groups,Tour Agencies,684
2025-11,Bu Maher,Archaeological Sites,Groups,VIP,28
2025-11,Bu Maher,Archaeological Sites,Individual,Arab,51
2025-11,Bu Maher,Archaeological Sites,Individual,Bahraini,278
2025-11,Bu Maher,Archaeological Sites,Individual,Foreign,1948
2025-11,Bu Maher,Archaeological Sites,Individual,GCC,83
2025-11,Bu Maher,Forts,Groups,Organized Group,124
2025-11,Bu Maher,Forts,Groups,Tour Agencies,684
2025-11,Bu Maher,Forts,Groups,VIP,28
2025-11,Bu Maher,Forts,Individual,Arab,51
2025-11,Bu Maher,Forts,Individual,Bahraini,278
2025-11,Bu Maher,Forts,Individual,Foreign,1948
2025-11,Bu Maher,Forts,Individual,GCC,83
2025-11,Bu Maher,Pearling Path Sites,Groups,Organized Group,124
2025-11,Bu Maher,Pearling Path Sites,Groups,Tour Agencies,684
2025-11,Bu Maher,Pearling Path Sites,Groups,VIP,28
2025-11,Bu Maher,Pearling Path Sites,Individual,Arab,51
2025-11,Bu Maher,Pearling Path Sites,Individual,Bahraini,278
2025-11,Bu Maher,Pearling Path Sites,Individual,Foreign,1948
2025-11,Bu Maher,Pearling Path Sites,Individual,GCC,83
2025-11,Cultural Hall,Uncategorised,Individual,Bahraini,3184
2025-11,Cultural Hall,Uncategorised,Individual,Foreign,2383
2025-11,Fakhro House,Pearling Path Sites,Groups,Tour Agencies,2
2025-11,Fakhro House,Pearling Path Sites,Groups,VIP,8
2025-11,Fakhro House,Pearling Path Sites,Individual,Bahraini,106
2025-11,Fakhro House,Pearling Path Sites,Individual,Foreign,339
2025-11,Fakhro House,Pearling Path Sites,Individual,GCC,54
2025-11,House of Baskets,Handicraft Sites,Groups,Organized Group,18
2025-11,House of Baskets,Handicraft Sites,Groups,Tour Agencies,67
2025-11,House of Baskets,Handicraft Sites,Individual,Arab,5
2025-11,House of Baskets,Handicraft Sites,Individual,Bahraini,118
2025-11,House of Baskets,Handicraft Sites,Individual,Foreign,98
2025-11,House of Baskets,Handicraft Sites,Individual,GCC,45
2025-11,Post Office Museum,Museums,Educational,College or University,36
2025-11,Post Office Museum,Museums,Educational,Government School,20
2025-11,Post Office Museum,Museums,Educational,Private School,22
2025-11,Post Office Museum,Museums,Groups,Organized Group,14
2025-11,Post Office Museum,Museums,Groups,Tour Agencies,244
2025-11,Post Office Museum,Museums,Individual,Bahraini,139
2025-11,Post Office Museum,Museums,Individual,Foreign,461
2025-11,Post Office Museum,Museums,Individual,GCC,301
2025-11,Qalat Al Bahrain Site Museum,Museums,Educational,College or University,88
2025-11,Qalat Al Bahrain Site Museum,Museums,Educational,Government School,290
2025-11,Qalat Al Bahrain Site Museum,Museums,Educational,Kinder Garden,47
2025-11,Qalat Al Bahrain Site Museum,Museums,Educational,Private School,411
2025-11,Qalat Al Bahrain Site Museum,Museums,Groups,Organized Group,20
2025-11,Qalat Al Bahrain Site Museum,Museums,Groups,VIP,107
2025-11,Qalat Al Bahrain Site Museum,Museums,Individual,Arab,23
2025-11,Qalat Al Bahrain Site Museum,Museums,Individual,Bahraini,190
2025-11,Qalat Al Bahrain Site Museum,Museums,Individual,Foreign,1007
2025-11,Qalat Al Bahrain Site Museum,Museums,Individual,GCC,193
2025-11,Sheikh Salman Bin Ahmed Al Fateh Fort,Forts,Groups,Organized Group,30
2025-11,Sheikh Salman Bin Ahmed Al Fateh Fort,Forts,Groups,Tour Agencies,120
2025-11,Sheikh Salman Bin Ahmed Al Fateh Fort,Forts,Individual,Arab,114
2025-11,Sheikh Salman Bin Ahmed Al Fateh Fort,Forts,Individual,Bahraini,34
2025-11,Sheikh Salman Bin Ahmed Al Fateh Fort,Forts,Individual,Foreign,336
2025-11,Siyadi Majlis,Pearling Path Sites,Educational,Kinder Garden,4
2025-11,Siyadi Majlis,Pearling Path Sites,Educational,Private School,19
2025-11,Siyadi Majlis,Pearling Path Sites,Groups,Organized Group,199
2025-11,Siyadi Majlis,Pearling Path Sites,Groups,Tour Agencies,1436
2025-11,Siyadi Majlis,Pearling Path Sites,Groups,VIP,50
2025-11,Siyadi Majlis,Pearling Path Sites,Individual,Arab,22
2025-11,Siyadi Majlis,Pearling Path Sites,Individual,Bahraini,171
2025-11,Siyadi Majlis,Pearling Path Sites,Individual,Foreign,469
2025-11,Siyadi Majlis,Pearling Path Sites,Individual,GCC,36
2025-11,Tree of Life Visitors Centre,Uncategorised,Educational,College or University,18
2025-11,Tree of Life Visitors Centre,Uncategorised,Educational,Private School,154
2025-11,Tree of Life Visitors Centre,Uncategorised,Groups,Tour Agencies,2267
2025-11,Tree of Life Visitors Centre,Uncategorised,Individual,Arab,846
2025-11,Tree of Life Visitors Centre,Uncategorised,Individual,Bahraini,3662
2025-11,Tree of Life Visitors Centre,Uncategorised,Individual,Foreign,11525
2025-12,Aali burial mounds,Archaeological Sites,Groups,Organized Group,70
2025-12,Aali burial mounds,Archaeological Sites,Groups,Tour Agencies,19
2025-12,Aali burial mounds,Archaeological Sites,Individual,Bahraini,6
2025-12,Aali burial mounds,Archaeological Sites,Individual,Foreign,11
2025-12,Aali burial mounds,Archaeological Sites,Individual,GCC,141
2025-12,Al Alawi House,Pearling Path Sites,Individual,Bahraini,10989
2025-12,Al Ghus House,Pearling Path Sites,Individual,Bahraini,40266
2025-12,Al Jalahma House,Pearling Path Sites,Individual,Bahraini,60511
2025-12,Al Jasra Handicrafts Centre,Handicraft Sites,Educational,College or University,100
2025-12,Al Jasra Handicrafts Centre,Handicraft Sites,Educational,Kinder Garden,15
2025-12,Al Jasra Handicrafts Centre,Handicraft Sites,Educational,Private School,316
2025-12,Al Jasra Handicrafts Centre,Handicraft Sites,Groups,Tour Agencies,252
2025-12,Al Jasra Handicrafts Centre,Handicraft Sites,Individual,Arab,12
2025-12,Al Jasra Handicrafts Centre,Handicraft Sites,Individual,Bahraini,99
2025-12,Al Jasra Handicrafts Centre,Handicraft Sites,Individual,Foreign,152
2025-12,Al Jasra Handicrafts Centre,Handicraft Sites,Individual,GCC,7
2025-12,Al Jasra House,Uncategorised,Educational,College or University,120
2025-12,Al Jasra House,Uncategorised,Educational,Kinder Garden,118
2025-12,Al Jasra House,Uncategorised,Groups,Tour Agencies,310
2025-12,Al Jasra House,Uncategorised,Individual,Arab,4
2025-12,Al Jasra House,Uncategorised,Individual,Bahraini,51
2025-12,Al Jasra House,Uncategorised,Individual,Foreign,164
2025-12,Al Khalefeyah Library,Uncategorised,Individual,Arab,252
2025-12,Al Khalefeyah Library,Uncategorised,Individual,Bahraini,154
2025-12,Al Khalefeyah Library,Uncategorised,Individual,Foreign,229
2025-12,Al Khalefeyah Library,Uncategorised,Individual,GCC,37
2025-12,Al Khamis Mosque & Visitor Centre,Archaeological Sites,Educational,Kinder Garden,26
2025-12,Al Khamis Mosque & Visitor Centre,Archaeological Sites,Groups,Organized Group,11
2025-12,Al Khamis Mosque & Visitor Centre,Archaeological Sites,Individual,Arab,11
2025-12,Al Khamis Mosque & Visitor Centre,Archaeological Sites,Individual,Bahraini,62
2025-12,Al Khamis Mosque & Visitor Centre,Archaeological Sites,Individual,Foreign,77
2025-12,Al Khamis Mosque & Visitor Centre,Archaeological Sites,Individual,GCC,3
2025-12,Art Center,Uncategorised,Individual,Bahraini,366
2025-12,Bab Al Bahrain Information Center,Uncategorised,Individual,Arab,5
2025-12,Bab Al Bahrain Information Center,Uncategorised,Individual,Bahraini,6
2025-12,Bab Al Bahrain Information Center,Uncategorised,Individual,Foreign,13
2025-12,Badr Gulum and Turabi House,Pearling Path Sites,Individual,Bahraini,55328
2025-12,Bahrain Fort Site,Archaeological Sites,Educational,College or University,160
2025-12,Bahrain Fort Site,Archaeological Sites,Educational,Government School,276
2025-12,Bahrain Fort Site,Archaeological Sites,Educational,Kinder Garden,309
2025-12,Bahrain Fort Site,Archaeological Sites,Educational,Private School,688
2025-12,Bahrain Fort Site,Archaeological Sites,Groups,Organized Group,840
2025-12,Bahrain Fort Site,Archaeological Sites,Groups,Tour Agencies,22680
2025-12,Bahrain Fort Site,Archaeological Sites,Groups,VIP,28
2025-12,Bahrain Fort Site,Archaeological Sites,Individual,Arab,4995
2025-12,Bahrain Fort Site,Archaeological Sites,Individual,Bahraini,16552
2025-12,Bahrain Fort Site,Archaeological Sites,Individual,Foreign,47985
2025-12,Bahrain Fort Site,Archaeological Sites,Individual,GCC,2067
2025-12,Bahrain Fort Site,Forts,Educational,College or University,160
2025-12,Bahrain Fort Site,Forts,Educational,Government School,276
2025-12,Bahrain Fort Site,Forts,Educational,Kinder Garden,309
2025-12,Bahrain Fort Site,Forts,Educational,Private School,688
2025-12,Bahrain Fort Site,Forts,Groups,Organized Group,840
2025-12,Bahrain Fort Site,Forts,Groups,Tour Agencies,22680
2025-12,Bahrain Fort Site,Forts,Groups,VIP,28
2025-12,Bahrain Fort Site,Forts,Individual,Arab,4995
2025-12,Bahrain Fort Site,Forts,Individual,Bahraini,16552
2025-12,Bahrain Fort Site,Forts,Individual,Foreign,47985
2025-12,Bahrain Fort Site,Forts,Individual,GCC,2067
2025-12,Bahrain National Museum,Museums,Educational,Government School,231
2025-12,Bahrain National Museum,Museums,Educational,Kinder Garden,485
2025-12,Bahrain National Museum,Museums,Educational,Private School,166
2025-12,Bahrain National Museum,Museums,Groups,Organized Group,12
2025-12,Bahrain National Museum,Museums,Groups,Tour Agencies,165
2025-12,Bahrain National Museum,Museums,Groups,VIP,5
2025-12,Bahrain National Museum,Museums,Individual,Arab,146
2025-12,Bahrain National Museum,Museums,Individual,Bahraini,884
2025-12,Bahrain National Museum,Museums,Individual,Foreign,9361
2025-12,Bahrain National Museum,Museums,Individual,GCC,1040
2025-12,Bait Al Naqda,Handicraft Sites,Individual,Bahraini,12540
2025-12,Bani Jamra Textile Weaving,Handicraft Sites,Groups,Tour Agencies,63
2025-12,Bani Jamra Textile Weaving,Handicraft Sites,Individual,Bahraini,64
2025-12,Bani Jamra Textile Weaving,Handicraft Sites,Individual,Foreign,52
2025-12,Bu Maher,Archaeological Sites,Groups,Tour Agencies,22
2025-12,Bu Maher,Archaeological Sites,Individual,Arab,2
2025-12,Bu Maher,Archaeological Sites,Individual,Bahraini,5485
2025-12,Bu Maher,Archaeological Sites,Individual,Foreign,41
2025-12,Bu Maher,Forts,Groups,Tour Agencies,22
2025-12,Bu Maher,Forts,Individual,Arab,2
2025-12,Bu Maher,Forts,Individual,Bahraini,5485
2025-12,Bu Maher,Forts,Individual,Foreign,41
2025-12,Bu Maher,Pearling Path Sites,Groups,Tour Agencies,22
2025-12,Bu Maher,Pearling Path Sites,Individual,Arab,2
2025-12,Bu Maher,Pearling Path Sites,Individual,Bahraini,5485
2025-12,Bu Maher,Pearling Path Sites,Individual,Foreign,41
2025-12,Cultural Hall,Uncategorised,Individual,Arab,36
2025-12,Cultural Hall,Uncategorised,Individual,Bahraini,2520
2025-12,Cultural Hall,Uncategorised,Individual,Foreign,5224
2025-12,Dar Al Muharraq,Pearling Path Sites,Individual,Bahraini,44874
2025-12,Fakhro House,Pearling Path Sites,Individual,Bahraini,72934
2025-12,House of Baskets,Handicraft Sites,Educational,Institutes,18
2025-12,House of Baskets,Handicraft Sites,Educational,Kinder Garden,21
2025-12,House of Baskets,Handicraft Sites,Groups,Organized Group,65
2025-12,House of Baskets,Handicraft Sites,Groups,Tour Agencies,20
2025-12,House of Baskets,Handicraft Sites,Individual,Arab,4
2025-12,House of Baskets,Handicraft Sites,Individual,Bahraini,169
2025-12,House of Baskets,Handicraft Sites,Individual,Foreign,93
2025-12,House of Baskets,Handicraft Sites,Individual,GCC,24
2025-12,Pearling Path Visitor Center,Pearling Path Sites,Individual,Bahraini,624604
2025-12,Post Office Museum,Museums,Groups,Tour Agencies,32
2025-12,Post Office Museum,Museums,Individual,Bahraini,31
2025-12,Post Office Museum,Museums,Individual,Foreign,71
2025-12,Post Office Museum,Museums,Individual,GCC,49
2025-12,Qalat Al Bahrain Site Museum,Museums,Educational,Government School,27
2025-12,Qalat Al Bahrain Site Museum,Museums,Educational,Kinder Garden,63
2025-12,Qalat Al Bahrain Site Museum,Museums,Educational,Private School,288
2025-12,Qalat Al Bahrain Site Museum,Museums,Groups,VIP,18
2025-12,Qalat Al Bahrain Site Museum,Museums,Individual,Arab,44
2025-12,Qalat Al Bahrain Site Museum,Museums,Individual,Bahraini,172
2025-12,Qalat Al Bahrain Site Museum,Museums,Individual,Foreign,905
2025-12,Qalat Al Bahrain Site Museum,Museums,Individual,GCC,135
2025-12,Sheikh Salman Bin Ahmed Al Fateh Fort,Forts,Educational,Private School,190
2025-12,Sheikh Salman Bin Ahmed Al Fateh Fort,Forts,Groups,Organized Group,77
2025-12,Sheikh Salman Bin Ahmed Al Fateh Fort,Forts,Groups,Tour Agencies,208
2025-12,Sheikh Salman Bin Ahmed Al Fateh Fort,Forts,Individual,Arab,130
2025-12,Sheikh Salman Bin Ahmed Al Fateh Fort,Forts,Individual,Bahraini,649
2025-12,Sheikh Salman Bin Ahmed Al Fateh Fort,Forts,Individual,Foreign,673
2025-12,Sheikh Salman Bin Ahmed Al Fateh Fort,Forts,Individual,GCC,255
2025-12,Siyadi Majlis,Pearling Path Sites,Individual,Bahraini,53454
2025-12,Tree of Life Visitors Centre,Uncategorised,Educational,Private School,148
2025-12,Tree of Life Visitors Centre,Uncategorised,Groups,Organized Group,62
2025-12,Tree of Life Visitors Centre,Uncategorised,Groups,Tour Agencies,2355
2025-12,Tree of Life Visitors Centre,Uncategorised,Individual,Arab,1257
2025-12,Tree of Life Visitors Centre,Uncategorised,Individual,Bahraini,9407
2025-12,Tree of Life Visitors Centre,Uncategorised,Individual,Foreign,15910
2025-12,Tree of Life Visitors Centre,Uncategorised,Individual,GCC,11
2026-01,Aali burial mounds,Archaeological Sites,Groups,GCC,15
2026-01,Aali burial mounds,Archaeological Sites,Groups,Organized Group,71
2026-01,Aali burial mounds,Archaeological Sites,Groups,Tour Agencies,50
2026-01,Aali burial mounds,Archaeological Sites,Individual,GCC,80
2026-01,Al Jalahma House,Pearling Path Sites,Groups,Tour Agencies,194
2026-01,Al Jalahma House,Pearling Path Sites,Groups,VIP,55
2026-01,Al Jalahma House,Pearling Path Sites,Individual,Bahraini,12
2026-01,Al Jalahma House,Pearling Path Sites,Individual,Foreign,386
2026-01,Al Jalahma House,Pearling Path Sites,Individual,GCC,14
2026-01,Al Jasra Handicrafts Centre,Handicraft Sites,Educational,Private School,25
2026-01,Al Jasra Handicrafts Centre,Handicraft Sites,Groups,Tour Agencies,242
2026-01,Al Jasra Handicrafts Centre,Handicraft Sites,Groups,VIP,8
2026-01,Al Jasra Handicrafts Centre,Handicraft Sites,Individual,Arab,16
2026-01,Al Jasra Handicrafts Centre,Handicraft Sites,Individual,Bahraini,98
2026-01,Al Jasra Handicrafts Centre,Handicraft Sites,Individual,Foreign,112
2026-01,Al Jasra House,Uncategorised,Educational,Private School,23
2026-01,Al Jasra House,Uncategorised,Groups,Tour Agencies,238
2026-01,Al Jasra House,Uncategorised,Individual,Arab,4
2026-01,Al Jasra House,Uncategorised,Individual,Bahraini,60
2026-01,Al Jasra House,Uncategorised,Individual,Foreign,369
2026-01,Al Khalefeyah Library,Uncategorised,Individual,Arab,102
2026-01,Al Khalefeyah Library,Uncategorised,Individual,Bahraini,73
2026-01,Al Khalefeyah Library,Uncategorised,Individual,Foreign,236
2026-01,Al Khalefeyah Library,Uncategorised,Individual,GCC,24
2026-01,Al Khamis Mosque & Visitor Centre,Archaeological Sites,Individual,Arab,3
2026-01,Al Khamis Mosque & Visitor Centre,Archaeological Sites,Individual,Bahraini,70
2026-01,Al Khamis Mosque & Visitor Centre,Archaeological Sites,Individual,Foreign,135
2026-01,Al Khamis Mosque & Visitor Centre,Archaeological Sites,Individual,GCC,7
2026-01,Art Center,Uncategorised,Individual,Arab,4
2026-01,Art Center,Uncategorised,Individual,Bahraini,742
2026-01,Art Center,Uncategorised,Individual,Foreign,12
2026-01,Badr Gulum and Turabi House,Pearling Path Sites,Groups,Organized Group,175
2026-01,Badr Gulum and Turabi House,Pearling Path Sites,Groups,VIP,9
2026-01,Badr Gulum and Turabi House,Pearling Path Sites,Individual,Bahraini,6
2026-01,Badr Gulum and Turabi House,Pearling Path Sites,Individual,Foreign,130
2026-01,Bahrain Fort Site,Archaeological Sites,Educational,Kinder Garden,128
2026-01,Bahrain Fort Site,Archaeological Sites,Educational,Private School,1325
2026-01,Bahrain Fort Site,Archaeological Sites,Groups,Organized Group,248
2026-01,Bahrain Fort Site,Archaeological Sites,Groups,Tour Agencies,27880
2026-01,Bahrain Fort Site,Archaeological Sites,Groups,VIP,252
2026-01,Bahrain Fort Site,Archaeological Sites,Individual,Arab,6312
2026-01,Bahrain Fort Site,Archaeological Sites,Individual,Bahraini,19217
2026-01,Bahrain Fort Site,Archaeological Sites,Individual,Foreign,44784
2026-01,Bahrain Fort Site,Archaeological Sites,Individual,GCC,3008
2026-01,Bahrain Fort Site,Forts,Educational,Kinder Garden,128
2026-01,Bahrain Fort Site,Forts,Educational,Private School,1325
2026-01,Bahrain Fort Site,Forts,Groups,Organized Group,248
2026-01,Bahrain Fort Site,Forts,Groups,Tour Agencies,27880
2026-01,Bahrain Fort Site,Forts,Groups,VIP,252
2026-01,Bahrain Fort Site,Forts,Individual,Arab,6312
2026-01,Bahrain Fort Site,Forts,Individual,Bahraini,19217
2026-01,Bahrain Fort Site,Forts,Individual,Foreign,44784
2026-01,Bahrain Fort Site,Forts,Individual,GCC,3008
2026-01,Bahrain National Museum,Museums,Educational,Government School,81
2026-01,Bahrain National Museum,Museums,Educational,Institutes,13
2026-01,Bahrain National Museum,Museums,Educational,Private School,110
2026-01,Bahrain National Museum,Museums,Groups,Organized Group,12
2026-01,Bahrain National Museum,Museums,Groups,VIP,4
2026-01,Bahrain National Museum,Museums,Individual,Arab,233
2026-01,Bahrain National Museum,Museums,Individual,Bahraini,739
2026-01,Bahrain National Museum,Museums,Individual,Foreign,12434
2026-01,Bahrain National Museum,Museums,Individual,GCC,1809
2026-01,Bahrain National Theatre,Uncategorised,Individual,Bahraini,14
2026-01,Bahrain National Theatre,Uncategorised,Individual,Foreign,64
2026-01,Bahrain National Theatre,Uncategorised,Individual,GCC,40
2026-01,Bani Jamra Textile Weaving,Handicraft Sites,Groups,Tour Agencies,30
2026-01,Bani Jamra Textile Weaving,Handicraft Sites,Groups,VIP,15
2026-01,Bani Jamra Textile Weaving,Handicraft Sites,Individual,Bahraini,51
2026-01,Bani Jamra Textile Weaving,Handicraft Sites,Individual,Foreign,36
2026-01,Bani Jamra Textile Weaving,Handicraft Sites,Individual,GCC,5
2026-01,Bu Maher,Archaeological Sites,Groups,Organized Group,68
2026-01,Bu Maher,Archaeological Sites,Groups,Tour Agencies,852
2026-01,Bu Maher,Archaeological Sites,Individual,Arab,61
2026-01,Bu Maher,Archaeological Sites,Individual,Bahraini,240
2026-01,Bu Maher,Archaeological Sites,Individual,Foreign,1764
2026-01,Bu Maher,Archaeological Sites,Individual,GCC,76
2026-01,Bu Maher,Forts,Groups,Organized Group,68
2026-01,Bu Maher,Forts,Groups,Tour Agencies,852
2026-01,Bu Maher,Forts,Individual,Arab,61
2026-01,Bu Maher,Forts,Individual,Bahraini,240
2026-01,Bu Maher,Forts,Individual,Foreign,1764
2026-01,Bu Maher,Forts,Individual,GCC,76
2026-01,Bu Maher,Pearling Path Sites,Groups,Organized Group,68
2026-01,Bu Maher,Pearling Path Sites,Groups,Tour Agencies,852
2026-01,Bu Maher,Pearling Path Sites,Individual,Arab,61
2026-01,Bu Maher,Pearling Path Sites,Individual,Bahraini,240
2026-01,Bu Maher,Pearling Path Sites,Individual,Foreign,1764
2026-01,Bu Maher,Pearling Path Sites,Individual,GCC,76
2026-01,Cultural Hall,Uncategorised,Individual,Bahraini,1030
2026-01,Cultural Hall,Uncategorised,Individual,Foreign,1185
2026-01,Fakhro House,Pearling Path Sites,Groups,Tour Agencies,30
2026-01,Fakhro House,Pearling Path Sites,Groups,VIP,37
2026-01,Fakhro House,Pearling Path Sites,Individual,Arab,9
2026-01,Fakhro House,Pearling Path Sites,Individual,Bahraini,17
2026-01,Fakhro House,Pearling Path Sites,Individual,Foreign,275
2026-01,Fakhro House,Pearling Path Sites,Individual,GCC,28
2026-01,House of Baskets,Handicraft Sites,Groups,Organized Group,18
2026-01,House of Baskets,Handicraft Sites,Groups,Tour Agencies,12
2026-01,House of Baskets,Handicraft Sites,Individual,Arab,5
2026-01,House of Baskets,Handicraft Sites,Individual,Bahraini,72
2026-01,House of Baskets,Handicraft Sites,Individual,Foreign,65
2026-01,House of Baskets,Handicraft Sites,Individual,GCC,33
2026-01,Pearling Path Visitor Center,Pearling Path Sites,Groups,Tour Agencies,125
2026-01,Pearling Path Visitor Center,Pearling Path Sites,Groups,VIP,45
2026-01,Pearling Path Visitor Center,Pearling Path Sites,Individual,Arab,266
2026-01,Pearling Path Visitor Center,Pearling Path Sites,Individual,Bahraini,310
2026-01,Pearling Path Visitor Center,Pearling Path Sites,Individual,Foreign,734
2026-01,Pearling Path Visitor Center,Pearling Path Sites,Individual,GCC,334
2026-01,Post Office Museum,Museums,Groups,Tour Agencies,38
2026-01,Post Office Museum,Museums,Individual,Arab,13
2026-01,Post Office Museum,Museums,Individual,Bahraini,25
2026-01,Post Office Museum,Museums,Individual,Foreign,179
2026-01,Post Office Museum,Museums,Individual,GCC,143
2026-01,Qalat Al Bahrain Site Museum,Museums,Educational,College or University,6
2026-01,Qalat Al Bahrain Site Museum,Museums,Educational,Kinder Garden,52
2026-01,Qalat Al Bahrain Site Museum,Museums,Educational,Private School,163
2026-01,Qalat Al Bahrain Site Museum,Museums,Groups,Organized Group,113
2026-01,Qalat Al Bahrain Site Museum,Museums,Groups,Tour Agencies,56
2026-01,Qalat Al Bahrain Site Museum,Museums,Groups,VIP,11
2026-01,Qalat Al Bahrain Site Museum,Museums,Individual,Arab,17
2026-01,Qalat Al Bahrain Site Museum,Museums,Individual,Bahraini,223
2026-01,Qalat Al Bahrain Site Museum,Museums,Individual,Foreign,882
2026-01,Qalat Al Bahrain Site Museum,Museums,Individual,GCC,119
2026-01,Sheikh Salman Bin Ahmed Al Fateh Fort,Forts,Groups,Organized Group,39
2026-01,Sheikh Salman Bin Ahmed Al Fateh Fort,Forts,Groups,Tour Agencies,141
2026-01,Sheikh Salman Bin Ahmed Al Fateh Fort,Forts,Groups,VIP,12
2026-01,Sheikh Salman Bin Ahmed Al Fateh Fort,Forts,Individual,Arab,152
2026-01,Sheikh Salman Bin Ahmed Al Fateh Fort,Forts,Individual,Bahraini,185
2026-01,Sheikh Salman Bin Ahmed Al Fateh Fort,Forts,Individual,Foreign,628
2026-01,Sheikh Salman Bin Ahmed Al Fateh Fort,Forts,Individual,GCC,308
2026-01,Siyadi Majlis,Pearling Path Sites,Individual,Arab,17
2026-01,Siyadi Majlis,Pearling Path Sites,Individual,Bahraini,60
2026-01,Siyadi Majlis,Pearling Path Sites,Individual,Foreign,2233
2026-01,Siyadi Majlis,Pearling Path Sites,Individual,GCC,50
2026-01,Tree of Life Visitors Centre,Uncategorised,Educational,Institutes,157
2026-01,Tree of Life Visitors Centre,Uncategorised,Educational,Private School,505
2026-01,Tree of Life Visitors Centre,Uncategorised,Groups,Organized Group,38
2026-01,Tree of Life Visitors Centre,Uncategorised,Groups,Tour Agencies,2605
2026-01,Tree of Life Visitors Centre,Uncategorised,Individual,Arab,1088
2026-01,Tree of Life Visitors Centre,Uncategorised,Individual,Bahraini,12716
2026-01,Tree of Life Visitors Centre,Uncategorised,Individual,Foreign,14456
2026-02,Aali burial mounds,Archaeological Sites,Groups,Tour Agencies,105
2026-02,Aali burial mounds,Archaeological Sites,Individual,Bahraini,2
2026-02,Aali burial mounds,Archaeological Sites,Individual,Foreign,2
2026-02,Aali burial mounds,Archaeological Sites,Individual,GCC,46
2026-02,Al Alawi House,Pearling Path Sites,Educational,College or University,2
2026-02,Al Alawi House,Pearling Path Sites,Groups,Tour Agencies,20
2026-02,Al Alawi House,Pearling Path Sites,Individual,Bahraini,2
2026-02,Al Ghus House,Pearling Path Sites,Groups,Organized Group,31
2026-02,Al Ghus House,Pearling Path Sites,Individual,GCC,6
2026-02,Al Jalahma House,Pearling Path Sites,Groups,Organized Group,9
2026-02,Al Jalahma House,Pearling Path Sites,Groups,Tour Agencies,194
2026-02,Al Jalahma House,Pearling Path Sites,Groups,VIP,57
2026-02,Al Jalahma House,Pearling Path Sites,Individual,Bahraini,9
2026-02,Al Jalahma House,Pearling Path Sites,Individual,Foreign,423
2026-02,Al Jalahma House,Pearling Path Sites,Individual,GCC,2
2026-02,Al Jasra Handicrafts Centre,Handicraft Sites,Groups,Tour Agencies,174
2026-02,Al Jasra Handicrafts Centre,Handicraft Sites,Individual,Arab,5
2026-02,Al Jasra Handicrafts Centre,Handicraft Sites,Individual,Bahraini,57
2026-02,Al Jasra Handicrafts Centre,Handicraft Sites,Individual,Foreign,126
2026-02,Al Jasra House,Uncategorised,Groups,Tour Agencies,235
2026-02,Al Jasra House,Uncategorised,Individual,Bahraini,43
2026-02,Al Jasra House,Uncategorised,Individual,Foreign,124
2026-02,Al Khalefeyah Library,Uncategorised,Individual,Arab,98
2026-02,Al Khalefeyah Library,Uncategorised,Individual,Bahraini,39
2026-02,Al Khalefeyah Library,Uncategorised,Individual,Foreign,114
2026-02,Al Khalefeyah Library,Uncategorised,Individual,GCC,12
2026-02,Al Khamis Mosque & Visitor Centre,Archaeological Sites,Groups,VIP,2
2026-02,Al Khamis Mosque & Visitor Centre,Archaeological Sites,Individual,Arab,9
2026-02,Al Khamis Mosque & Visitor Centre,Archaeological Sites,Individual,Bahraini,45
2026-02,Al Khamis Mosque & Visitor Centre,Archaeological Sites,Individual,Foreign,59
2026-02,Al Khamis Mosque & Visitor Centre,Archaeological Sites,Individual,GCC,4
2026-02,Art Center,Uncategorised,Individual,Arab,1
2026-02,Art Center,Uncategorised,Individual,Bahraini,134
2026-02,Art Center,Uncategorised,Individual,Foreign,14
2026-02,Art Center,Uncategorised,Individual,GCC,2
2026-02,Bab Al Bahrain Information Center,Uncategorised,Individual,Arab,4
2026-02,Bab Al Bahrain Information Center,Uncategorised,Individual,Bahraini,3
2026-02,Bab Al Bahrain Information Center,Uncategorised,Individual,Foreign,4
2026-02,Badr Gulum and Turabi House,Pearling Path Sites,Groups,Organized Group,294
2026-02,Badr Gulum and Turabi House,Pearling Path Sites,Groups,VIP,15
2026-02,Badr Gulum and Turabi House,Pearling Path Sites,Individual,Bahraini,12
2026-02,Badr Gulum and Turabi House,Pearling Path Sites,Individual,Foreign,140
2026-02,Bahrain Fort Site,Archaeological Sites,Educational,Government School,143
2026-02,Bahrain Fort Site,Archaeological Sites,Educational,Private School,592
2026-02,Bahrain Fort Site,Archaeological Sites,Groups,Organized Group,4128
2026-02,Bahrain Fort Site,Archaeological Sites,Groups,Tour Agencies,22389
2026-02,Bahrain Fort Site,Archaeological Sites,Groups,VIP,63
2026-02,Bahrain Fort Site,Archaeological Sites,Individual,Arab,3798
2026-02,Bahrain Fort Site,Archaeological Sites,Individual,Bahraini,14686
2026-02,Bahrain Fort Site,Archaeological Sites,Individual,Foreign,24174
2026-02,Bahrain Fort Site,Archaeological Sites,Individual,GCC,2161
2026-02,Bahrain Fort Site,Forts,Educational,Government School,143
2026-02,Bahrain Fort Site,Forts,Educational,Private School,592
2026-02,Bahrain Fort Site,Forts,Groups,Organized Group,4128
2026-02,Bahrain Fort Site,Forts,Groups,Tour Agencies,22389
2026-02,Bahrain Fort Site,Forts,Groups,VIP,63
2026-02,Bahrain Fort Site,Forts,Individual,Arab,3798
2026-02,Bahrain Fort Site,Forts,Individual,Bahraini,14686
2026-02,Bahrain Fort Site,Forts,Individual,Foreign,24174
2026-02,Bahrain Fort Site,Forts,Individual,GCC,2161
2026-02,Bahrain National Museum,Museums,Educational,Government School,61
2026-02,Bahrain National Museum,Museums,Educational,Kinder Garden,103
2026-02,Bahrain National Museum,Museums,Educational,Private School,91
2026-02,Bahrain National Museum,Museums,Groups,Organized Group,59
2026-02,Bahrain National Museum,Museums,Groups,Tour Agencies,17
2026-02,Bahrain National Museum,Museums,Individual,Arab,82
2026-02,Bahrain National Museum,Museums,Individual,Bahraini,476
2026-02,Bahrain National Museum,Museums,Individual,Foreign,8969
2026-02,Bahrain National Museum,Museums,Individual,GCC,460
2026-02,Bani Jamra Textile Weaving,Handicraft Sites,Groups,Tour Agencies,30
2026-02,Bani Jamra Textile Weaving,Handicraft Sites,Individual,Bahraini,44
2026-02,Bani Jamra Textile Weaving,Handicraft Sites,Individual,Foreign,33
2026-02,Bani Jamra Textile Weaving,Handicraft Sites,Individual,GCC,2
2026-02,Barbar Temples,Archaeological Sites,Groups,Tour Agencies,30
2026-02,Barbar Temples,Archaeological Sites,Individual,Arab,2
2026-02,Barbar Temples,Archaeological Sites,Individual,Bahraini,18
2026-02,Barbar Temples,Archaeological Sites,Individual,Foreign,88
2026-02,Barbar Temples,Archaeological Sites,Individual,GCC,90
2026-02,Bu Maher,Archaeological Sites,Groups,Organized Group,2
2026-02,Bu Maher,Archaeological Sites,Groups,Tour Agencies,1046
2026-02,Bu Maher,Archaeological Sites,Groups,VIP,18
2026-02,Bu Maher,Archaeological Sites,Individual,Arab,33
2026-02,Bu Maher,Archaeological Sites,Individual,Bahraini,141
2026-02,Bu Maher,Archaeological Sites,Individual,Foreign,1339
2026-02,Bu Maher,Archaeological Sites,Individual,GCC,26
2026-02,Bu Maher,Forts,Groups,Organized Group,2
2026-02,Bu Maher,Forts,Groups,Tour Agencies,1046
2026-02,Bu Maher,Forts,Groups,VIP,18
2026-02,Bu Maher,Forts,Individual,Arab,33
2026-02,Bu Maher,Forts,Individual,Bahraini,141
2026-02,Bu Maher,Forts,Individual,Foreign,1339
2026-02,Bu Maher,Forts,Individual,GCC,26
2026-02,Bu Maher,Pearling Path Sites,Groups,Organized Group,2
2026-02,Bu Maher,Pearling Path Sites,Groups,Tour Agencies,1046
2026-02,Bu Maher,Pearling Path Sites,Groups,VIP,18
2026-02,Bu Maher,Pearling Path Sites,Individual,Arab,33
2026-02,Bu Maher,Pearling Path Sites,Individual,Bahraini,141
2026-02,Bu Maher,Pearling Path Sites,Individual,Foreign,1339
2026-02,Bu Maher,Pearling Path Sites,Individual,GCC,26
2026-02,Cultural Hall,Uncategorised,Individual,Foreign,940
2026-02,Fakhro House,Pearling Path Sites,Groups,Tour Agencies,1
2026-02,Fakhro House,Pearling Path Sites,Groups,VIP,26
2026-02,Fakhro House,Pearling Path Sites,Individual,Arab,2
2026-02,Fakhro House,Pearling Path Sites,Individual,Bahraini,17
2026-02,Fakhro House,Pearling Path Sites,Individual,Foreign,245
2026-02,Fakhro House,Pearling Path Sites,Individual,GCC,19
2026-02,House of Baskets,Handicraft Sites,Groups,Organized Group,29
2026-02,House of Baskets,Handicraft Sites,Groups,Tour Agencies,15
2026-02,House of Baskets,Handicraft Sites,Individual,Bahraini,88
2026-02,House of Baskets,Handicraft Sites,Individual,Foreign,91
2026-02,House of Baskets,Handicraft Sites,Individual,GCC,12
2026-02,Pearling Path Visitor Center,Pearling Path Sites,Groups,Tour Agencies,255
2026-02,Pearling Path Visitor Center,Pearling Path Sites,Groups,VIP,13
2026-02,Pearling Path Visitor Center,Pearling Path Sites,Individual,Arab,157
2026-02,Pearling Path Visitor Center,Pearling Path Sites,Individual,Bahraini,176
2026-02,Pearling Path Visitor Center,Pearling Path Sites,Individual,Foreign,574
2026-02,Pearling Path Visitor Center,Pearling Path Sites,Individual,GCC,145
2026-02,Post Office Museum,Museums,Educational,Kinder Garden,12
2026-02,Post Office Museum,Museums,Educational,Private School,20
2026-02,Post Office Museum,Museums,Groups,Tour Agencies,210
2026-02,Post Office Museum,Museums,Individual,Arab,21
2026-02,Post Office Museum,Museums,Individual,Bahraini,49
2026-02,Post Office Museum,Museums,Individual,Foreign,146
2026-02,Post Office Museum,Museums,Individual,GCC,109
2026-02,Qalat Al Bahrain Site Museum,Museums,Educational,Government School,232
2026-02,Qalat Al Bahrain Site Museum,Museums,Educational,Private School,157
2026-02,Qalat Al Bahrain Site Museum,Museums,Groups,Organized Group,40
2026-02,Qalat Al Bahrain Site Museum,Museums,Individual,Arab,23
2026-02,Qalat Al Bahrain Site Museum,Museums,Individual,Bahraini,90
2026-02,Qalat Al Bahrain Site Museum,Museums,Individual,Foreign,670
2026-02,Qalat Al Bahrain Site Museum,Museums,Individual,GCC,60
2026-02,Saar Settlement,Archaeological Sites,Educational,Kinder Garden,4
2026-02,Saar Settlement,Archaeological Sites,Individual,Bahraini,1
2026-02,Saar Settlement,Archaeological Sites,Individual,GCC,92
2026-02,Sheikh Salman Bin Ahmed Al Fateh Fort,Forts,Educational,College or University,10
2026-02,Sheikh Salman Bin Ahmed Al Fateh Fort,Forts,Educational,Private School,22
2026-02,Sheikh Salman Bin Ahmed Al Fateh Fort,Forts,Groups,Tour Agencies,213
2026-02,Sheikh Salman Bin Ahmed Al Fateh Fort,Forts,Individual,Arab,17
2026-02,Sheikh Salman Bin Ahmed Al Fateh Fort,Forts,Individual,Bahraini,81
2026-02,Sheikh Salman Bin Ahmed Al Fateh Fort,Forts,Individual,Foreign,126
2026-02,Sheikh Salman Bin Ahmed Al Fateh Fort,Forts,Individual,GCC,120
2026-02,Siyadi Majlis,Pearling Path Sites,Educational,Kinder Garden,10
2026-02,Siyadi Majlis,Pearling Path Sites,Groups,Tour Agencies,495
2026-02,Siyadi Majlis,Pearling Path Sites,Groups,VIP,5
2026-02,Siyadi Majlis,Pearling Path Sites,Individual,Arab,17
2026-02,Siyadi Majlis,Pearling Path Sites,Individual,Bahraini,125
2026-02,Siyadi Majlis,Pearling Path Sites,Individual,Foreign,1225
2026-02,Siyadi Majlis,Pearling Path Sites,Individual,GCC,34
2026-02,Tree of Life Visitors Centre,Uncategorised,Educational,Private School,377
2026-02,Tree of Life Visitors Centre,Uncategorised,Groups,Organized Group,120
2026-02,Tree of Life Visitors Centre,Uncategorised,Groups,Tour Agencies,1408
2026-02,Tree of Life Visitors Centre,Uncategorised,Individual,Arab,421
2026-02,Tree of Life Visitors Centre,Uncategorised,Individual,Bahraini,6352
2026-02,Tree of Life Visitors Centre,Uncategorised,Individual,Foreign,11820
2026-02,Tree of Life Visitors Centre,Uncategorised,Individual,GCC,5
2026-03,Post Office Museum,Museums,Individual,Arab,2
2026-03,Post Office Museum,Museums,Individual,Bahraini,12
2026-03,Post Office Museum,Museums,Individual,Foreign,16
2026-03,Post Office Museum,Museums,Individual,GCC,12
2026-03,Saar Settlement,Archaeological Sites,Individual,GCC,4
2026-04,Al Alawi House,Pearling Path Sites,Groups,Tour Agencies,4
2026-04,Al Ghus House,Pearling Path Sites,Individual,Foreign,4
2026-04,Al Jalahma House,Pearling Path Sites,Individual,Foreign,12
2026-04,Al Jasra Handicrafts Centre,Handicraft Sites,Individual,Arab,5
2026-04,Al Jasra Handicrafts Centre,Handicraft Sites,Individual,Bahraini,28
2026-04,Al Jasra Handicrafts Centre,Handicraft Sites,Individual,Foreign,11
2026-04,Al Jasra House,Uncategorised,Individual,Bahraini,44
2026-04,Al Jasra House,Uncategorised,Individual,Foreign,32
2026-04,Al Khalefeyah Library,Uncategorised,Individual,Arab,7
2026-04,Al Khalefeyah Library,Uncategorised,Individual,Bahraini,9
2026-04,Al Khalefeyah Library,Uncategorised,Individual,Foreign,18
2026-04,Badr Gulum and Turabi House,Pearling Path Sites,Individual,Bahraini,2
2026-04,Badr Gulum and Turabi House,Pearling Path Sites,Individual,Foreign,6
2026-04,Bahrain Fort Site,Archaeological Sites,Groups,Organized Group,22
2026-04,Bahrain Fort Site,Archaeological Sites,Individual,Arab,584
2026-04,Bahrain Fort Site,Archaeological Sites,Individual,Bahraini,8483
2026-04,Bahrain Fort Site,Archaeological Sites,Individual,Foreign,7257
2026-04,Bahrain Fort Site,Archaeological Sites,Individual,GCC,1202
2026-04,Bahrain Fort Site,Forts,Groups,Organized Group,22
2026-04,Bahrain Fort Site,Forts,Individual,Arab,584
2026-04,Bahrain Fort Site,Forts,Individual,Bahraini,8483
2026-04,Bahrain Fort Site,Forts,Individual,Foreign,7257
2026-04,Bahrain Fort Site,Forts,Individual,GCC,1202
2026-04,Bahrain National Museum,Museums,Groups,Organized Group,12
2026-04,Bahrain National Museum,Museums,Groups,VIP,1
2026-04,Bahrain National Museum,Museums,Individual,Arab,21
2026-04,Bahrain National Museum,Museums,Individual,Bahraini,516
2026-04,Bahrain National Museum,Museums,Individual,Foreign,475
2026-04,Bahrain National Museum,Museums,Individual,GCC,136
2026-04,Bahrain National Theatre,Uncategorised,Individual,Arab,4
2026-04,Bahrain National Theatre,Uncategorised,Individual,Bahraini,8
2026-04,Bahrain National Theatre,Uncategorised,Individual,Foreign,35
2026-04,Bahrain National Theatre,Uncategorised,Individual,GCC,8
2026-04,Barbar Temples,Archaeological Sites,Individual,Arab,2
2026-04,Barbar Temples,Archaeological Sites,Individual,Bahraini,13
2026-04,Barbar Temples,Archaeological Sites,Individual,Foreign,13
2026-04,Barbar Temples,Archaeological Sites,Individual,GCC,4
2026-04,Bu Maher,Archaeological Sites,Individual,Arab,32
2026-04,Bu Maher,Archaeological Sites,Individual,Bahraini,99
2026-04,Bu Maher,Archaeological Sites,Individual,Foreign,435
2026-04,Bu Maher,Archaeological Sites,Individual,GCC,5
2026-04,Bu Maher,Forts,Individual,Arab,32
2026-04,Bu Maher,Forts,Individual,Bahraini,99
2026-04,Bu Maher,Forts,Individual,Foreign,435
2026-04,Bu Maher,Forts,Individual,GCC,5
2026-04,Bu Maher,Pearling Path Sites,Individual,Arab,32
2026-04,Bu Maher,Pearling Path Sites,Individual,Bahraini,99
2026-04,Bu Maher,Pearling Path Sites,Individual,Foreign,435
2026-04,Bu Maher,Pearling Path Sites,Individual,GCC,5
2026-04,Fakhro House,Pearling Path Sites,Groups,Tour Agencies,1
2026-04,Fakhro House,Pearling Path Sites,Individual,Arab,3
2026-04,Fakhro House,Pearling Path Sites,Individual,Bahraini,16
2026-04,Fakhro House,Pearling Path Sites,Individual,Foreign,5
2026-04,Fakhro House,Pearling Path Sites,Individual,GCC,2
2026-04,Pearling Path Visitor Center,Pearling Path Sites,Individual,Arab,54
2026-04,Pearling Path Visitor Center,Pearling Path Sites,Individual,Bahraini,80
2026-04,Pearling Path Visitor Center,Pearling Path Sites,Individual,Foreign,178
2026-04,Pearling Path Visitor Center,Pearling Path Sites,Individual,GCC,38
2026-04,Post Office Museum,Museums,Individual,Arab,2
2026-04,Post Office Museum,Museums,Individual,Bahraini,8
2026-04,Post Office Museum,Museums,Individual,Foreign,10
2026-04,Post Office Museum,Museums,Individual,GCC,20
2026-04,Qalat Al Bahrain Site Museum,Museums,Individual,Bahraini,36
2026-04,Qalat Al Bahrain Site Museum,Museums,Individual,Foreign,75
2026-04,Saar Settlement,Archaeological Sites,Individual,Arab,75
2026-04,Saar Settlement,Archaeological Sites,Individual,Bahraini,51
2026-04,Saar Settlement,Archaeological Sites,Individual,GCC,22
2026-04,Sheikh Salman Bin Ahmed Al Fateh Fort,Forts,Individual,Arab,11
2026-04,Sheikh Salman Bin Ahmed Al Fateh Fort,Forts,Individual,Bahraini,40
2026-04,Sheikh Salman Bin Ahmed Al Fateh Fort,Forts,Individual,Foreign,117
2026-04,Sheikh Salman Bin Ahmed Al Fateh Fort,Forts,Individual,GCC,11
2026-04,Tree of Life Visitors Centre,Uncategorised,Groups,Tour Agencies,24
2026-04,Tree of Life Visitors Centre,Uncategorised,Individual,Arab,71
2026-04,Tree of Life Visitors Centre,Uncategorised,Individual,Bahraini,100
2026-04,Tree of Life Visitors Centre,Uncategorised,Individual,Foreign,1162
2026-05,Aali burial mounds,Archaeological Sites,Individual,Bahraini,3
2026-05,Aali burial mounds,Archaeological Sites,Individual,GCC,7
2026-05,Al Alawi House,Pearling Path Sites,Groups,Tour Agencies,6
2026-05,Al Alawi House,Pearling Path Sites,Individual,Arab,4
2026-05,Al Alawi House,Pearling Path Sites,Individual,Bahraini,1
2026-05,Al Alawi House,Pearling Path Sites,Individual,Foreign,4
2026-05,Al Ghus House,Pearling Path Sites,Individual,Bahraini,1
2026-05,Al Ghus House,Pearling Path Sites,Individual,Foreign,5
2026-05,Al Jalahma House,Pearling Path Sites,Individual,Bahraini,7
2026-05,Al Jalahma House,Pearling Path Sites,Individual,Foreign,38
2026-05,Al Jasra Handicrafts Centre,Handicraft Sites,Individual,Arab,3
2026-05,Al Jasra Handicrafts Centre,Handicraft Sites,Individual,Bahraini,51
2026-05,Al Jasra Handicrafts Centre,Handicraft Sites,Individual,Foreign,23
2026-05,Al Jasra House,Uncategorised,Individual,Bahraini,12
2026-05,Al Jasra House,Uncategorised,Individual,Foreign,95
2026-05,Al Khalefeyah Library,Uncategorised,Individual,Arab,70
2026-05,Al Khalefeyah Library,Uncategorised,Individual,Bahraini,88
2026-05,Al Khalefeyah Library,Uncategorised,Individual,Foreign,103
2026-05,Al Khalefeyah Library,Uncategorised,Individual,GCC,4
2026-05,Art Center,Uncategorised,Individual,Bahraini,135
2026-05,Bab Al Bahrain Information Center,Uncategorised,Individual,Bahraini,2
2026-05,Bab Al Bahrain Information Center,Uncategorised,Individual,Foreign,1
2026-05,Badr Gulum and Turabi House,Pearling Path Sites,Individual,Arab,8
2026-05,Badr Gulum and Turabi House,Pearling Path Sites,Individual,Bahraini,10
2026-05,Badr Gulum and Turabi House,Pearling Path Sites,Individual,Foreign,30
2026-05,Bahrain Fort Site,Archaeological Sites,Groups,Organized Group,223
2026-05,Bahrain Fort Site,Archaeological Sites,Individual,Arab,329
2026-05,Bahrain Fort Site,Archaeological Sites,Individual,Bahraini,7523
2026-05,Bahrain Fort Site,Archaeological Sites,Individual,Foreign,7499
2026-05,Bahrain Fort Site,Archaeological Sites,Individual,GCC,871
2026-05,Bahrain Fort Site,Forts,Groups,Organized Group,223
2026-05,Bahrain Fort Site,Forts,Individual,Arab,329
2026-05,Bahrain Fort Site,Forts,Individual,Bahraini,7523
2026-05,Bahrain Fort Site,Forts,Individual,Foreign,7499
2026-05,Bahrain Fort Site,Forts,Individual,GCC,871
2026-05,Bahrain National Museum,Museums,Educational,Institutes,10
2026-05,Bahrain National Museum,Museums,Groups,Organized Group,67
2026-05,Bahrain National Museum,Museums,Groups,VIP,34
2026-05,Bahrain National Museum,Museums,Individual,Arab,68
2026-05,Bahrain National Museum,Museums,Individual,Bahraini,728
2026-05,Bahrain National Museum,Museums,Individual,Foreign,2364
2026-05,Bahrain National Museum,Museums,Individual,GCC,469
2026-05,Bu Maher,Archaeological Sites,Individual,Arab,5
2026-05,Bu Maher,Archaeological Sites,Individual,Bahraini,54
2026-05,Bu Maher,Archaeological Sites,Individual,Foreign,779
2026-05,Bu Maher,Forts,Individual,Arab,5
2026-05,Bu Maher,Forts,Individual,Bahraini,54
2026-05,Bu Maher,Forts,Individual,Foreign,779
2026-05,Bu Maher,Pearling Path Sites,Individual,Arab,5
2026-05,Bu Maher,Pearling Path Sites,Individual,Bahraini,54
2026-05,Bu Maher,Pearling Path Sites,Individual,Foreign,779
2026-05,Cultural Hall,Uncategorised,Groups,Organized Group,168
2026-05,Cultural Hall,Uncategorised,Individual,Bahraini,174
2026-05,Fakhro House,Pearling Path Sites,Groups,Organized Group,1
2026-05,Fakhro House,Pearling Path Sites,Groups,VIP,1
2026-05,Fakhro House,Pearling Path Sites,Individual,Bahraini,16
2026-05,Fakhro House,Pearling Path Sites,Individual,Foreign,34
2026-05,Fakhro House,Pearling Path Sites,Individual,GCC,8
2026-05,Pearling Path Visitor Center,Pearling Path Sites,Individual,Arab,68
2026-05,Pearling Path Visitor Center,Pearling Path Sites,Individual,Bahraini,150
2026-05,Pearling Path Visitor Center,Pearling Path Sites,Individual,Foreign,235
2026-05,Pearling Path Visitor Center,Pearling Path Sites,Individual,GCC,138
2026-05,Post Office Museum,Museums,Individual,Bahraini,34
2026-05,Post Office Museum,Museums,Individual,Foreign,75
2026-05,Post Office Museum,Museums,Individual,GCC,34
2026-05,Qalat Al Bahrain Site Museum,Museums,Groups,Organized Group,72
2026-05,Qalat Al Bahrain Site Museum,Museums,Individual,Arab,3
2026-05,Qalat Al Bahrain Site Museum,Museums,Individual,Bahraini,90
2026-05,Qalat Al Bahrain Site Museum,Museums,Individual,Foreign,202
2026-05,Qalat Al Bahrain Site Museum,Museums,Individual,GCC,16
2026-05,Saar Settlement,Archaeological Sites,Individual,Arab,3
2026-05,Saar Settlement,Archaeological Sites,Individual,Bahraini,52
2026-05,Saar Settlement,Archaeological Sites,Individual,Foreign,26
2026-05,Saar Settlement,Archaeological Sites,Individual,GCC,48
2026-05,Sheikh Salman Bin Ahmed Al Fateh Fort,Forts,Groups,Organized Group,17
2026-05,Sheikh Salman Bin Ahmed Al Fateh Fort,Forts,Groups,Tour Agencies,101
2026-05,Sheikh Salman Bin Ahmed Al Fateh Fort,Forts,Individual,Arab,4
2026-05,Sheikh Salman Bin Ahmed Al Fateh Fort,Forts,Individual,Bahraini,36
2026-05,Sheikh Salman Bin Ahmed Al Fateh Fort,Forts,Individual,Foreign,178
2026-05,Sheikh Salman Bin Ahmed Al Fateh Fort,Forts,Individual,GCC,18
2026-05,Tree of Life Visitors Centre,Uncategorised,Groups,Organized Group,17
2026-05,Tree of Life Visitors Centre,Uncategorised,Groups,Tour Agencies,10
2026-05,Tree of Life Visitors Centre,Uncategorised,Individual,Arab,626
2026-05,Tree of Life Visitors Centre,Uncategorised,Individual,Bahraini,243
2026-05,Tree of Life Visitors Centre,Uncategorised,Individual,Foreign,4840
2026-06,Aali burial mounds,Archaeological Sites,Individual,GCC,6
2026-06,Al Alawi House,Pearling Path Sites,Individual,Foreign,1
2026-06,Al Jalahma House,Pearling Path Sites,Individual,Foreign,5
2026-06,Al Jasra Handicrafts Centre,Handicraft Sites,Individual,Bahraini,111
2026-06,Al Jasra Handicrafts Centre,Handicraft Sites,Individual,Foreign,15
2026-06,Al Jasra House,Uncategorised,Individual,Bahraini,5
2026-06,Al Jasra House,Uncategorised,Individual,Foreign,54
2026-06,Al Khalefeyah Library,Uncategorised,Individual,Arab,45
2026-06,Al Khalefeyah Library,Uncategorised,Individual,Bahraini,66
2026-06,Al Khalefeyah Library,Uncategorised,Individual,Foreign,71
2026-06,Al Khalefeyah Library,Uncategorised,Individual,GCC,1
2026-06,Art Center,Uncategorised,Individual,Arab,1
2026-06,Art Center,Uncategorised,Individual,Bahraini,1159
2026-06,Art Center,Uncategorised,Individual,Foreign,2
2026-06,Badr Gulum and Turabi House,Pearling Path Sites,Individual,Arab,2
2026-06,Badr Gulum and Turabi House,Pearling Path Sites,Individual,Bahraini,3
2026-06,Badr Gulum and Turabi House,Pearling Path Sites,Individual,Foreign,12
2026-06,Bahrain Fort Site,Archaeological Sites,Groups,Organized Group,90
2026-06,Bahrain Fort Site,Archaeological Sites,Groups,Tour Agencies,60
2026-06,Bahrain Fort Site,Archaeological Sites,Individual,Arab,1300
2026-06,Bahrain Fort Site,Archaeological Sites,Individual,Bahraini,6880
2026-06,Bahrain Fort Site,Archaeological Sites,Individual,Foreign,9562
2026-06,Bahrain Fort Site,Archaeological Sites,Individual,GCC,589
2026-06,Bahrain Fort Site,Forts,Groups,Organized Group,90
2026-06,Bahrain Fort Site,Forts,Groups,Tour Agencies,60
2026-06,Bahrain Fort Site,Forts,Individual,Arab,1300
2026-06,Bahrain Fort Site,Forts,Individual,Bahraini,6880
2026-06,Bahrain Fort Site,Forts,Individual,Foreign,9562
2026-06,Bahrain Fort Site,Forts,Individual,GCC,589
2026-06,Bahrain National Museum,Museums,Educational,Kinder Garden,26
2026-06,Bahrain National Museum,Museums,Groups,Organized Group,31
2026-06,Bahrain National Museum,Museums,Groups,VIP,11
2026-06,Bahrain National Museum,Museums,Individual,Arab,42
2026-06,Bahrain National Museum,Museums,Individual,Bahraini,210
2026-06,Bahrain National Museum,Museums,Individual,Foreign,1020
2026-06,Bahrain National Museum,Museums,Individual,GCC,208
2026-06,Bu Maher,Archaeological Sites,Groups,Organized Group,4
2026-06,Bu Maher,Archaeological Sites,Groups,VIP,2
2026-06,Bu Maher,Archaeological Sites,Individual,Arab,24
2026-06,Bu Maher,Archaeological Sites,Individual,Bahraini,45
2026-06,Bu Maher,Archaeological Sites,Individual,Foreign,414
2026-06,Bu Maher,Archaeological Sites,Individual,GCC,7
2026-06,Bu Maher,Forts,Groups,Organized Group,4
2026-06,Bu Maher,Forts,Groups,VIP,2
2026-06,Bu Maher,Forts,Individual,Arab,24
2026-06,Bu Maher,Forts,Individual,Bahraini,45
2026-06,Bu Maher,Forts,Individual,Foreign,414
2026-06,Bu Maher,Forts,Individual,GCC,7
2026-06,Bu Maher,Pearling Path Sites,Groups,Organized Group,4
2026-06,Bu Maher,Pearling Path Sites,Groups,VIP,2
2026-06,Bu Maher,Pearling Path Sites,Individual,Arab,24
2026-06,Bu Maher,Pearling Path Sites,Individual,Bahraini,45
2026-06,Bu Maher,Pearling Path Sites,Individual,Foreign,414
2026-06,Bu Maher,Pearling Path Sites,Individual,GCC,7
2026-06,Cultural Hall,Uncategorised,Educational,Kinder Garden,758
2026-06,Cultural Hall,Uncategorised,Educational,Private School,603
2026-06,Cultural Hall,Uncategorised,Individual,Bahraini,744
2026-06,Cultural Hall,Uncategorised,Individual,Foreign,51
2026-06,Fakhro House,Pearling Path Sites,Individual,Arab,3
2026-06,Fakhro House,Pearling Path Sites,Individual,Foreign,2
2026-06,Fakhro House,Pearling Path Sites,Individual,GCC,1
2026-06,Pearling Path Visitor Center,Pearling Path Sites,Individual,Arab,14
2026-06,Pearling Path Visitor Center,Pearling Path Sites,Individual,Bahraini,33
2026-06,Pearling Path Visitor Center,Pearling Path Sites,Individual,Foreign,59
2026-06,Pearling Path Visitor Center,Pearling Path Sites,Individual,GCC,28
2026-06,Post Office Museum,Museums,Individual,Bahraini,10
2026-06,Post Office Museum,Museums,Individual,Foreign,17
2026-06,Post Office Museum,Museums,Individual,GCC,22
2026-06,Qalat Al Bahrain Site Museum,Museums,Individual,Bahraini,22
2026-06,Qalat Al Bahrain Site Museum,Museums,Individual,Foreign,140
2026-06,Qalat Al Bahrain Site Museum,Museums,Individual,GCC,1
2026-06,Saar Settlement,Archaeological Sites,Individual,Arab,8
2026-06,Saar Settlement,Archaeological Sites,Individual,Bahraini,117
2026-06,Saar Settlement,Archaeological Sites,Individual,Foreign,17
2026-06,Saar Settlement,Archaeological Sites,Individual,GCC,92
2026-06,Sheikh Salman Bin Ahmed Al Fateh Fort,Forts,Groups,Organized Group,92
2026-06,Sheikh Salman Bin Ahmed Al Fateh Fort,Forts,Individual,Arab,7
2026-06,Sheikh Salman Bin Ahmed Al Fateh Fort,Forts,Individual,Bahraini,21
2026-06,Sheikh Salman Bin Ahmed Al Fateh Fort,Forts,Individual,Foreign,8
2026-06,Sheikh Salman Bin Ahmed Al Fateh Fort,Forts,Individual,GCC,9
2026-06,Tree of Life Visitors Centre,Uncategorised,Groups,Organized Group,28
2026-06,Tree of Life Visitors Centre,Uncategorised,Groups,Tour Agencies,24
2026-06,Tree of Life Visitors Centre,Uncategorised,Individual,Arab,170
2026-06,Tree of Life Visitors Centre,Uncategorised,Individual,Bahraini,20
2026-06,Tree of Life Visitors Centre,Uncategorised,Individual,Foreign,1660
2026-07,Al Jasra Handicrafts Centre,Handicraft Sites,Groups,Tour Agencies,51
2026-07,Al Jasra Handicrafts Centre,Handicraft Sites,Individual,Bahraini,464
2026-07,Al Jasra Handicrafts Centre,Handicraft Sites,Individual,Foreign,11
2026-07,Al Jasra House,Uncategorised,Individual,Bahraini,3
2026-07,Al Jasra House,Uncategorised,Individual,Foreign,60
2026-07,Al Khalefeyah Library,Uncategorised,Individual,Arab,23
2026-07,Al Khalefeyah Library,Uncategorised,Individual,Bahraini,101
2026-07,Al Khalefeyah Library,Uncategorised,Individual,Foreign,99
2026-07,Al Khalefeyah Library,Uncategorised,Individual,GCC,2
2026-07,Art Center,Uncategorised,Individual,Arab,1
2026-07,Art Center,Uncategorised,Individual,Bahraini,489
2026-07,Art Center,Uncategorised,Individual,Foreign,3
2026-07,Bahrain Fort Site,Archaeological Sites,Groups,Organized Group,83
2026-07,Bahrain Fort Site,Archaeological Sites,Individual,Arab,120
2026-07,Bahrain Fort Site,Archaeological Sites,Individual,Bahraini,4202
2026-07,Bahrain Fort Site,Archaeological Sites,Individual,Foreign,4282
2026-07,Bahrain Fort Site,Archaeological Sites,Individual,GCC,455
2026-07,Bahrain Fort Site,Forts,Groups,Organized Group,83
2026-07,Bahrain Fort Site,Forts,Individual,Arab,120
2026-07,Bahrain Fort Site,Forts,Individual,Bahraini,4202
2026-07,Bahrain Fort Site,Forts,Individual,Foreign,4282
2026-07,Bahrain Fort Site,Forts,Individual,GCC,455
2026-07,Bahrain National Museum,Museums,Educational,Kinder Garden,30
2026-07,Bahrain National Museum,Museums,Educational,Private School,41
2026-07,Bahrain National Museum,Museums,Groups,Organized Group,238
2026-07,Bahrain National Museum,Museums,Groups,Tour Agencies,10
2026-07,Bahrain National Museum,Museums,Groups,VIP,6
2026-07,Bahrain National Museum,Museums,Individual,Arab,41
2026-07,Bahrain National Museum,Museums,Individual,Bahraini,472
2026-07,Bahrain National Museum,Museums,Individual,Foreign,1201
2026-07,Bahrain National Museum,Museums,Individual,GCC,393
2026-07,Bu Maher,Archaeological Sites,Groups,VIP,4
2026-07,Bu Maher,Archaeological Sites,Individual,Arab,9
2026-07,Bu Maher,Archaeological Sites,Individual,Bahraini,39
2026-07,Bu Maher,Archaeological Sites,Individual,Foreign,346
2026-07,Bu Maher,Archaeological Sites,Individual,GCC,56
2026-07,Bu Maher,Forts,Groups,VIP,4
2026-07,Bu Maher,Forts,Individual,Arab,9
2026-07,Bu Maher,Forts,Individual,Bahraini,39
2026-07,Bu Maher,Forts,Individual,Foreign,346
2026-07,Bu Maher,Forts,Individual,GCC,56
2026-07,Bu Maher,Pearling Path Sites,Groups,VIP,4
2026-07,Bu Maher,Pearling Path Sites,Individual,Arab,9
2026-07,Bu Maher,Pearling Path Sites,Individual,Bahraini,39
2026-07,Bu Maher,Pearling Path Sites,Individual,Foreign,346
2026-07,Bu Maher,Pearling Path Sites,Individual,GCC,56
2026-07,Cultural Hall,Uncategorised,Individual,Bahraini,180
2026-07,Cultural Hall,Uncategorised,Individual,Foreign,10
2026-07,Qalat Al Bahrain Site Museum,Museums,Groups,Organized Group,4
2026-07,Qalat Al Bahrain Site Museum,Museums,Individual,Arab,5
2026-07,Qalat Al Bahrain Site Museum,Museums,Individual,Bahraini,25
2026-07,Qalat Al Bahrain Site Museum,Museums,Individual,Foreign,89
2026-07,Qalat Al Bahrain Site Museum,Museums,Individual,GCC,1
2026-07,Saar Settlement,Archaeological Sites,Individual,Arab,19
2026-07,Saar Settlement,Archaeological Sites,Individual,Bahraini,46
2026-07,Saar Settlement,Archaeological Sites,Individual,Foreign,8
2026-07,Saar Settlement,Archaeological Sites,Individual,GCC,54
2026-07,Sheikh Salman Bin Ahmed Al Fateh Fort,Forts,Individual,Arab,5
2026-07,Sheikh Salman Bin Ahmed Al Fateh Fort,Forts,Individual,Bahraini,13
2026-07,Sheikh Salman Bin Ahmed Al Fateh Fort,Forts,Individual,Foreign,22
2026-07,Sheikh Salman Bin Ahmed Al Fateh Fort,Forts,Individual,GCC,36
2026-07,Tree of Life Visitors Centre,Uncategorised,Groups,Tour Agencies,10
2026-07,Tree of Life Visitors Centre,Uncategorised,Individual,Arab,114
2026-07,Tree of Life Visitors Centre,Uncategorised,Individual,Bahraini,46
2026-07,Tree of Life Visitors Centre,Uncategorised,Individual,Foreign,1459
2026-07,Tree of Life Visitors Centre,Uncategorised,Individual,GCC,15
2026-08,Al Jasra Handicrafts Centre,Handicraft Sites,Individual,Bahraini,211
2026-08,Al Jasra Handicrafts Centre,Handicraft Sites,Individual,Foreign,4
2026-08,Al Jasra House,Uncategorised,Groups,Organized Group,45
2026-08,Al Jasra House,Uncategorised,Individual,Bahraini,7
2026-08,Al Jasra House,Uncategorised,Individual,Foreign,34
2026-08,Al Khalefeyah Library,Uncategorised,Individual,Arab,22
2026-08,Al Khalefeyah Library,Uncategorised,Individual,Bahraini,111
2026-08,Al Khalefeyah Library,Uncategorised,Individual,Foreign,105
2026-08,Al Khalefeyah Library,Uncategorised,Individual,GCC,9
2026-08,Art Center,Uncategorised,Individual,Bahraini,330
2026-08,Bahrain Fort Site,Archaeological Sites,Groups,Tour Agencies,32
2026-08,Bahrain Fort Site,Archaeological Sites,Individual,Arab,123
2026-08,Bahrain Fort Site,Archaeological Sites,Individual,Bahraini,4304
2026-08,Bahrain Fort Site,Archaeological Sites,Individual,Foreign,4487
2026-08,Bahrain Fort Site,Archaeological Sites,Individual,GCC,559
2026-08,Bahrain Fort Site,Forts,Groups,Tour Agencies,32
2026-08,Bahrain Fort Site,Forts,Individual,Arab,123
2026-08,Bahrain Fort Site,Forts,Individual,Bahraini,4304
2026-08,Bahrain Fort Site,Forts,Individual,Foreign,4487
2026-08,Bahrain Fort Site,Forts,Individual,GCC,559
2026-08,Bahrain National Museum,Museums,Groups,Organized Group,169
2026-08,Bahrain National Museum,Museums,Groups,VIP,21
2026-08,Bahrain National Museum,Museums,Individual,Arab,48
2026-08,Bahrain National Museum,Museums,Individual,Bahraini,509
2026-08,Bahrain National Museum,Museums,Individual,Foreign,1159
2026-08,Bahrain National Museum,Museums,Individual,GCC,480
2026-08,Bu Maher,Archaeological Sites,Groups,VIP,7
2026-08,Bu Maher,Archaeological Sites,Individual,Bahraini,30
2026-08,Bu Maher,Archaeological Sites,Individual,Foreign,395
2026-08,Bu Maher,Archaeological Sites,Individual,GCC,15
2026-08,Bu Maher,Forts,Groups,VIP,7
2026-08,Bu Maher,Forts,Individual,Bahraini,30
2026-08,Bu Maher,Forts,Individual,Foreign,395
2026-08,Bu Maher,Forts,Individual,GCC,15
2026-08,Bu Maher,Pearling Path Sites,Groups,VIP,7
2026-08,Bu Maher,Pearling Path Sites,Individual,Bahraini,30
2026-08,Bu Maher,Pearling Path Sites,Individual,Foreign,395
2026-08,Bu Maher,Pearling Path Sites,Individual,GCC,15
2026-08,Cultural Hall,Uncategorised,Educational,Institutes,440
2026-08,Cultural Hall,Uncategorised,Individual,Bahraini,351
2026-08,Cultural Hall,Uncategorised,Individual,Foreign,3
2026-08,Qalat Al Bahrain Site Museum,Museums,Groups,Organized Group,30
2026-08,Qalat Al Bahrain Site Museum,Museums,Groups,VIP,4
2026-08,Qalat Al Bahrain Site Museum,Museums,Individual,Arab,5
2026-08,Qalat Al Bahrain Site Museum,Museums,Individual,Bahraini,20
2026-08,Qalat Al Bahrain Site Museum,Museums,Individual,Foreign,119
2026-08,Qalat Al Bahrain Site Museum,Museums,Individual,GCC,21
2026-08,Saar Settlement,Archaeological Sites,Individual,Bahraini,60
2026-08,Saar Settlement,Archaeological Sites,Individual,GCC,152
2026-08,Sheikh Salman Bin Ahmed Al Fateh Fort,Forts,Individual,Foreign,39
2026-08,Tree of Life Visitors Centre,Uncategorised,Groups,Organized Group,11
2026-08,Tree of Life Visitors Centre,Uncategorised,Groups,Tour Agencies,18
2026-08,Tree of Life Visitors Centre,Uncategorised,Individual,Arab,117
2026-08,Tree of Life Visitors Centre,Uncategorised,Individual,Bahraini,35
2026-08,Tree of Life Visitors Centre,Uncategorised,Individual,Foreign,1585
2026-08,Tree of Life Visitors Centre,Uncategorised,Individual,GCC,88
