n,year,month,lshhr,governorate,lmhfz,land_use_category,fy_st_ml_l_rdy,area
1,2024,07 July,07 يوليو,Capital,العاصمة,Residential,المناطق السكنية,16398662.168012 m2
2,2024,07 July,07 يوليو,Capital,العاصمة,Investment,المناطق الاستثمارية,10198961.219655 m2
3,2024,07 July,07 يوليو,Capital,العاصمة,Commercial,المناطق التجارية,1510413.139164 m2
4,2024,07 July,07 يوليو,Capital,العاصمة,Agriculture,المناطق الزراعية,1426311.191071 m2
5,2024,07 July,07 يوليو,Capital,العاصمة,Special Project,مناطق المشاريع ذات الطبيعة الخاصة,8956879.817659 m2
6,2024,07 July,07 يوليو,Capital,العاصمة,Public services and facilities,مناطق الخدمات والمرافق العامة,7832057.069334 m2
7,2024,07 July,07 يوليو,Capital,العاصمة,Green Belt,مناطق الحزام الأخضر,683712.974901 m2
8,2024,07 July,07 يوليو,Capital,العاصمة,Industrial,المناطق الصناعية,4752715.896549 m2
9,2024,07 July,07 يوليو,Capital,العاصمة,Ministry of Housing,مناطق مشاريع وزارة الإسكان,2596968.613839 m2
10,2024,07 July,07 يوليو,Capital,العاصمة,Protection Zone,المناطق المحمية,465913.478696 m2
11,2024,07 July,07 يوليو,Capital,العاصمة,Archaeology,المناطق الأثرية,209272.012388 m2
12,2024,07 July,07 يوليو,Capital,العاصمة,Recreation / Garden,المناطق الترفيهية والحدائق,1805530.297605 m2
13,2024,07 July,07 يوليو,Capital,العاصمة,Unplanned,المناطق غير المخططة,686949.480745 m2
14,2024,07 July,07 يوليو,Capital,العاصمة,Other,المناطق الأخرى,2061777.978728 m2
15,2024,07 July,07 يوليو,Muharraq,المحرق,Residential,المناطق السكنية,9335909.68802 m2
16,2024,07 July,07 يوليو,Muharraq,المحرق,Investment,المناطق الاستثمارية,4393022.379893 m2
17,2024,07 July,07 يوليو,Muharraq,المحرق,Commercial,المناطق التجارية,356833.716361 m2
18,2024,07 July,07 يوليو,Muharraq,المحرق,Agriculture,المناطق الزراعية,22076.782111 m2
19,2024,07 July,07 يوليو,Muharraq,المحرق,Special Project,مناطق المشاريع ذات الطبيعة الخاصة,22476210.768607 m2
20,2024,07 July,07 يوليو,Muharraq,المحرق,Public services and facilities,مناطق الخدمات والمرافق العامة,16580450.276954 m2
21,2024,07 July,07 يوليو,Muharraq,المحرق,Green Belt,مناطق الحزام الأخضر,0.00 m2
22,2024,07 July,07 يوليو,Muharraq,المحرق,Industrial,المناطق الصناعية,3997834.712078 m2
23,2024,07 July,07 يوليو,Muharraq,المحرق,Ministry of Housing,مناطق مشاريع وزارة الإسكان,2593607.30968 m2
24,2024,07 July,07 يوليو,Muharraq,المحرق,Protection Zone,المناطق المحمية,290834.527501 m2
25,2024,07 July,07 يوليو,Muharraq,المحرق,Archaeology,المناطق الأثرية,19518.814552 m2
26,2024,07 July,07 يوليو,Muharraq,المحرق,Recreation / Garden,المناطق الترفيهية والحدائق,2646024.198557 m2
27,2024,07 July,07 يوليو,Muharraq,المحرق,Unplanned,المناطق غير المخططة,72769.614763 m2
28,2024,07 July,07 يوليو,Muharraq,المحرق,Other,المناطق الأخرى,890383.983223 m2
29,2024,07 July,07 يوليو,Northern,الشمالية,Residential,المناطق السكنية,36007617.66145 m2
30,2024,07 July,07 يوليو,Northern,الشمالية,Investment,المناطق الاستثمارية,4132117.549851 m2
31,2024,07 July,07 يوليو,Northern,الشمالية,Commercial,المناطق التجارية,605103.771471 m2
32,2024,07 July,07 يوليو,Northern,الشمالية,Agriculture,المناطق الزراعية,15114263.019679 m2
33,2024,07 July,07 يوليو,Northern,الشمالية,Special Project,مناطق المشاريع ذات الطبيعة الخاصة,6962450.15993 m2
34,2024,07 July,07 يوليو,Northern,الشمالية,Public services and facilities,مناطق الخدمات والمرافق العامة,10409516.20126 m2
35,2024,07 July,07 يوليو,Northern,الشمالية,Green Belt,مناطق الحزام الأخضر,0.00 m2
36,2024,07 July,07 يوليو,Northern,الشمالية,Industrial,المناطق الصناعية,2959751.708435 m2
37,2024,07 July,07 يوليو,Northern,الشمالية,Ministry of Housing,مناطق مشاريع وزارة الإسكان,9771146.380813 m2
38,2024,07 July,07 يوليو,Northern,الشمالية,Protection Zone,المناطق المحمية,34683.973677 m2
39,2024,07 July,07 يوليو,Northern,الشمالية,Archaeology,المناطق الأثرية,1374775.801727 m2
40,2024,07 July,07 يوليو,Northern,الشمالية,Recreation / Garden,المناطق الترفيهية والحدائق,2308497.153069 m2
41,2024,07 July,07 يوليو,Northern,الشمالية,Unplanned,المناطق غير المخططة,6013379.790717 m2
42,2024,07 July,07 يوليو,Northern,الشمالية,Other,المناطق الأخرى,3833189.819919 m2
43,2024,07 July,07 يوليو,Southern,الجنوبية,Residential,المناطق السكنية,16809136.32518 m2
44,2024,07 July,07 يوليو,Southern,الجنوبية,Investment,المناطق الاستثمارية,1245226.322226 m2
45,2024,07 July,07 يوليو,Southern,الجنوبية,Commercial,المناطق التجارية,681193.059642 m2
46,2024,07 July,07 يوليو,Southern,الجنوبية,Agriculture,المناطق الزراعية,3986732.119724 m2
47,2024,07 July,07 يوليو,Southern,الجنوبية,Special Project,مناطق المشاريع ذات الطبيعة الخاصة,178355022.774187 m2
48,2024,07 July,07 يوليو,Southern,الجنوبية,Public services and facilities,مناطق الخدمات والمرافق العامة,40826451.117015 m2
49,2024,07 July,07 يوليو,Southern,الجنوبية,Green Belt,مناطق الحزام الأخضر,0.00 m2
50,2024,07 July,07 يوليو,Southern,الجنوبية,Industrial,المناطق الصناعية,16408296.468826 m2
51,2024,07 July,07 يوليو,Southern,الجنوبية,Ministry of Housing,مناطق مشاريع وزارة الإسكان,5498890.160965 m2
52,2024,07 July,07 يوليو,Southern,الجنوبية,Protection Zone,المناطق المحمية,150349985.729865 m2
53,2024,07 July,07 يوليو,Southern,الجنوبية,Archaeology,المناطق الأثرية,405980.158639 m2
54,2024,07 July,07 يوليو,Southern,الجنوبية,Recreation / Garden,المناطق الترفيهية والحدائق,10482872.161815 m2
55,2024,07 July,07 يوليو,Southern,الجنوبية,Unplanned,المناطق غير المخططة,7406.023419 m2
56,2024,07 July,07 يوليو,Southern,الجنوبية,Other,المناطق الأخرى,598964.627968 m2
57,2024,08 August,08 أغسطس,Capital,العاصمة,Residential,المناطق السكنية,16399055.505584 m2
58,2024,08 August,08 أغسطس,Capital,العاصمة,Investment,المناطق الاستثمارية,10206471.008482 m2
59,2024,08 August,08 أغسطس,Capital,العاصمة,Commercial,المناطق التجارية,1510413.139164 m2
60,2024,08 August,08 أغسطس,Capital,العاصمة,Agriculture,المناطق الزراعية,1426311.191071  m2
61,2024,08 August,08 أغسطس,Capital,العاصمة,Special Project,مناطق المشاريع ذات الطبيعة الخاصة,8956879.817659  m2
62,2024,08 August,08 أغسطس,Capital,العاصمة,Public services and facilities,مناطق الخدمات والمرافق العامة,7823777.589076 m2
63,2024,08 August,08 أغسطس,Capital,العاصمة,Green Belt,مناطق الحزام الأخضر,683712.974901 m2
64,2024,08 August,08 أغسطس,Capital,العاصمة,Industrial,المناطق الصناعية,4752715.896549  m2
65,2024,08 August,08 أغسطس,Capital,العاصمة,Ministry of Housing,مناطق مشاريع وزارة الإسكان,2596812.397447 m2
66,2024,08 August,08 أغسطس,Capital,العاصمة,Protection Zone,المناطق المحمية,465913.478696 m2
67,2024,08 August,08 أغسطس,Capital,العاصمة,Archaeology,المناطق الأثرية,209272.012388 m2
68,2024,08 August,08 أغسطس,Capital,العاصمة,Recreation / Garden,المناطق الترفيهية والحدائق,1805531.070904 m2
69,2024,08 August,08 أغسطس,Capital,العاصمة,Unplanned,المناطق غير المخططة,686949.480745 m2
70,2024,08 August,08 أغسطس,Capital,العاصمة,Other,المناطق الأخرى,2061777.978728 m2
71,2024,08 August,08 أغسطس,Muharraq,المحرق,Residential,المناطق السكنية,9335929.371211 m2
72,2024,08 August,08 أغسطس,Muharraq,المحرق,Investment,المناطق الاستثمارية,4393022.379893 m2
73,2024,08 August,08 أغسطس,Muharraq,المحرق,Commercial,المناطق التجارية,350668.078153 m2
74,2024,08 August,08 أغسطس,Muharraq,المحرق,Agriculture,المناطق الزراعية,22076.782111 m2
75,2024,08 August,08 أغسطس,Muharraq,المحرق,Special Project,مناطق المشاريع ذات الطبيعة الخاصة,22476210.768607 m2
76,2024,08 August,08 أغسطس,Muharraq,المحرق,Public services and facilities,مناطق الخدمات والمرافق العامة,16615313.392809 m2
77,2024,08 August,08 أغسطس,Muharraq,المحرق,Green Belt,مناطق الحزام الأخضر,0.00 m2
78,2024,08 August,08 أغسطس,Muharraq,المحرق,Industrial,المناطق الصناعية,3975646.386549 m2
79,2024,08 August,08 أغسطس,Muharraq,المحرق,Ministry of Housing,مناطق مشاريع وزارة الإسكان,2593607.30968 m2
80,2024,08 August,08 أغسطس,Muharraq,المحرق,Protection Zone,المناطق المحمية,294601.963283 m2
81,2024,08 August,08 أغسطس,Muharraq,المحرق,Archaeology,المناطق الأثرية,19518.814552 m2
82,2024,08 August,08 أغسطس,Muharraq,المحرق,Recreation / Garden,المناطق الترفيهية والحدائق,2646024.198557 m2
83,2024,08 August,08 أغسطس,Muharraq,المحرق,Unplanned,المناطق غير المخططة,72769.614763 m2
84,2024,08 August,08 أغسطس,Muharraq,المحرق,Other,المناطق الأخرى,890383.983223 m2
85,2024,08 August,08 أغسطس,Northern,الشمالية,Residential,المناطق السكنية,36020967.838604 m2
86,2024,08 August,08 أغسطس,Northern,الشمالية,Investment,المناطق الاستثمارية,4129540.673609 m2
87,2024,08 August,08 أغسطس,Northern,الشمالية,Commercial,المناطق التجارية,605103.771471 m2
88,2024,08 August,08 أغسطس,Northern,الشمالية,Agriculture,المناطق الزراعية,15015594.998378 m2
89,2024,08 August,08 أغسطس,Northern,الشمالية,Special Project,مناطق المشاريع ذات الطبيعة الخاصة,6962450.15993 m2
90,2024,08 August,08 أغسطس,Northern,الشمالية,Public services and facilities,مناطق الخدمات والمرافق العامة,10411516.235724 m2
91,2024,08 August,08 أغسطس,Northern,الشمالية,Green Belt,مناطق الحزام الأخضر,0.00 m2
92,2024,08 August,08 أغسطس,Northern,الشمالية,Industrial,المناطق الصناعية,2858775.973841 m2
93,2024,08 August,08 أغسطس,Northern,الشمالية,Ministry of Housing,مناطق مشاريع وزارة الإسكان,9771140.203682 m2
94,2024,08 August,08 أغسطس,Northern,الشمالية,Protection Zone,المناطق المحمية,34683.973677 m2
95,2024,08 August,08 أغسطس,Northern,الشمالية,Archaeology,المناطق الأثرية,1374179.289301 m2
96,2024,08 August,08 أغسطس,Northern,الشمالية,Recreation / Garden,المناطق الترفيهية والحدائق,2308497.153069 m2
97,2024,08 August,08 أغسطس,Northern,الشمالية,Unplanned,المناطق غير المخططة,6013379.790717 m2
98,2024,08 August,08 أغسطس,Northern,الشمالية,Other,المناطق الأخرى,3833189.819919 m2
99,2024,08 August,08 أغسطس,Southern,الجنوبية,Residential,المناطق السكنية,16809136.32518 m2
100,2024,08 August,08 أغسطس,Southern,الجنوبية,Investment,المناطق الاستثمارية,1245226.322226 m2
101,2024,08 August,08 أغسطس,Southern,الجنوبية,Commercial,المناطق التجارية,681750.249672 m2
102,2024,08 August,08 أغسطس,Southern,الجنوبية,Agriculture,المناطق الزراعية,3934554.741459 m2
103,2024,08 August,08 أغسطس,Southern,الجنوبية,Special Project,مناطق المشاريع ذات الطبيعة الخاصة,178355022.774187 m2
104,2024,08 August,08 أغسطس,Southern,الجنوبية,Public services and facilities,مناطق الخدمات والمرافق العامة,40829037.384029 m2
105,2024,08 August,08 أغسطس,Southern,الجنوبية,Green Belt,مناطق الحزام الأخضر,0.00 m2
106,2024,08 August,08 أغسطس,Southern,الجنوبية,Industrial,المناطق الصناعية,16397995.8427 m2
107,2024,08 August,08 أغسطس,Southern,الجنوبية,Ministry of Housing,مناطق مشاريع وزارة الإسكان,5495767.651035 m2
108,2024,08 August,08 أغسطس,Southern,الجنوبية,Protection Zone,المناطق المحمية,150349985.729865 m2
109,2024,08 August,08 أغسطس,Southern,الجنوبية,Archaeology,المناطق الأثرية,405980.158639 m2
110,2024,08 August,08 أغسطس,Southern,الجنوبية,Recreation / Garden,المناطق الترفيهية والحدائق,10482872.161815 m2
111,2024,08 August,08 أغسطس,Southern,الجنوبية,Unplanned,المناطق غير المخططة,7406.023419 m2
112,2024,08 August,08 أغسطس,Southern,الجنوبية,Other,المناطق الأخرى,598964.627968 m2
113,2024,09 September,09 سبتمبر,Capital,العاصمة,Residential,المناطق السكنية,16404739.502353 m2
114,2024,09 September,09 سبتمبر,Capital,العاصمة,Investment,المناطق الاستثمارية,10199156.355295 m2
115,2024,09 September,09 سبتمبر,Capital,العاصمة,Commercial,المناطق التجارية,1511844.555969 m2
116,2024,09 September,09 سبتمبر,Capital,العاصمة,Agriculture,المناطق الزراعية,1426311.191071 m2
117,2024,09 September,09 سبتمبر,Capital,العاصمة,Special Project,مناطق المشاريع ذات الطبيعة الخاصة,8957410.989258 m2
118,2024,09 September,09 سبتمبر,Capital,العاصمة,Public services and facilities,مناطق الخدمات والمرافق العامة,7923376.704108 m2
119,2024,09 September,09 سبتمبر,Capital,العاصمة,Green Belt,مناطق الحزام الأخضر,683712.974901 m2
120,2024,09 September,09 سبتمبر,Capital,العاصمة,Industrial,المناطق الصناعية,4758412.797685 m2
121,2024,09 September,09 سبتمبر,Capital,العاصمة,Ministry of Housing,مناطق مشاريع وزارة الإسكان,2596812.397447 m2
122,2024,09 September,09 سبتمبر,Capital,العاصمة,Protection Zone,المناطق المحمية,465822.418259 m2
123,2024,09 September,09 سبتمبر,Capital,العاصمة,Archaeology,المناطق الأثرية,209272.012388 m2
124,2024,09 September,09 سبتمبر,Capital,العاصمة,Recreation / Garden,المناطق الترفيهية والحدائق,1805531.070904 m2
125,2024,09 September,09 سبتمبر,Capital,العاصمة,Unplanned,المناطق غير المخططة,824749.735691 m2
126,2024,09 September,09 سبتمبر,Capital,العاصمة,Other,المناطق الأخرى,1963263.009771 m2
127,2024,09 September,09 سبتمبر,Muharraq,المحرق,Residential,المناطق السكنية,9390053.003345 m2
128,2024,09 September,09 سبتمبر,Muharraq,المحرق,Investment,المناطق الاستثمارية,4409090.407385 m2
129,2024,09 September,09 سبتمبر,Muharraq,المحرق,Commercial,المناطق التجارية,406303.447823 m2
130,2024,09 September,09 سبتمبر,Muharraq,المحرق,Agriculture,المناطق الزراعية,22076.782111 m2
131,2024,09 September,09 سبتمبر,Muharraq,المحرق,Special Project,مناطق المشاريع ذات الطبيعة الخاصة,21952943.753275 m2
132,2024,09 September,09 سبتمبر,Muharraq,المحرق,Public services and facilities,مناطق الخدمات والمرافق العامة,17172040.034804 m2
133,2024,09 September,09 سبتمبر,Muharraq,المحرق,Green Belt,مناطق الحزام الأخضر,0.00 m2
134,2024,09 September,09 سبتمبر,Muharraq,المحرق,Industrial,المناطق الصناعية,3997852.634682 m2
135,2024,09 September,09 سبتمبر,Muharraq,المحرق,Ministry of Housing,مناطق مشاريع وزارة الإسكان,2592707.801037 m2
136,2024,09 September,09 سبتمبر,Muharraq,المحرق,Protection Zone,المناطق المحمية,2444568.292702 m2
137,2024,09 September,09 سبتمبر,Muharraq,المحرق,Archaeology,المناطق الأثرية,19518.814552 m2
138,2024,09 September,09 سبتمبر,Muharraq,المحرق,Recreation / Garden,المناطق الترفيهية والحدائق,2646005.564157 m2
139,2024,09 September,09 سبتمبر,Muharraq,المحرق,Unplanned,المناطق غير المخططة,72769.485891 m2
140,2024,09 September,09 سبتمبر,Muharraq,المحرق,Other,المناطق الأخرى,469944.630429 m2
141,2024,09 September,09 سبتمبر,Northern,الشمالية,Residential,المناطق السكنية,35988183.815261 m2
142,2024,09 September,09 سبتمبر,Northern,الشمالية,Investment,المناطق الاستثمارية,4130051.486825 m2
143,2024,09 September,09 سبتمبر,Northern,الشمالية,Commercial,المناطق التجارية,684061.857347 m2
144,2024,09 September,09 سبتمبر,Northern,الشمالية,Agriculture,المناطق الزراعية,15015551.615061 m2
145,2024,09 September,09 سبتمبر,Northern,الشمالية,Special Project,مناطق المشاريع ذات الطبيعة الخاصة,6893168.663635 m2
146,2024,09 September,09 سبتمبر,Northern,الشمالية,Public services and facilities,مناطق الخدمات والمرافق العامة,10428949.08845 m2
147,2024,09 September,09 سبتمبر,Northern,الشمالية,Green Belt,مناطق الحزام الأخضر,0.00 m2
148,2024,09 September,09 سبتمبر,Northern,الشمالية,Industrial,المناطق الصناعية,3066373.213777 m2
149,2024,09 September,09 سبتمبر,Northern,الشمالية,Ministry of Housing,مناطق مشاريع وزارة الإسكان,9771140.203682 m2
150,2024,09 September,09 سبتمبر,Northern,الشمالية,Protection Zone,المناطق المحمية,34683.973677 m2
151,2024,09 September,09 سبتمبر,Northern,الشمالية,Archaeology,المناطق الأثرية,1374179.289301 m2
152,2024,09 September,09 سبتمبر,Northern,الشمالية,Recreation / Garden,المناطق الترفيهية والحدائق,2309198.765026 m2
153,2024,09 September,09 سبتمبر,Northern,الشمالية,Unplanned,المناطق غير المخططة,6012915.612935 m2
154,2024,09 September,09 سبتمبر,Northern,الشمالية,Other,المناطق الأخرى,3824505.12647 m2
155,2024,09 September,09 سبتمبر,Southern,الجنوبية,Residential,المناطق السكنية,16809995.585757 m2
156,2024,09 September,09 سبتمبر,Southern,الجنوبية,Investment,المناطق الاستثمارية,1245226.322226 m2
157,2024,09 September,09 سبتمبر,Southern,الجنوبية,Commercial,المناطق التجارية,733793.592517 m2
158,2024,09 September,09 سبتمبر,Southern,الجنوبية,Agriculture,المناطق الزراعية,3934554.741459 m2
159,2024,09 September,09 سبتمبر,Southern,الجنوبية,Special Project,مناطق المشاريع ذات الطبيعة الخاصة,178253057.910668 m2
160,2024,09 September,09 سبتمبر,Southern,الجنوبية,Public services and facilities,مناطق الخدمات والمرافق العامة,40860688.875995 m2
161,2024,09 September,09 سبتمبر,Southern,الجنوبية,Green Belt,مناطق الحزام الأخضر,0.00 m2
162,2024,09 September,09 سبتمبر,Southern,الجنوبية,Industrial,المناطق الصناعية,16464718.548241 m2
163,2024,09 September,09 سبتمبر,Southern,الجنوبية,Ministry of Housing,مناطق مشاريع وزارة الإسكان,5495767.651035 m2
164,2024,09 September,09 سبتمبر,Southern,الجنوبية,Protection Zone,المناطق المحمية,150349985.729865 m2
165,2024,09 September,09 سبتمبر,Southern,الجنوبية,Archaeology,المناطق الأثرية,405980.158639 m2
166,2024,09 September,09 سبتمبر,Southern,الجنوبية,Recreation / Garden,المناطق الترفيهية والحدائق,10482872.161815 m2
167,2024,09 September,09 سبتمبر,Southern,الجنوبية,Unplanned,المناطق غير المخططة,7406.012289 m2
168,2024,09 September,09 سبتمبر,Southern,الجنوبية,Other,المناطق الأخرى,598964.627968 m2
169,2024,10 October,10 اكتوبر,Capital,العاصمة,Residential,المناطق السكنية,16480399.512388 m2
170,2024,10 October,10 اكتوبر,Capital,العاصمة,Investment,المناطق الاستثمارية,10093545.747572 m2
171,2024,10 October,10 اكتوبر,Capital,العاصمة,Commercial,المناطق التجارية,1631043.174893 m2
172,2024,10 October,10 اكتوبر,Capital,العاصمة,Agriculture,المناطق الزراعية,1426311.192142 m2
173,2024,10 October,10 اكتوبر,Capital,العاصمة,Special Project,مناطق المشاريع ذات الطبيعة الخاصة,8935698.601739 m2
174,2024,10 October,10 اكتوبر,Capital,العاصمة,Public services and facilities,مناطق الخدمات والمرافق العامة,8195519.204876 m2
175,2024,10 October,10 اكتوبر,Capital,العاصمة,Green Belt,مناطق الحزام الأخضر,591239.006988 m2
176,2024,10 October,10 اكتوبر,Capital,العاصمة,Industrial,المناطق الصناعية,4752715.896549 m2
177,2024,10 October,10 اكتوبر,Capital,العاصمة,Ministry of Housing,مناطق مشاريع وزارة الإسكان,2566530.746759 m2
178,2024,10 October,10 اكتوبر,Capital,العاصمة,Protection Zone,المناطق المحمية,13759159.647878 m2
179,2024,10 October,10 اكتوبر,Capital,العاصمة,Archaeology,المناطق الأثرية,211941.955834 m2
180,2024,10 October,10 اكتوبر,Capital,العاصمة,Recreation / Garden,المناطق الترفيهية والحدائق,1718207.437038 m2
181,2024,10 October,10 اكتوبر,Capital,العاصمة,Unplanned,المناطق غير المخططة,818454.609531 m2
182,2024,10 October,10 اكتوبر,Capital,العاصمة,Other,المناطق الأخرى,1961971.863229 m2
183,2024,10 October,10 اكتوبر,Muharraq,المحرق,Residential,المناطق السكنية,9390034.90142 m2
184,2024,10 October,10 اكتوبر,Muharraq,المحرق,Investment,المناطق الاستثمارية,4409088.445683 m2
185,2024,10 October,10 اكتوبر,Muharraq,المحرق,Commercial,المناطق التجارية,406303.447823 m2
186,2024,10 October,10 اكتوبر,Muharraq,المحرق,Agriculture,المناطق الزراعية,22076.782111 m2
187,2024,10 October,10 اكتوبر,Muharraq,المحرق,Special Project,مناطق المشاريع ذات الطبيعة الخاصة,21945329.811634 m2
188,2024,10 October,10 اكتوبر,Muharraq,المحرق,Public services and facilities,مناطق الخدمات والمرافق العامة,17261136.02147 m2
189,2024,10 October,10 اكتوبر,Muharraq,المحرق,Green Belt,مناطق الحزام الأخضر,0.00 m2
190,2024,10 October,10 اكتوبر,Muharraq,المحرق,Industrial,المناطق الصناعية,3989159.431291 m2
191,2024,10 October,10 اكتوبر,Muharraq,المحرق,Ministry of Housing,مناطق مشاريع وزارة الإسكان,2592707.375868 m2
192,2024,10 October,10 اكتوبر,Muharraq,المحرق,Protection Zone,المناطق المحمية,2444568.292702 m2
193,2024,10 October,10 اكتوبر,Muharraq,المحرق,Archaeology,المناطق الأثرية,19518.814552 m2
194,2024,10 October,10 اكتوبر,Muharraq,المحرق,Recreation / Garden,المناطق الترفيهية والحدائق,2562569.492551 m2
195,2024,10 October,10 اكتوبر,Muharraq,المحرق,Unplanned,المناطق غير المخططة,72769.485891 m2
196,2024,10 October,10 اكتوبر,Muharraq,المحرق,Other,المناطق الأخرى,469944.630429 m2
197,2024,10 October,10 اكتوبر,Northern,الشمالية,Residential,المناطق السكنية,36147588.890861 m2
198,2024,10 October,10 اكتوبر,Northern,الشمالية,Investment,المناطق الاستثمارية,4196353.238724 m2
199,2024,10 October,10 اكتوبر,Northern,الشمالية,Commercial,المناطق التجارية,700139.750242 m2
200,2024,10 October,10 اكتوبر,Northern,الشمالية,Agriculture,المناطق الزراعية,15015551.615061 m2
201,2024,10 October,10 اكتوبر,Northern,الشمالية,Special Project,مناطق المشاريع ذات الطبيعة الخاصة,6892581.506663 m2
202,2024,10 October,10 اكتوبر,Northern,الشمالية,Public services and facilities,مناطق الخدمات والمرافق العامة,10636081.287398 m2
203,2024,10 October,10 اكتوبر,Northern,الشمالية,Green Belt,مناطق الحزام الأخضر,0.00 m2
204,2024,10 October,10 اكتوبر,Northern,الشمالية,Industrial,المناطق الصناعية,3066389.488679 m2
205,2024,10 October,10 اكتوبر,Northern,الشمالية,Ministry of Housing,مناطق مشاريع وزارة الإسكان,9752622.263458 m2
206,2024,10 October,10 اكتوبر,Northern,الشمالية,Protection Zone,المناطق المحمية,34683.973677 m2
207,2024,10 October,10 اكتوبر,Northern,الشمالية,Archaeology,المناطق الأثرية,1374179.289301 m2
208,2024,10 October,10 اكتوبر,Northern,الشمالية,Recreation / Garden,المناطق الترفيهية والحدائق,2365317.61349 m2
209,2024,10 October,10 اكتوبر,Northern,الشمالية,Unplanned,المناطق غير المخططة,6012915.612935 m2
210,2024,10 October,10 اكتوبر,Northern,الشمالية,Other,المناطق الأخرى,3495601.886079 m2
211,2024,10 October,10 اكتوبر,Southern,الجنوبية,Residential,المناطق السكنية,16808688.279947 m2
212,2024,10 October,10 اكتوبر,Southern,الجنوبية,Investment,المناطق الاستثمارية,1245226.322226 m2
213,2024,10 October,10 اكتوبر,Southern,الجنوبية,Commercial,المناطق التجارية,750441.576718 m2
214,2024,10 October,10 اكتوبر,Southern,الجنوبية,Agriculture,المناطق الزراعية,3934554.741459 m2
215,2024,10 October,10 اكتوبر,Southern,الجنوبية,Special Project,مناطق المشاريع ذات الطبيعة الخاصة,178220285.044281 m2
216,2024,10 October,10 اكتوبر,Southern,الجنوبية,Public services and facilities,مناطق الخدمات والمرافق العامة,40674476.799358 m2
217,2024,10 October,10 اكتوبر,Southern,الجنوبية,Green Belt,مناطق الحزام الأخضر,0.00 m2
218,2024,10 October,10 اكتوبر,Southern,الجنوبية,Industrial,المناطق الصناعية,16267303.271949 m2
219,2024,10 October,10 اكتوبر,Southern,الجنوبية,Ministry of Housing,مناطق مشاريع وزارة الإسكان,5495767.651035 m2
220,2024,10 October,10 اكتوبر,Southern,الجنوبية,Protection Zone,المناطق المحمية,152628804.359875 m2
221,2024,10 October,10 اكتوبر,Southern,الجنوبية,Archaeology,المناطق الأثرية,405980.158639 m2
222,2024,10 October,10 اكتوبر,Southern,الجنوبية,Recreation / Garden,المناطق الترفيهية والحدائق,10488946.267082 m2
223,2024,10 October,10 اكتوبر,Southern,الجنوبية,Unplanned,المناطق غير المخططة,7406.012289 m2
224,2024,10 October,10 اكتوبر,Southern,الجنوبية,Other,المناطق الأخرى,595246.212374 m2
225,2024,11 November,11 نوفمبر,Capital,العاصمة,Residential,المناطق السكنية,16480399.547606 m2
226,2024,11 November,11 نوفمبر,Capital,العاصمة,Investment,المناطق الاستثمارية,10092799.640926 m2
227,2024,11 November,11 نوفمبر,Capital,العاصمة,Commercial,المناطق التجارية,1631043.174893 m2
228,2024,11 November,11 نوفمبر,Capital,العاصمة,Agriculture,المناطق الزراعية,1426311.192142 m2
229,2024,11 November,11 نوفمبر,Capital,العاصمة,Special Project,مناطق المشاريع ذات الطبيعة الخاصة,8935694.429504 m2
230,2024,11 November,11 نوفمبر,Capital,العاصمة,Public services and facilities,مناطق الخدمات والمرافق العامة,8195519.204876 m2
231,2024,11 November,11 نوفمبر,Capital,العاصمة,Green Belt,مناطق الحزام الأخضر,591239.006988 m2
232,2024,11 November,11 نوفمبر,Capital,العاصمة,Industrial,المناطق الصناعية,4758412.797685 m2
233,2024,11 November,11 نوفمبر,Capital,العاصمة,Ministry of Housing,مناطق مشاريع وزارة الإسكان,2566530.746759 m2
234,2024,11 November,11 نوفمبر,Capital,العاصمة,Protection Zone,المناطق المحمية,13759159.647878 m2
235,2024,11 November,11 نوفمبر,Capital,العاصمة,Archaeology,المناطق الأثرية,211941.955834 m2
236,2024,11 November,11 نوفمبر,Capital,العاصمة,Recreation / Garden,المناطق الترفيهية والحدائق,1718207.437038 m2
237,2024,11 November,11 نوفمبر,Capital,العاصمة,Unplanned,المناطق غير المخططة,818454.609531 m2
238,2024,11 November,11 نوفمبر,Capital,العاصمة,Other,المناطق الأخرى,1961971.863229 m2
239,2024,11 November,11 نوفمبر,Muharraq,المحرق,Residential,المناطق السكنية,9390038.551468 m2
240,2024,11 November,11 نوفمبر,Muharraq,المحرق,Investment,المناطق الاستثمارية,4409088.445683 m2
241,2024,11 November,11 نوفمبر,Muharraq,المحرق,Commercial,المناطق التجارية,406303.447823 m2
242,2024,11 November,11 نوفمبر,Muharraq,المحرق,Agriculture,المناطق الزراعية,22076.782111 m2
243,2024,11 November,11 نوفمبر,Muharraq,المحرق,Special Project,مناطق المشاريع ذات الطبيعة الخاصة,21945329.811634 m2
244,2024,11 November,11 نوفمبر,Muharraq,المحرق,Public services and facilities,مناطق الخدمات والمرافق العامة,17261136.02147 m2
245,2024,11 November,11 نوفمبر,Muharraq,المحرق,Green Belt,مناطق الحزام الأخضر,0.00 m2
246,2024,11 November,11 نوفمبر,Muharraq,المحرق,Industrial,المناطق الصناعية,3989159.431291 m2
247,2024,11 November,11 نوفمبر,Muharraq,المحرق,Ministry of Housing,مناطق مشاريع وزارة الإسكان,2592707.375868 m2
248,2024,11 November,11 نوفمبر,Muharraq,المحرق,Protection Zone,المناطق المحمية,2444568.292702 m2
249,2024,11 November,11 نوفمبر,Muharraq,المحرق,Archaeology,المناطق الأثرية,19518.814552 m2
250,2024,11 November,11 نوفمبر,Muharraq,المحرق,Recreation / Garden,المناطق الترفيهية والحدائق,2562569.492551 m2
251,2024,11 November,11 نوفمبر,Muharraq,المحرق,Unplanned,المناطق غير المخططة,72769.485891 m2
252,2024,11 November,11 نوفمبر,Muharraq,المحرق,Other,المناطق الأخرى,469944.630429 m2
253,2024,11 November,11 نوفمبر,Northern,الشمالية,Residential,المناطق السكنية,36149720.375945 m2
254,2024,11 November,11 نوفمبر,Northern,الشمالية,Investment,المناطق الاستثمارية,4196462.064381 m2
255,2024,11 November,11 نوفمبر,Northern,الشمالية,Commercial,المناطق التجارية,700139.750242 m2
256,2024,11 November,11 نوفمبر,Northern,الشمالية,Agriculture,المناطق الزراعية,15117180.73046 m2
257,2024,11 November,11 نوفمبر,Northern,الشمالية,Special Project,مناطق المشاريع ذات الطبيعة الخاصة,6892581.506663 m2
258,2024,11 November,11 نوفمبر,Northern,الشمالية,Public services and facilities,مناطق الخدمات والمرافق العامة,10793305.597815 m2
259,2024,11 November,11 نوفمبر,Northern,الشمالية,Green Belt,مناطق الحزام الأخضر,0.00 m2
260,2024,11 November,11 نوفمبر,Northern,الشمالية,Industrial,المناطق الصناعية,2973553.887131 m2
261,2024,11 November,11 نوفمبر,Northern,الشمالية,Ministry of Housing,مناطق مشاريع وزارة الإسكان,9752622.263458 m2
262,2024,11 November,11 نوفمبر,Northern,الشمالية,Protection Zone,المناطق المحمية,34683.973677 m2
263,2024,11 November,11 نوفمبر,Northern,الشمالية,Archaeology,المناطق الأثرية,1374168.185925 m2
264,2024,11 November,11 نوفمبر,Northern,الشمالية,Recreation / Garden,المناطق الترفيهية والحدائق,2365317.61349 m2
265,2024,11 November,11 نوفمبر,Northern,الشمالية,Unplanned,المناطق غير المخططة,6012915.612935 m2
266,2024,11 November,11 نوفمبر,Northern,الشمالية,Other,المناطق الأخرى,3495601.886079 m2
267,2024,11 November,11 نوفمبر,Southern,الجنوبية,Residential,المناطق السكنية,17014588.72008 m2
268,2024,11 November,11 نوفمبر,Southern,الجنوبية,Investment,المناطق الاستثمارية,1245297.883163 m2
269,2024,11 November,11 نوفمبر,Southern,الجنوبية,Commercial,المناطق التجارية,750441.576718 m2
270,2024,11 November,11 نوفمبر,Southern,الجنوبية,Agriculture,المناطق الزراعية,3934554.741459 m2
271,2024,11 November,11 نوفمبر,Southern,الجنوبية,Special Project,مناطق المشاريع ذات الطبيعة الخاصة,178233081.874006 m2
272,2024,11 November,11 نوفمبر,Southern,الجنوبية,Public services and facilities,مناطق الخدمات والمرافق العامة,40672200.474962 m2
273,2024,11 November,11 نوفمبر,Southern,الجنوبية,Green Belt,مناطق الحزام الأخضر,0.00 m2
274,2024,11 November,11 نوفمبر,Southern,الجنوبية,Industrial,المناطق الصناعية,16255930.408267 m2
275,2024,11 November,11 نوفمبر,Southern,الجنوبية,Ministry of Housing,مناطق مشاريع وزارة الإسكان,5481654.429649 m2
276,2024,11 November,11 نوفمبر,Southern,الجنوبية,Protection Zone,المناطق المحمية,152628804.359875 m2
277,2024,11 November,11 نوفمبر,Southern,الجنوبية,Archaeology,المناطق الأثرية,405980.158639 m2
278,2024,11 November,11 نوفمبر,Southern,الجنوبية,Recreation / Garden,المناطق الترفيهية والحدائق,10487977.118724 m2
279,2024,11 November,11 نوفمبر,Southern,الجنوبية,Unplanned,المناطق غير المخططة,7406.012289 m2
280,2024,11 November,11 نوفمبر,Southern,الجنوبية,Other,المناطق الأخرى,595246.212374 m2
281,2024,12 December,ديسمبر 12,Capital,العاصمة,Residential,المناطق السكنية,16500927.096738 m2
282,2024,12 December,ديسمبر 12,Capital,العاصمة,Investment,المناطق الاستثمارية,10091124.957069 m2
283,2024,12 December,ديسمبر 12,Capital,العاصمة,Commercial,المناطق التجارية,1631865.479467 m2
284,2024,12 December,ديسمبر 12,Capital,العاصمة,Agriculture,المناطق الزراعية,1426311.192142 m2
285,2024,12 December,ديسمبر 12,Capital,العاصمة,Special Project,مناطق المشاريع ذات الطبيعة الخاصة,8935694.429504 m2
286,2024,12 December,ديسمبر 12,Capital,العاصمة,Public services and facilities,مناطق الخدمات والمرافق العامة,8201017.439087 m2
287,2024,12 December,ديسمبر 12,Capital,العاصمة,Green Belt,مناطق الحزام الأخضر,591239.006988 m2
288,2024,12 December,ديسمبر 12,Capital,العاصمة,Industrial,المناطق الصناعية,4752715.896549 m2
289,2024,12 December,ديسمبر 12,Capital,العاصمة,Ministry of Housing,مناطق مشاريع وزارة الإسكان,2566530.746759 m2
290,2024,12 December,ديسمبر 12,Capital,العاصمة,Protection Zone,المناطق المحمية,13759159.647878 m2
291,2024,12 December,ديسمبر 12,Capital,العاصمة,Archaeology,المناطق الأثرية,211941.955834 m2
292,2024,12 December,ديسمبر 12,Capital,العاصمة,Recreation / Garden,المناطق الترفيهية والحدائق,1718202.93259 m2
293,2024,12 December,ديسمبر 12,Capital,العاصمة,Unplanned,المناطق غير المخططة,818454.609531 m2
294,2024,12 December,ديسمبر 12,Capital,العاصمة,Other,المناطق الأخرى,1961971.763517 m2
295,2024,12 December,ديسمبر 12,Muharraq,المحرق,Residential,المناطق السكنية,9388186.281889 m2
296,2024,12 December,ديسمبر 12,Muharraq,المحرق,Investment,المناطق الاستثمارية,4409088.445683 m2
297,2024,12 December,ديسمبر 12,Muharraq,المحرق,Commercial,المناطق التجارية,406303.447823 m2
298,2024,12 December,ديسمبر 12,Muharraq,المحرق,Agriculture,المناطق الزراعية,22076.782111 m2
299,2024,12 December,ديسمبر 12,Muharraq,المحرق,Special Project,مناطق المشاريع ذات الطبيعة الخاصة,21921092.185463 m2
300,2024,12 December,ديسمبر 12,Muharraq,المحرق,Public services and facilities,مناطق الخدمات والمرافق العامة,17237297.625891 m2
301,2024,12 December,ديسمبر 12,Muharraq,المحرق,Green Belt,مناطق الحزام الأخضر,0.00 m2
302,2024,12 December,ديسمبر 12,Muharraq,المحرق,Industrial,المناطق الصناعية,3989159.431291 m2
303,2024,12 December,ديسمبر 12,Muharraq,المحرق,Ministry of Housing,مناطق مشاريع وزارة الإسكان,2592039.907712 m2
304,2024,12 December,ديسمبر 12,Muharraq,المحرق,Protection Zone,المناطق المحمية,2444568.292702 m2
305,2024,12 December,ديسمبر 12,Muharraq,المحرق,Archaeology,المناطق الأثرية,19518.814552 m2
306,2024,12 December,ديسمبر 12,Muharraq,المحرق,Recreation / Garden,المناطق الترفيهية والحدائق,2596280.741965 m2
307,2024,12 December,ديسمبر 12,Muharraq,المحرق,Unplanned,المناطق غير المخططة,72769.485891 m2
308,2024,12 December,ديسمبر 12,Muharraq,المحرق,Other,المناطق الأخرى,469944.630429 m2
309,2024,12 December,ديسمبر 12,Northern,الشمالية,Residential,المناطق السكنية,36130358.81054 m2
310,2024,12 December,ديسمبر 12,Northern,الشمالية,Investment,المناطق الاستثمارية,4192387.437363 m2
311,2024,12 December,ديسمبر 12,Northern,الشمالية,Commercial,المناطق التجارية,702490.007305 m2
312,2024,12 December,ديسمبر 12,Northern,الشمالية,Agriculture,المناطق الزراعية,15015551.615061 m2
313,2024,12 December,ديسمبر 12,Northern,الشمالية,Special Project,مناطق المشاريع ذات الطبيعة الخاصة,6888829.745478 m2
314,2024,12 December,ديسمبر 12,Northern,الشمالية,Public services and facilities,مناطق الخدمات والمرافق العامة,10817214.013339 m2
315,2024,12 December,ديسمبر 12,Northern,الشمالية,Green Belt,مناطق الحزام الأخضر,0.00 m2
316,2024,12 December,ديسمبر 12,Northern,الشمالية,Industrial,المناطق الصناعية,3075760.250864 m2
317,2024,12 December,ديسمبر 12,Northern,الشمالية,Ministry of Housing,مناطق مشاريع وزارة الإسكان,9752622.263458 m2
318,2024,12 December,ديسمبر 12,Northern,الشمالية,Protection Zone,المناطق المحمية,34683.973677 m2
319,2024,12 December,ديسمبر 12,Northern,الشمالية,Archaeology,المناطق الأثرية,1374168.185925 m2
320,2024,12 December,ديسمبر 12,Northern,الشمالية,Recreation / Garden,المناطق الترفيهية والحدائق,2365317.598055 m2
321,2024,12 December,ديسمبر 12,Northern,الشمالية,Unplanned,المناطق غير المخططة,6012915.612935 m2
322,2024,12 December,ديسمبر 12,Northern,الشمالية,Other,المناطق الأخرى,3495601.84416 m2
323,2024,12 December,ديسمبر 12,Southern,الجنوبية,Residential,المناطق السكنية,16813696.073642 m2
324,2024,12 December,ديسمبر 12,Southern,الجنوبية,Investment,المناطق الاستثمارية,1245297.883163 m2
325,2024,12 December,ديسمبر 12,Southern,الجنوبية,Commercial,المناطق التجارية,750441.576718 m2
326,2024,12 December,ديسمبر 12,Southern,الجنوبية,Agriculture,المناطق الزراعية,3934554.741459 m2
327,2024,12 December,ديسمبر 12,Southern,الجنوبية,Special Project,مناطق المشاريع ذات الطبيعة الخاصة,178221709.010324 m2
328,2024,12 December,ديسمبر 12,Southern,الجنوبية,Public services and facilities,مناطق الخدمات والمرافق العامة,40716054.175671 m2
329,2024,12 December,ديسمبر 12,Southern,الجنوبية,Green Belt,مناطق الحزام الأخضر,0.00 m2
330,2024,12 December,ديسمبر 12,Southern,الجنوبية,Industrial,المناطق الصناعية,16256753.920091 m2
331,2024,12 December,ديسمبر 12,Southern,الجنوبية,Ministry of Housing,مناطق مشاريع وزارة الإسكان,5497603.055264 m2
332,2024,12 December,ديسمبر 12,Southern,الجنوبية,Protection Zone,المناطق المحمية,152628804.359875 m2
333,2024,12 December,ديسمبر 12,Southern,الجنوبية,Archaeology,المناطق الأثرية,405980.158639 m2
334,2024,12 December,ديسمبر 12,Southern,الجنوبية,Recreation / Garden,المناطق الترفيهية والحدائق,10488945.144005 m2
335,2024,12 December,ديسمبر 12,Southern,الجنوبية,Unplanned,المناطق غير المخططة,7406.012289 m2
336,2024,12 December,ديسمبر 12,Southern,الجنوبية,Other,المناطق الأخرى,595246.212374 m2
337,2025,01 January,01 يناير,Capital,العاصمة,Residential,المناطق السكنية,16503215.716148 m2
338,2025,01 January,01 يناير,Capital,العاصمة,Investment,المناطق الاستثمارية,10091166.723264 m2
339,2025,01 January,01 يناير,Capital,العاصمة,Commercial,المناطق التجارية,1631865.479467 m2
340,2025,01 January,01 يناير,Capital,العاصمة,Agriculture,المناطق الزراعية,1426311.192142 m2
341,2025,01 January,01 يناير,Capital,العاصمة,Special Project,مناطق المشاريع ذات الطبيعة الخاصة,8935675.594514 m2
342,2025,01 January,01 يناير,Capital,العاصمة,Public services and facilities,مناطق الخدمات والمرافق العامة,8210567.545069 m2
343,2025,01 January,01 يناير,Capital,العاصمة,Green Belt,مناطق الحزام الأخضر,591239.006988 m2
344,2025,01 January,01 يناير,Capital,العاصمة,Industrial,المناطق الصناعية,4752622.78135 m2
345,2025,01 January,01 يناير,Capital,العاصمة,Ministry of Housing,مناطق مشاريع وزارة الإسكان,2566200.332009 m2
346,2025,01 January,01 يناير,Capital,العاصمة,Protection Zone,المناطق المحمية,13759159.647878 m2
347,2025,01 January,01 يناير,Capital,العاصمة,Archaeology,المناطق الأثرية,211941.955834 m2
348,2025,01 January,01 يناير,Capital,العاصمة,Recreation / Garden,المناطق الترفيهية والحدائق,1718202.93259 m2
349,2025,01 January,01 يناير,Capital,العاصمة,Unplanned,المناطق غير المخططة,818433.377996 m2
350,2025,01 January,01 يناير,Capital,العاصمة,Other,المناطق الأخرى,1961021.831263 m2
351,2025,01 January,01 يناير,Muharraq,المحرق,Residential,المناطق السكنية,9388183.75989 m2
352,2025,01 January,01 يناير,Muharraq,المحرق,Investment,المناطق الاستثمارية,4413433.471543 m2
353,2025,01 January,01 يناير,Muharraq,المحرق,Commercial,المناطق التجارية,421228.609432 m2
354,2025,01 January,01 يناير,Muharraq,المحرق,Agriculture,المناطق الزراعية,22076.782111 m2
355,2025,01 January,01 يناير,Muharraq,المحرق,Special Project,مناطق المشاريع ذات الطبيعة الخاصة,21921092.185463 m2
356,2025,01 January,01 يناير,Muharraq,المحرق,Public services and facilities,مناطق الخدمات والمرافق العامة,18064083.476158 m2
357,2025,01 January,01 يناير,Muharraq,المحرق,Green Belt,مناطق الحزام الأخضر,0.00 m2
358,2025,01 January,01 يناير,Muharraq,المحرق,Industrial,المناطق الصناعية,4148977.96759 m2
359,2025,01 January,01 يناير,Muharraq,المحرق,Ministry of Housing,مناطق مشاريع وزارة الإسكان,2592039.907712 m2
360,2025,01 January,01 يناير,Muharraq,المحرق,Protection Zone,المناطق المحمية,2444568.292702 m2
361,2025,01 January,01 يناير,Muharraq,المحرق,Archaeology,المناطق الأثرية,19518.814552 m2
362,2025,01 January,01 يناير,Muharraq,المحرق,Recreation / Garden,المناطق الترفيهية والحدائق,2612012.628816 m2
363,2025,01 January,01 يناير,Muharraq,المحرق,Unplanned,المناطق غير المخططة,72769.485891 m2
364,2025,01 January,01 يناير,Muharraq,المحرق,Other,المناطق الأخرى,469944.630429 m2
365,2025,01 January,01 يناير,Northern,الشمالية,Residential,المناطق السكنية,36131329.374421 m2
366,2025,01 January,01 يناير,Northern,الشمالية,Investment,المناطق الاستثمارية,4190054.42186 m2
367,2025,01 January,01 يناير,Northern,الشمالية,Commercial,المناطق التجارية,702490.007305 m2
368,2025,01 January,01 يناير,Northern,الشمالية,Agriculture,المناطق الزراعية,15009192.070639 m2
369,2025,01 January,01 يناير,Northern,الشمالية,Special Project,مناطق المشاريع ذات الطبيعة الخاصة,6887450.728438 m2
370,2025,01 January,01 يناير,Northern,الشمالية,Public services and facilities,مناطق الخدمات والمرافق العامة,10817214.013339 m2
371,2025,01 January,01 يناير,Northern,الشمالية,Green Belt,مناطق الحزام الأخضر,0.00 m2
372,2025,01 January,01 يناير,Northern,الشمالية,Industrial,المناطق الصناعية,2830244.551479 m2
373,2025,01 January,01 يناير,Northern,الشمالية,Ministry of Housing,مناطق مشاريع وزارة الإسكان,9752622.263458 m2
374,2025,01 January,01 يناير,Northern,الشمالية,Protection Zone,المناطق المحمية,34683.973677 m2
375,2025,01 January,01 يناير,Northern,الشمالية,Archaeology,المناطق الأثرية,1374168.185925 m2
376,2025,01 January,01 يناير,Northern,الشمالية,Recreation / Garden,المناطق الترفيهية والحدائق,2365317.598055 m2
377,2025,01 January,01 يناير,Northern,الشمالية,Unplanned,المناطق غير المخططة,6012909.570769 m2
378,2025,01 January,01 يناير,Northern,الشمالية,Other,المناطق الأخرى,3495595.781988 m2
379,2025,01 January,01 يناير,Southern,الجنوبية,Residential,المناطق السكنية,16817392.111523 m2
380,2025,01 January,01 يناير,Southern,الجنوبية,Investment,المناطق الاستثمارية,1245297.883163 m2
381,2025,01 January,01 يناير,Southern,الجنوبية,Commercial,المناطق التجارية,750441.576718 m2
382,2025,01 January,01 يناير,Southern,الجنوبية,Agriculture,المناطق الزراعية,3934554.741459 m2
383,2025,01 January,01 يناير,Southern,الجنوبية,Special Project,مناطق المشاريع ذات الطبيعة الخاصة,178221709.010324 m2
384,2025,01 January,01 يناير,Southern,الجنوبية,Public services and facilities,مناطق الخدمات والمرافق العامة,40709369.956825 m2
385,2025,01 January,01 يناير,Southern,الجنوبية,Green Belt,مناطق الحزام الأخضر,0.00 m2
386,2025,01 January,01 يناير,Southern,الجنوبية,Industrial,المناطق الصناعية,16256753.920091 m2
387,2025,01 January,01 يناير,Southern,الجنوبية,Ministry of Housing,مناطق مشاريع وزارة الإسكان,5497603.055264 m2
388,2025,01 January,01 يناير,Southern,الجنوبية,Protection Zone,المناطق المحمية,152628804.359875 m2
389,2025,01 January,01 يناير,Southern,الجنوبية,Archaeology,المناطق الأثرية,405980.158639 m2
390,2025,01 January,01 يناير,Southern,الجنوبية,Recreation / Garden,المناطق الترفيهية والحدائق,10488945.144005 m2
391,2025,01 January,01 يناير,Southern,الجنوبية,Unplanned,المناطق غير المخططة,7406.012289 m2
392,2025,01 January,01 يناير,Southern,الجنوبية,Other,المناطق الأخرى,595246.212374 m2
393,2025,02 February,فبراير 02,Capital,العاصمة,Residential,المناطق السكنية,16541444.272434 m2
394,2025,02 February,فبراير 02,Capital,العاصمة,Investment,المناطق الاستثمارية,10088077.321187 m2
395,2025,02 February,فبراير 02,Capital,العاصمة,Commercial,المناطق التجارية,1615659.2722 m2
396,2025,02 February,فبراير 02,Capital,العاصمة,Agriculture,المناطق الزراعية,1456021.357243 m2
397,2025,02 February,فبراير 02,Capital,العاصمة,Special Project,مناطق المشاريع ذات الطبيعة الخاصة,8422036.078675 m2
398,2025,02 February,فبراير 02,Capital,العاصمة,Public services and facilities,مناطق الخدمات والمرافق العامة,8364666.47039 m2
399,2025,02 February,فبراير 02,Capital,العاصمة,Green Belt,مناطق الحزام الأخضر,591237.13758 m2
400,2025,02 February,فبراير 02,Capital,العاصمة,Industrial,المناطق الصناعية,4752453.55587 m2
401,2025,02 February,فبراير 02,Capital,العاصمة,Ministry of Housing,مناطق مشاريع وزارة الإسكان,2569191.655278 m2
402,2025,02 February,فبراير 02,Capital,العاصمة,Protection Zone,المناطق المحمية,13760891.518304 m2
403,2025,02 February,فبراير 02,Capital,العاصمة,Archaeology,المناطق الأثرية,443124.938014 m2
404,2025,02 February,فبراير 02,Capital,العاصمة,Recreation / Garden,المناطق الترفيهية والحدائق,1718715.078034 m2
405,2025,02 February,فبراير 02,Capital,العاصمة,Unplanned,المناطق غير المخططة,818433.377996 m2
406,2025,02 February,فبراير 02,Capital,العاصمة,Other,المناطق الأخرى,1960985.377781 m2
407,2025,02 February,فبراير 02,Muharraq,المحرق,Residential,المناطق السكنية,9388154.984215 m2
408,2025,02 February,فبراير 02,Muharraq,المحرق,Investment,المناطق الاستثمارية,4413433.471543 m2
409,2025,02 February,فبراير 02,Muharraq,المحرق,Commercial,المناطق التجارية,421743.758877 m2
410,2025,02 February,فبراير 02,Muharraq,المحرق,Agriculture,المناطق الزراعية,22076.782111 m2
411,2025,02 February,فبراير 02,Muharraq,المحرق,Special Project,مناطق المشاريع ذات الطبيعة الخاصة,21914486.111053 m2
412,2025,02 February,فبراير 02,Muharraq,المحرق,Public services and facilities,مناطق الخدمات والمرافق العامة,18058863.212147 m2
413,2025,02 February,فبراير 02,Muharraq,المحرق,Green Belt,مناطق الحزام الأخضر,0.00 m2
414,2025,02 February,فبراير 02,Muharraq,المحرق,Industrial,المناطق الصناعية,4148977.96759 m2
415,2025,02 February,فبراير 02,Muharraq,المحرق,Ministry of Housing,مناطق مشاريع وزارة الإسكان,2592039.907712 m2
416,2025,02 February,فبراير 02,Muharraq,المحرق,Protection Zone,المناطق المحمية,2444568.292702 m2
417,2025,02 February,فبراير 02,Muharraq,المحرق,Archaeology,المناطق الأثرية,34764.850665 m2
418,2025,02 February,فبراير 02,Muharraq,المحرق,Recreation / Garden,المناطق الترفيهية والحدائق,2612012.628816 m2
419,2025,02 February,فبراير 02,Muharraq,المحرق,Unplanned,المناطق غير المخططة,72769.485891 m2
420,2025,02 February,فبراير 02,Muharraq,المحرق,Other,المناطق الأخرى,469944.630429 m2
421,2025,02 February,فبراير 02,Northern,الشمالية,Residential,المناطق السكنية,36157232.979482 m2
422,2025,02 February,فبراير 02,Northern,الشمالية,Investment,المناطق الاستثمارية,4189331.73266 m2
423,2025,02 February,فبراير 02,Northern,الشمالية,Commercial,المناطق التجارية,702490.007305 m2
424,2025,02 February,فبراير 02,Northern,الشمالية,Agriculture,المناطق الزراعية,15020383.793005 m2
425,2025,02 February,فبراير 02,Northern,الشمالية,Special Project,مناطق المشاريع ذات الطبيعة الخاصة,6932379.782099 m2
426,2025,02 February,فبراير 02,Northern,الشمالية,Public services and facilities,مناطق الخدمات والمرافق العامة,10821076.174646 m2
427,2025,02 February,فبراير 02,Northern,الشمالية,Green Belt,مناطق الحزام الأخضر,0.00 m2
428,2025,02 February,فبراير 02,Northern,الشمالية,Industrial,المناطق الصناعية,3082800.131831 m2
429,2025,02 February,فبراير 02,Northern,الشمالية,Ministry of Housing,مناطق مشاريع وزارة الإسكان,9752622.263458 m2
430,2025,02 February,فبراير 02,Northern,الشمالية,Protection Zone,المناطق المحمية,34683.973677 m2
431,2025,02 February,فبراير 02,Northern,الشمالية,Archaeology,المناطق الأثرية,1696250.166752 m2
432,2025,02 February,فبراير 02,Northern,الشمالية,Recreation / Garden,المناطق الترفيهية والحدائق,2365317.598055 m2
433,2025,02 February,فبراير 02,Northern,الشمالية,Unplanned,المناطق غير المخططة,5635214.343161 m2
434,2025,02 February,فبراير 02,Northern,الشمالية,Other,المناطق الأخرى,3495594.771037 m2
435,2025,02 February,فبراير 02,Southern,الجنوبية,Residential,المناطق السكنية,16817392.18615 m2
436,2025,02 February,فبراير 02,Southern,الجنوبية,Investment,المناطق الاستثمارية,1245297.883163 m2
437,2025,02 February,فبراير 02,Southern,الجنوبية,Commercial,المناطق التجارية,750441.576718 m2
438,2025,02 February,فبراير 02,Southern,الجنوبية,Agriculture,المناطق الزراعية,3934554.741459 m2
439,2025,02 February,فبراير 02,Southern,الجنوبية,Special Project,مناطق المشاريع ذات الطبيعة الخاصة,178221709.010324 m2
440,2025,02 February,فبراير 02,Southern,الجنوبية,Public services and facilities,مناطق الخدمات والمرافق العامة,40709734.520058 m2
441,2025,02 February,فبراير 02,Southern,الجنوبية,Green Belt,مناطق الحزام الأخضر,0.00 m2
442,2025,02 February,فبراير 02,Southern,الجنوبية,Industrial,المناطق الصناعية,16256753.920091 m2
443,2025,02 February,فبراير 02,Southern,الجنوبية,Ministry of Housing,مناطق مشاريع وزارة الإسكان,5497603.055264 m2
444,2025,02 February,فبراير 02,Southern,الجنوبية,Protection Zone,المناطق المحمية,152658613.648984 m2
445,2025,02 February,فبراير 02,Southern,الجنوبية,Archaeology,المناطق الأثرية,405980.158639 m2
446,2025,02 February,فبراير 02,Southern,الجنوبية,Recreation / Garden,المناطق الترفيهية والحدائق,10488945.144005 m2
447,2025,02 February,فبراير 02,Southern,الجنوبية,Unplanned,المناطق غير المخططة,7406.012289 m2
448,2025,02 February,فبراير 02,Southern,الجنوبية,Other,المناطق الأخرى,595246.212374 m2
449,2025,03 March,مارس 03,Capital,العاصمة,Residential,المناطق السكنية,16555254.209236 m2
450,2025,03 March,مارس 03,Capital,العاصمة,Investment,المناطق الاستثمارية,10096282.350675 m2
451,2025,03 March,مارس 03,Capital,العاصمة,Commercial,المناطق التجارية,1617890.952008 m2
452,2025,03 March,مارس 03,Capital,العاصمة,Agriculture,المناطق الزراعية,1456021.357243 m2
453,2025,03 March,مارس 03,Capital,العاصمة,Special Project,مناطق المشاريع ذات الطبيعة الخاصة,8993446.072962 m2
454,2025,03 March,مارس 03,Capital,العاصمة,Public services and facilities,مناطق الخدمات والمرافق العامة,8364666.47039 m2
455,2025,03 March,مارس 03,Capital,العاصمة,Green Belt,مناطق الحزام الأخضر,591237.13758 m2
456,2025,03 March,مارس 03,Capital,العاصمة,Industrial,المناطق الصناعية,4752453.55587 m2
457,2025,03 March,مارس 03,Capital,العاصمة,Ministry of Housing,مناطق مشاريع وزارة الإسكان,2568980.431058 m2
458,2025,03 March,مارس 03,Capital,العاصمة,Protection Zone,المناطق المحمية,13761096.702856 m2
459,2025,03 March,مارس 03,Capital,العاصمة,Archaeology,المناطق الأثرية,443124.938014 m2
460,2025,03 March,مارس 03,Capital,العاصمة,Recreation / Garden,المناطق الترفيهية والحدائق,1718202.739944 m2
461,2025,03 March,مارس 03,Capital,العاصمة,Unplanned,المناطق غير المخططة,818433.377996 m2
462,2025,03 March,مارس 03,Capital,العاصمة,Other,المناطق الأخرى,1960982.766245 m2
463,2025,03 March,مارس 03,Muharraq,المحرق,Residential,المناطق السكنية,9387742.272447 m2
464,2025,03 March,مارس 03,Muharraq,المحرق,Investment,المناطق الاستثمارية,4413433.471543 m2
465,2025,03 March,مارس 03,Muharraq,المحرق,Commercial,المناطق التجارية,421743.758877 m2
466,2025,03 March,مارس 03,Muharraq,المحرق,Agriculture,المناطق الزراعية,22076.782111 m2
467,2025,03 March,مارس 03,Muharraq,المحرق,Special Project,مناطق المشاريع ذات الطبيعة الخاصة,21914486.111053 m2
468,2025,03 March,مارس 03,Muharraq,المحرق,Public services and facilities,مناطق الخدمات والمرافق العامة,18056447.138244 m2
469,2025,03 March,مارس 03,Muharraq,المحرق,Green Belt,مناطق الحزام الأخضر,0.00 m2
470,2025,03 March,مارس 03,Muharraq,المحرق,Industrial,المناطق الصناعية,4148977.96759 m2
471,2025,03 March,مارس 03,Muharraq,المحرق,Ministry of Housing,مناطق مشاريع وزارة الإسكان,2591448.623512 m2
472,2025,03 March,مارس 03,Muharraq,المحرق,Protection Zone,المناطق المحمية,2444568.292702 m2
473,2025,03 March,مارس 03,Muharraq,المحرق,Archaeology,المناطق الأثرية,64390.816838 m2
474,2025,03 March,مارس 03,Muharraq,المحرق,Recreation / Garden,المناطق الترفيهية والحدائق,2612012.628816 m2
475,2025,03 March,مارس 03,Muharraq,المحرق,Unplanned,المناطق غير المخططة,72769.485891 m2
476,2025,03 March,مارس 03,Muharraq,المحرق,Other,المناطق الأخرى,469397.668397 m2
477,2025,03 March,مارس 03,Northern,الشمالية,Residential,المناطق السكنية,36214540.541829 m2
478,2025,03 March,مارس 03,Northern,الشمالية,Investment,المناطق الاستثمارية,4189044.066317 m2
479,2025,03 March,مارس 03,Northern,الشمالية,Commercial,المناطق التجارية,711033.043777 m2
480,2025,03 March,مارس 03,Northern,الشمالية,Agriculture,المناطق الزراعية,15031254.62988 m2
481,2025,03 March,مارس 03,Northern,الشمالية,Special Project,مناطق المشاريع ذات الطبيعة الخاصة,6932379.782099 m2
482,2025,03 March,مارس 03,Northern,الشمالية,Public services and facilities,مناطق الخدمات والمرافق العامة,10821236.716089 m2
483,2025,03 March,مارس 03,Northern,الشمالية,Green Belt,مناطق الحزام الأخضر,0.00 m2
484,2025,03 March,مارس 03,Northern,الشمالية,Industrial,المناطق الصناعية,3082800.131831 m2
485,2025,03 March,مارس 03,Northern,الشمالية,Ministry of Housing,مناطق مشاريع وزارة الإسكان,9752622.263458 m2
486,2025,03 March,مارس 03,Northern,الشمالية,Protection Zone,المناطق المحمية,34683.973677 m2
487,2025,03 March,مارس 03,Northern,الشمالية,Archaeology,المناطق الأثرية,1696250.07831 m2
488,2025,03 March,مارس 03,Northern,الشمالية,Recreation / Garden,المناطق الترفيهية والحدائق,2261216.135273 m2
489,2025,03 March,مارس 03,Northern,الشمالية,Unplanned,المناطق غير المخططة,5549170.070949 m2
490,2025,03 March,مارس 03,Northern,الشمالية,Other,المناطق الأخرى,3510882.103661 m2
491,2025,03 March,مارس 03,Southern,الجنوبية,Residential,المناطق السكنية,16817392.18615 m2
492,2025,03 March,مارس 03,Southern,الجنوبية,Investment,المناطق الاستثمارية,1235178.635821 m2
493,2025,03 March,مارس 03,Southern,الجنوبية,Commercial,المناطق التجارية,759544.64741 m2
494,2025,03 March,مارس 03,Southern,الجنوبية,Agriculture,المناطق الزراعية,3934554.741459 m2
495,2025,03 March,مارس 03,Southern,الجنوبية,Special Project,مناطق المشاريع ذات الطبيعة الخاصة,178210589.924469 m2
496,2025,03 March,مارس 03,Southern,الجنوبية,Public services and facilities,مناطق الخدمات والمرافق العامة,40705278.016468 m2
497,2025,03 March,مارس 03,Southern,الجنوبية,Green Belt,مناطق الحزام الأخضر,0.00 m2
498,2025,03 March,مارس 03,Southern,الجنوبية,Industrial,المناطق الصناعية,16256753.920091 m2
499,2025,03 March,مارس 03,Southern,الجنوبية,Ministry of Housing,مناطق مشاريع وزارة الإسكان,5497603.055264 m2
500,2025,03 March,مارس 03,Southern,الجنوبية,Protection Zone,المناطق المحمية,152627996.712793 m2
501,2025,03 March,مارس 03,Southern,الجنوبية,Archaeology,المناطق الأثرية,405980.158639 m2
502,2025,03 March,مارس 03,Southern,الجنوبية,Recreation / Garden,المناطق الترفيهية والحدائق,10486409.841743 m2
503,2025,03 March,مارس 03,Southern,الجنوبية,Unplanned,المناطق غير المخططة,7406.012289 m2
504,2025,03 March,مارس 03,Southern,الجنوبية,Other,المناطق الأخرى,595246.212374 m2
505,2025,05 May,05 مايو,Capital,العاصمة,Residential,المناطق السكنية,16553642.760092 m2
505,2025,06 June,06 يونيو,Capital,العاصمة,Residential,المناطق السكنية,16544954.844611 m2
505,2025,04 April,أبريل 04,Capital,العاصمة,Residential,المناطق السكنية,16554895.218652 m2
506,2025,06 June,06 يونيو,Capital,العاصمة,Investment,المناطق الاستثمارية,10087186.035012 m2
506,2025,04 April,أبريل 04,Capital,العاصمة,Investment,المناطق الاستثمارية,10088054.138278 m2
506,2025,05 May,05 مايو,Capital,العاصمة,Investment,المناطق الاستثمارية,10088054.138278 m2
507,2025,04 April,أبريل 04,Capital,العاصمة,Commercial,المناطق التجارية,1620641.907528 m2
507,2025,06 June,06 يونيو,Capital,العاصمة,Commercial,المناطق التجارية,1618126.647202 m2
507,2025,05 May,05 مايو,Capital,العاصمة,Commercial,المناطق التجارية,1621208.335542 m2
508,2025,05 May,05 مايو,Capital,العاصمة,Agriculture,المناطق الزراعية,1462882.991702 m2
508,2025,06 June,06 يونيو,Capital,العاصمة,Agriculture,المناطق الزراعية,1462882.991702 m2
508,2025,04 April,أبريل 04,Capital,العاصمة,Agriculture,المناطق الزراعية,1456021.357243 m2
509,2025,04 April,أبريل 04,Capital,العاصمة,Special Project,مناطق المشاريع ذات الطبيعة الخاصة,8993446.072962 m2
509,2025,05 May,05 مايو,Capital,العاصمة,Special Project,مناطق المشاريع ذات الطبيعة الخاصة,9020091.121634 m2
509,2025,06 June,06 يونيو,Capital,العاصمة,Special Project,مناطق المشاريع ذات الطبيعة الخاصة,9019528.236915 m2
510,2025,05 May,05 مايو,Capital,العاصمة,Public services and facilities,مناطق الخدمات والمرافق العامة,8382170.457833 m2
510,2025,04 April,أبريل 04,Capital,العاصمة,Public services and facilities,مناطق الخدمات والمرافق العامة,8379103.637426 m2
510,2025,06 June,06 يونيو,Capital,العاصمة,Public services and facilities,مناطق الخدمات والمرافق العامة,8452092.172638 m2
511,2025,05 May,05 مايو,Capital,العاصمة,Green Belt,مناطق الحزام الأخضر,591237.13758 m2
511,2025,06 June,06 يونيو,Capital,العاصمة,Green Belt,مناطق الحزام الأخضر,591237.13758 m2
511,2025,04 April,أبريل 04,Capital,العاصمة,Green Belt,مناطق الحزام الأخضر,591237.13758 m2
512,2025,05 May,05 مايو,Capital,العاصمة,Industrial,المناطق الصناعية,4752447.178012 m2
512,2025,06 June,06 يونيو,Capital,العاصمة,Industrial,المناطق الصناعية,4752447.178012 m2
512,2025,04 April,أبريل 04,Capital,العاصمة,Industrial,المناطق الصناعية,4752453.55587 m2
513,2025,04 April,أبريل 04,Capital,العاصمة,Ministry of Housing,مناطق مشاريع وزارة الإسكان,2568980.431058 m2
513,2025,06 June,06 يونيو,Capital,العاصمة,Ministry of Housing,مناطق مشاريع وزارة الإسكان,2619713.24119 m2
513,2025,05 May,05 مايو,Capital,العاصمة,Ministry of Housing,مناطق مشاريع وزارة الإسكان,2568414.003045 m2
514,2025,05 May,05 مايو,Capital,العاصمة,Protection Zone,المناطق المحمية,13761000.445157 m2
514,2025,04 April,أبريل 04,Capital,العاصمة,Protection Zone,المناطق المحمية,13761000.445157 m2
514,2025,06 June,06 يونيو,Capital,العاصمة,Protection Zone,المناطق المحمية,13761000.445157 m2
515,2025,06 June,06 يونيو,Capital,العاصمة,Archaeology,المناطق الأثرية,587265.875408 m2
515,2025,04 April,أبريل 04,Capital,العاصمة,Archaeology,المناطق الأثرية,443124.938014 m2
515,2025,05 May,05 مايو,Capital,العاصمة,Archaeology,المناطق الأثرية,587265.875408 m2
516,2025,06 June,06 يونيو,Capital,العاصمة,Recreation / Garden,المناطق الترفيهية والحدائق,1742002.851715 m2
516,2025,04 April,أبريل 04,Capital,العاصمة,Recreation / Garden,المناطق الترفيهية والحدائق,1733983.072618 m2
516,2025,05 May,05 مايو,Capital,العاصمة,Recreation / Garden,المناطق الترفيهية والحدائق,1733983.072618 m2
517,2025,05 May,05 مايو,Capital,العاصمة,Unplanned,المناطق غير المخططة,818433.377996 m2
517,2025,04 April,أبريل 04,Capital,العاصمة,Unplanned,المناطق غير المخططة,818433.377996 m2
517,2025,06 June,06 يونيو,Capital,العاصمة,Unplanned,المناطق غير المخططة,741701.208676 m2
518,2025,05 May,05 مايو,Capital,العاصمة,Other,المناطق الأخرى,1960982.766245 m2
518,2025,06 June,06 يونيو,Capital,العاصمة,Other,المناطق الأخرى,1960982.766245 m2
518,2025,04 April,أبريل 04,Capital,العاصمة,Other,المناطق الأخرى,1960982.766245 m2
519,2025,05 May,05 مايو,Muharraq,المحرق,Residential,المناطق السكنية,9704934.707384 m2
519,2025,04 April,أبريل 04,Muharraq,المحرق,Residential,المناطق السكنية,9387666.862546 m2
519,2025,06 June,06 يونيو,Muharraq,المحرق,Residential,المناطق السكنية,9704934.707384 m2
520,2025,04 April,أبريل 04,Muharraq,المحرق,Investment,المناطق الاستثمارية,4413433.444314 m2
520,2025,05 May,05 مايو,Muharraq,المحرق,Investment,المناطق الاستثمارية,4346966.510269 m2
520,2025,06 June,06 يونيو,Muharraq,المحرق,Investment,المناطق الاستثمارية,4346966.510269 m2
521,2025,04 April,أبريل 04,Muharraq,المحرق,Commercial,المناطق التجارية,421743.758877 m2
521,2025,06 June,06 يونيو,Muharraq,المحرق,Commercial,المناطق التجارية,394302.507996 m2
521,2025,05 May,05 مايو,Muharraq,المحرق,Commercial,المناطق التجارية,394302.507996 m2
522,2025,04 April,أبريل 04,Muharraq,المحرق,Agriculture,المناطق الزراعية,22076.782111 m2
522,2025,05 May,05 مايو,Muharraq,المحرق,Agriculture,المناطق الزراعية,22076.782111 m2
522,2025,06 June,06 يونيو,Muharraq,المحرق,Agriculture,المناطق الزراعية,22076.782111 m2
523,2025,05 May,05 مايو,Muharraq,المحرق,Special Project,مناطق المشاريع ذات الطبيعة الخاصة,21914486.104392 m2
523,2025,04 April,أبريل 04,Muharraq,المحرق,Special Project,مناطق المشاريع ذات الطبيعة الخاصة,21914486.111053 m2
523,2025,06 June,06 يونيو,Muharraq,المحرق,Special Project,مناطق المشاريع ذات الطبيعة الخاصة,21914486.104392 m2
524,2025,04 April,أبريل 04,Muharraq,المحرق,Public services and facilities,مناطق الخدمات والمرافق العامة,18049320.51166 m2
524,2025,06 June,06 يونيو,Muharraq,المحرق,Public services and facilities,مناطق الخدمات والمرافق العامة,19687041.912891 m2
524,2025,05 May,05 مايو,Muharraq,المحرق,Public services and facilities,مناطق الخدمات والمرافق العامة,19687041.912891 m2
525,2025,04 April,أبريل 04,Muharraq,المحرق,Green Belt,مناطق الحزام الأخضر,0.00 m2
525,2025,05 May,05 مايو,Muharraq,المحرق,Green Belt,مناطق الحزام الأخضر,0.00 m2
525,2025,06 June,06 يونيو,Muharraq,المحرق,Green Belt,مناطق الحزام الأخضر,0.00 m2
526,2025,06 June,06 يونيو,Muharraq,المحرق,Industrial,المناطق الصناعية,4148977.96759 m2
526,2025,04 April,أبريل 04,Muharraq,المحرق,Industrial,المناطق الصناعية,4148977.96759 m2
526,2025,05 May,05 مايو,Muharraq,المحرق,Industrial,المناطق الصناعية,4148977.96759 m2
527,2025,04 April,أبريل 04,Muharraq,المحرق,Ministry of Housing,مناطق مشاريع وزارة الإسكان,2591441.012567 m2
527,2025,06 June,06 يونيو,Muharraq,المحرق,Ministry of Housing,مناطق مشاريع وزارة الإسكان,2591441.012567 m2
527,2025,05 May,05 مايو,Muharraq,المحرق,Ministry of Housing,مناطق مشاريع وزارة الإسكان,2591441.012567 m2
528,2025,04 April,أبريل 04,Muharraq,المحرق,Protection Zone,المناطق المحمية,2444568.292702 m2
528,2025,06 June,06 يونيو,Muharraq,المحرق,Protection Zone,المناطق المحمية,2415190.543735 m2
528,2025,05 May,05 مايو,Muharraq,المحرق,Protection Zone,المناطق المحمية,2415190.543735 m2
529,2025,04 April,أبريل 04,Muharraq,المحرق,Archaeology,المناطق الأثرية,64390.816838 m2
529,2025,05 May,05 مايو,Muharraq,المحرق,Archaeology,المناطق الأثرية,64390.816838 m2
529,2025,06 June,06 يونيو,Muharraq,المحرق,Archaeology,المناطق الأثرية,64390.816838 m2
530,2025,04 April,أبريل 04,Muharraq,المحرق,Recreation / Garden,المناطق الترفيهية والحدائق,2612012.628816 m2
530,2025,05 May,05 مايو,Muharraq,المحرق,Recreation / Garden,المناطق الترفيهية والحدائق,2518726.776504 m2
530,2025,06 June,06 يونيو,Muharraq,المحرق,Recreation / Garden,المناطق الترفيهية والحدائق,2518726.776504 m2
531,2025,04 April,أبريل 04,Muharraq,المحرق,Unplanned,المناطق غير المخططة,72769.485891 m2
531,2025,05 May,05 مايو,Muharraq,المحرق,Unplanned,المناطق غير المخططة,72769.485891 m2
531,2025,06 June,06 يونيو,Muharraq,المحرق,Unplanned,المناطق غير المخططة,72769.485891 m2
532,2025,05 May,05 مايو,Muharraq,المحرق,Other,المناطق الأخرى,469397.182664 m2
532,2025,04 April,أبريل 04,Muharraq,المحرق,Other,المناطق الأخرى,469397.668397 m2
532,2025,06 June,06 يونيو,Muharraq,المحرق,Other,المناطق الأخرى,469397.182664 m2
533,2025,05 May,05 مايو,Northern,الشمالية,Residential,المناطق السكنية,36234210.705265 m2
533,2025,04 April,أبريل 04,Northern,الشمالية,Residential,المناطق السكنية,36211806.178273 m2
533,2025,06 June,06 يونيو,Northern,الشمالية,Residential,المناطق السكنية,36250613.003954 m2
534,2025,04 April,أبريل 04,Northern,الشمالية,Investment,المناطق الاستثمارية,4188428.828911 m2
534,2025,05 May,05 مايو,Northern,الشمالية,Investment,المناطق الاستثمارية,4186689.744286 m2
534,2025,06 June,06 يونيو,Northern,الشمالية,Investment,المناطق الاستثمارية,4169930.837836 m2
535,2025,04 April,أبريل 04,Northern,الشمالية,Commercial,المناطق التجارية,711033.043777 m2
535,2025,05 May,05 مايو,Northern,الشمالية,Commercial,المناطق التجارية,711347.832685 m2
535,2025,06 June,06 يونيو,Northern,الشمالية,Commercial,المناطق التجارية,711347.832685 m2
536,2025,05 May,05 مايو,Northern,الشمالية,Agriculture,المناطق الزراعية,15023981.36287 m2
536,2025,06 June,06 يونيو,Northern,الشمالية,Agriculture,المناطق الزراعية,15023981.36287 m2
536,2025,04 April,أبريل 04,Northern,الشمالية,Agriculture,المناطق الزراعية,15050059.750776 m2
537,2025,04 April,أبريل 04,Northern,الشمالية,Special Project,مناطق المشاريع ذات الطبيعة الخاصة,6935483.562772 m2
537,2025,05 May,05 مايو,Northern,الشمالية,Special Project,مناطق المشاريع ذات الطبيعة الخاصة,6938748.188916 m2
537,2025,06 June,06 يونيو,Northern,الشمالية,Special Project,مناطق المشاريع ذات الطبيعة الخاصة,6938748.188916 m2
538,2025,05 May,05 مايو,Northern,الشمالية,Public services and facilities,مناطق الخدمات والمرافق العامة,11000939.89911 m2
538,2025,04 April,أبريل 04,Northern,الشمالية,Public services and facilities,مناطق الخدمات والمرافق العامة,10861765.96409 m2
538,2025,06 June,06 يونيو,Northern,الشمالية,Public services and facilities,مناطق الخدمات والمرافق العامة,11001161.148756 m2
539,2025,05 May,05 مايو,Northern,الشمالية,Green Belt,مناطق الحزام الأخضر,0.00 m2
539,2025,04 April,أبريل 04,Northern,الشمالية,Green Belt,مناطق الحزام الأخضر,0.00 m2
539,2025,06 June,06 يونيو,Northern,الشمالية,Green Belt,مناطق الحزام الأخضر,0.00 m2
540,2025,04 April,أبريل 04,Northern,الشمالية,Industrial,المناطق الصناعية,3077575.096094 m2
540,2025,05 May,05 مايو,Northern,الشمالية,Industrial,المناطق الصناعية,3090955.71418 m2
540,2025,06 June,06 يونيو,Northern,الشمالية,Industrial,المناطق الصناعية,3090955.71418 m2
541,2025,04 April,أبريل 04,Northern,الشمالية,Ministry of Housing,مناطق مشاريع وزارة الإسكان,9752622.263458 m2
541,2025,06 June,06 يونيو,Northern,الشمالية,Ministry of Housing,مناطق مشاريع وزارة الإسكان,9747122.185746 m2
541,2025,05 May,05 مايو,Northern,الشمالية,Ministry of Housing,مناطق مشاريع وزارة الإسكان,9747122.185746 m2
542,2025,06 June,06 يونيو,Northern,الشمالية,Protection Zone,المناطق المحمية,53475.479569 m2
542,2025,04 April,أبريل 04,Northern,الشمالية,Protection Zone,المناطق المحمية,34683.973677 m2
542,2025,05 May,05 مايو,Northern,الشمالية,Protection Zone,المناطق المحمية,53475.479569 m2
543,2025,04 April,أبريل 04,Northern,الشمالية,Archaeology,المناطق الأثرية,1696250.07831 m2
543,2025,05 May,05 مايو,Northern,الشمالية,Archaeology,المناطق الأثرية,1691766.660432 m2
543,2025,06 June,06 يونيو,Northern,الشمالية,Archaeology,المناطق الأثرية,1691766.660432 m2
544,2025,05 May,05 مايو,Northern,الشمالية,Recreation / Garden,المناطق الترفيهية والحدائق,2261922.1623 m2
544,2025,04 April,أبريل 04,Northern,الشمالية,Recreation / Garden,المناطق الترفيهية والحدائق,2261922.1623 m2
544,2025,06 June,06 يونيو,Northern,الشمالية,Recreation / Garden,المناطق الترفيهية والحدائق,2261922.1623 m2
545,2025,04 April,أبريل 04,Northern,الشمالية,Unplanned,المناطق غير المخططة,5549114.633831 m2
545,2025,06 June,06 يونيو,Northern,الشمالية,Unplanned,المناطق غير المخططة,5510914.99468 m2
545,2025,05 May,05 مايو,Northern,الشمالية,Unplanned,المناطق غير المخططة,5510914.99468 m2
546,2025,05 May,05 مايو,Northern,الشمالية,Other,المناطق الأخرى,3454495.775027 m2
546,2025,06 June,06 يونيو,Northern,الشمالية,Other,المناطق الأخرى,3454495.775027 m2
546,2025,04 April,أبريل 04,Northern,الشمالية,Other,المناطق الأخرى,3456829.122493 m2
547,2025,04 April,أبريل 04,Southern,الجنوبية,Residential,المناطق السكنية,16811826.230916 m2
547,2025,05 May,05 مايو,Southern,الجنوبية,Residential,المناطق السكنية,16811520.432704 m2
547,2025,06 June,06 يونيو,Southern,الجنوبية,Residential,المناطق السكنية,16811567.096657 m2
548,2025,06 June,06 يونيو,Southern,الجنوبية,Investment,المناطق الاستثمارية,1237036.832171 m2
548,2025,05 May,05 مايو,Southern,الجنوبية,Investment,المناطق الاستثمارية,1237036.832171 m2
548,2025,04 April,أبريل 04,Southern,الجنوبية,Investment,المناطق الاستثمارية,1237036.832171 m2
549,2025,04 April,أبريل 04,Southern,الجنوبية,Commercial,المناطق التجارية,763333.40509 m2
549,2025,05 May,05 مايو,Southern,الجنوبية,Commercial,المناطق التجارية,763367.983468 m2
549,2025,06 June,06 يونيو,Southern,الجنوبية,Commercial,المناطق التجارية,763367.983468 m2
550,2025,05 May,05 مايو,Southern,الجنوبية,Agriculture,المناطق الزراعية,3938541.53112 m2
550,2025,06 June,06 يونيو,Southern,الجنوبية,Agriculture,المناطق الزراعية,3938541.53112 m2
550,2025,04 April,أبريل 04,Southern,الجنوبية,Agriculture,المناطق الزراعية,3934559.479641 m2
551,2025,05 May,05 مايو,Southern,الجنوبية,Special Project,مناطق المشاريع ذات الطبيعة الخاصة,178367487.397512 m2
551,2025,06 June,06 يونيو,Southern,الجنوبية,Special Project,مناطق المشاريع ذات الطبيعة الخاصة,178367480.425862 m2
551,2025,04 April,أبريل 04,Southern,الجنوبية,Special Project,مناطق المشاريع ذات الطبيعة الخاصة,178362164.598952 m2
552,2025,05 May,05 مايو,Southern,الجنوبية,Public services and facilities,مناطق الخدمات والمرافق العامة,40681604.402869 m2
552,2025,06 June,06 يونيو,Southern,الجنوبية,Public services and facilities,مناطق الخدمات والمرافق العامة,40681604.402869 m2
552,2025,04 April,أبريل 04,Southern,الجنوبية,Public services and facilities,مناطق الخدمات والمرافق العامة,40702959.67324 m2
553,2025,05 May,05 مايو,Southern,الجنوبية,Green Belt,مناطق الحزام الأخضر,0.00 m2
553,2025,06 June,06 يونيو,Southern,الجنوبية,Green Belt,مناطق الحزام الأخضر,0.00 m2
553,2025,04 April,أبريل 04,Southern,الجنوبية,Green Belt,مناطق الحزام الأخضر,0.00 m2
554,2025,04 April,أبريل 04,Southern,الجنوبية,Industrial,المناطق الصناعية,16256753.920091 m2
554,2025,05 May,05 مايو,Southern,الجنوبية,Industrial,المناطق الصناعية,16256753.920091 m2
554,2025,06 June,06 يونيو,Southern,الجنوبية,Industrial,المناطق الصناعية,16256753.920091 m2
555,2025,06 June,06 يونيو,Southern,الجنوبية,Ministry of Housing,مناطق مشاريع وزارة الإسكان,5497603.055264 m2
555,2025,05 May,05 مايو,Southern,الجنوبية,Ministry of Housing,مناطق مشاريع وزارة الإسكان,5497603.055264 m2
555,2025,04 April,أبريل 04,Southern,الجنوبية,Ministry of Housing,مناطق مشاريع وزارة الإسكان,5497603.055264 m2
556,2025,06 June,06 يونيو,Southern,الجنوبية,Protection Zone,المناطق المحمية,152648536.733432 m2
556,2025,04 April,أبريل 04,Southern,الجنوبية,Protection Zone,المناطق المحمية,152627996.712793 m2
556,2025,05 May,05 مايو,Southern,الجنوبية,Protection Zone,المناطق المحمية,152648536.733432 m2
557,2025,05 May,05 مايو,Southern,الجنوبية,Archaeology,المناطق الأثرية,405980.158639 m2
557,2025,04 April,أبريل 04,Southern,الجنوبية,Archaeology,المناطق الأثرية,405980.158639 m2
557,2025,06 June,06 يونيو,Southern,الجنوبية,Archaeology,المناطق الأثرية,405980.158639 m2
558,2025,04 April,أبريل 04,Southern,الجنوبية,Recreation / Garden,المناطق الترفيهية والحدائق,10486409.841743 m2
558,2025,06 June,06 يونيو,Southern,الجنوبية,Recreation / Garden,المناطق الترفيهية والحدائق,10486408.158919 m2
558,2025,05 May,05 مايو,Southern,الجنوبية,Recreation / Garden,المناطق الترفيهية والحدائق,10486408.158919 m2
559,2025,04 April,أبريل 04,Southern,الجنوبية,Unplanned,المناطق غير المخططة,7406.012289 m2
559,2025,06 June,06 يونيو,Southern,الجنوبية,Unplanned,المناطق غير المخططة,7346.181698 m2
559,2025,05 May,05 مايو,Southern,الجنوبية,Unplanned,المناطق غير المخططة,7346.181698 m2
560,2025,04 April,أبريل 04,Southern,الجنوبية,Other,المناطق الأخرى,595246.212374 m2
560,2025,05 May,05 مايو,Southern,الجنوبية,Other,المناطق الأخرى,595246.212374 m2
560,2025,06 June,06 يونيو,Southern,الجنوبية,Other,المناطق الأخرى,595246.212374 m2
561,2025,07 July,07 يوليو,Capital,العاصمة,Residential,المناطق السكنية,16602441.729844 m2
562,2025,07 July,07 يوليو,Capital,العاصمة,Investment,المناطق الاستثمارية,10101069.909657 m2
563,2025,07 July,07 يوليو,Capital,العاصمة,Commercial,المناطق التجارية,1618126.647202 m2
564,2025,07 July,07 يوليو,Capital,العاصمة,Agriculture,المناطق الزراعية,1472025.04846 m2
565,2025,07 July,07 يوليو,Capital,العاصمة,Special Project,مناطق المشاريع ذات الطبيعة الخاصة,8985153.163543 m2
566,2025,07 July,07 يوليو,Capital,العاصمة,Public services and facilities,مناطق الخدمات والمرافق العامة,8617428.681274 m2
567,2025,07 July,07 يوليو,Capital,العاصمة,Green Belt,مناطق الحزام الأخضر,591237.13758 m2
568,2025,07 July,07 يوليو,Capital,العاصمة,Industrial,المناطق الصناعية,4752447.178012 m2
569,2025,07 July,07 يوليو,Capital,العاصمة,Ministry of Housing,مناطق مشاريع وزارة الإسكان,2617940.197867 m2
570,2025,07 July,07 يوليو,Capital,العاصمة,Protection Zone,المناطق المحمية,13763595.272905 m2
571,2025,07 July,07 يوليو,Capital,العاصمة,Archaeology,المناطق الأثرية,587265.875408 m2
572,2025,07 July,07 يوليو,Capital,العاصمة,Recreation / Garden,المناطق الترفيهية والحدائق,1750097.053352 m2
573,2025,07 July,07 يوليو,Capital,العاصمة,Unplanned,المناطق غير المخططة,641701.208676 m2
574,2025,07 July,07 يوليو,Capital,العاصمة,Other,المناطق الأخرى,1960982.229105 m2
575,2025,07 July,07 يوليو,Muharraq,المحرق,Residential,المناطق السكنية,9797251.847548 m2
576,2025,07 July,07 يوليو,Muharraq,المحرق,Investment,المناطق الاستثمارية,4346966.510269 m2
577,2025,07 July,07 يوليو,Muharraq,المحرق,Commercial,المناطق التجارية,394302.507996 m2
578,2025,07 July,07 يوليو,Muharraq,المحرق,Agriculture,المناطق الزراعية,22076.782111 m2
579,2025,07 July,07 يوليو,Muharraq,المحرق,Special Project,مناطق المشاريع ذات الطبيعة الخاصة,21816123.93961 m2
580,2025,07 July,07 يوليو,Muharraq,المحرق,Public services and facilities,مناطق الخدمات والمرافق العامة,19793148.980114 m2
581,2025,07 July,07 يوليو,Muharraq,المحرق,Green Belt,مناطق الحزام الأخضر,0.00 m2
582,2025,07 July,07 يوليو,Muharraq,المحرق,Industrial,المناطق الصناعية,4148977.96759 m2
583,2025,07 July,07 يوليو,Muharraq,المحرق,Ministry of Housing,مناطق مشاريع وزارة الإسكان,2591441.012567 m2
584,2025,07 July,07 يوليو,Muharraq,المحرق,Protection Zone,المناطق المحمية,2415190.543735 m2
585,2025,07 July,07 يوليو,Muharraq,المحرق,Archaeology,المناطق الأثرية,64390.656469 m2
586,2025,07 July,07 يوليو,Muharraq,المحرق,Recreation / Garden,المناطق الترفيهية والحدائق,2514167.505336 m2
587,2025,07 July,07 يوليو,Muharraq,المحرق,Unplanned,المناطق غير المخططة,17076.484881 m2
588,2025,07 July,07 يوليو,Muharraq,المحرق,Other,المناطق الأخرى,469397.182664 m2
589,2025,07 July,07 يوليو,Northern,الشمالية,Residential,المناطق السكنية,37180901.549402 m2
590,2025,07 July,07 يوليو,Northern,الشمالية,Investment,المناطق الاستثمارية,4815551.8815 m2
591,2025,07 July,07 يوليو,Northern,الشمالية,Commercial,المناطق التجارية,853736.108118 m2
592,2025,07 July,07 يوليو,Northern,الشمالية,Agriculture,المناطق الزراعية,15435003.574445 m2
593,2025,07 July,07 يوليو,Northern,الشمالية,Special Project,مناطق المشاريع ذات الطبيعة الخاصة,7333220.319663 m2
594,2025,07 July,07 يوليو,Northern,الشمالية,Public services and facilities,مناطق الخدمات والمرافق العامة,13980217.946838 m2
595,2025,07 July,07 يوليو,Northern,الشمالية,Green Belt,مناطق الحزام الأخضر,0.00 m2
596,2025,07 July,07 يوليو,Northern,الشمالية,Industrial,المناطق الصناعية,3409350.602706 m2
597,2025,07 July,07 يوليو,Northern,الشمالية,Ministry of Housing,مناطق مشاريع وزارة الإسكان,9747122.185746 m2
598,2025,07 July,07 يوليو,Northern,الشمالية,Protection Zone,المناطق المحمية,61047.506504 m2
599,2025,07 July,07 يوليو,Northern,الشمالية,Archaeology,المناطق الأثرية,1691766.660432 m2
600,2025,07 July,07 يوليو,Northern,الشمالية,Recreation / Garden,المناطق الترفيهية والحدائق,2825902.498201 m2
601,2025,07 July,07 يوليو,Northern,الشمالية,Unplanned,المناطق غير المخططة,325557.642922 m2
602,2025,07 July,07 يوليو,Northern,الشمالية,Other,المناطق الأخرى,2520730.174833 m2
603,2025,07 July,07 يوليو,Southern,الجنوبية,Residential,المناطق السكنية,16811566.947718 m2
604,2025,07 July,07 يوليو,Southern,الجنوبية,Investment,المناطق الاستثمارية,1237036.832171 m2
605,2025,07 July,07 يوليو,Southern,الجنوبية,Commercial,المناطق التجارية,763367.983468 m2
606,2025,07 July,07 يوليو,Southern,الجنوبية,Agriculture,المناطق الزراعية,4030720.601864 m2
607,2025,07 July,07 يوليو,Southern,الجنوبية,Special Project,مناطق المشاريع ذات الطبيعة الخاصة,178367508.83482 m2
608,2025,07 July,07 يوليو,Southern,الجنوبية,Public services and facilities,مناطق الخدمات والمرافق العامة,40684499.294745 m2
609,2025,07 July,07 يوليو,Southern,الجنوبية,Green Belt,مناطق الحزام الأخضر,0.00 m2
610,2025,07 July,07 يوليو,Southern,الجنوبية,Industrial,المناطق الصناعية,16256753.920091 m2
611,2025,07 July,07 يوليو,Southern,الجنوبية,Ministry of Housing,مناطق مشاريع وزارة الإسكان,5496081.733213 m2
612,2025,07 July,07 يوليو,Southern,الجنوبية,Protection Zone,المناطق المحمية,152648536.733432 m2
613,2025,07 July,07 يوليو,Southern,الجنوبية,Archaeology,المناطق الأثرية,405980.158639 m2
614,2025,07 July,07 يوليو,Southern,الجنوبية,Recreation / Garden,المناطق الترفيهية والحدائق,10486408.158919 m2
615,2025,07 July,07 يوليو,Southern,الجنوبية,Unplanned,المناطق غير المخططة,7346.181698 m2
616,2025,07 July,07 يوليو,Southern,الجنوبية,Other,المناطق الأخرى,595245.970752 m2
617,2025,08 August,08 اغسطس,Capital,العاصمة,Residential,المناطق السكنية,16602554.567448 m2
618,2025,08 August,08 اغسطس,Capital,العاصمة,Investment,المناطق الاستثمارية,10093584.524245 m2
619,2025,08 August,08 اغسطس,Capital,العاصمة,Commercial,المناطق التجارية,1626482.210345 m2
620,2025,08 August,08 اغسطس,Capital,العاصمة,Agriculture,المناطق الزراعية,1472025.04846 m2
621,2025,08 August,08 اغسطس,Capital,العاصمة,Special Project,مناطق المشاريع ذات الطبيعة الخاصة,8985153.111614 m2
622,2025,08 August,08 اغسطس,Capital,العاصمة,Public services and facilities,مناطق الخدمات والمرافق العامة,8617525.152068 m2
623,2025,08 August,08 اغسطس,Capital,العاصمة,Green Belt,مناطق الحزام الأخضر,591237.13758 m2
624,2025,08 August,08 اغسطس,Capital,العاصمة,Industrial,المناطق الصناعية,4752447.17801 m2
625,2025,08 August,08 اغسطس,Capital,العاصمة,Ministry of Housing,مناطق مشاريع وزارة الإسكان,2618036.884347 m2
626,2025,08 August,08 اغسطس,Capital,العاصمة,Protection Zone,المناطق المحمية,13763595.272905 m2
627,2025,08 August,08 اغسطس,Capital,العاصمة,Archaeology,المناطق الأثرية,587265.875408 m2
628,2025,08 August,08 اغسطس,Capital,العاصمة,Recreation / Garden,المناطق الترفيهية والحدائق,1750097.053352 m2
629,2025,08 August,08 اغسطس,Capital,العاصمة,Unplanned,المناطق غير المخططة,641701.208676 m2
630,2025,08 August,08 اغسطس,Capital,العاصمة,Other,المناطق الأخرى,1960982.229105 m2
631,2025,08 August,08 اغسطس,Muharraq,المحرق,Residential,المناطق السكنية,9791421.092083 m2
632,2025,08 August,08 اغسطس,Muharraq,المحرق,Investment,المناطق الاستثمارية,4346966.510269 m2
633,2025,08 August,08 اغسطس,Muharraq,المحرق,Commercial,المناطق التجارية,394302.507996 m2
634,2025,08 August,08 اغسطس,Muharraq,المحرق,Agriculture,المناطق الزراعية,22076.782111 m2
635,2025,08 August,08 اغسطس,Muharraq,المحرق,Special Project,مناطق المشاريع ذات الطبيعة الخاصة,22544413.879612 m2
636,2025,08 August,08 اغسطس,Muharraq,المحرق,Public services and facilities,مناطق الخدمات والمرافق العامة,19793950.487367 m2
637,2025,08 August,08 اغسطس,Muharraq,المحرق,Green Belt,مناطق الحزام الأخضر,0.00 m2
638,2025,08 August,08 اغسطس,Muharraq,المحرق,Industrial,المناطق الصناعية,4148977.96759 m2
639,2025,08 August,08 اغسطس,Muharraq,المحرق,Ministry of Housing,مناطق مشاريع وزارة الإسكان,2591441.012567 m2
640,2025,08 August,08 اغسطس,Muharraq,المحرق,Protection Zone,المناطق المحمية,2415190.543735 m2
641,2025,08 August,08 اغسطس,Muharraq,المحرق,Archaeology,المناطق الأثرية,64390.656469 m2
642,2025,08 August,08 اغسطس,Muharraq,المحرق,Recreation / Garden,المناطق الترفيهية والحدائق,2519197.941067 m2
643,2025,08 August,08 اغسطس,Muharraq,المحرق,Unplanned,المناطق غير المخططة,17076.484881 m2
644,2025,08 August,08 اغسطس,Muharraq,المحرق,Other,المناطق الأخرى,469397.182664 m2
645,2025,08 August,08 اغسطس,Northern,الشمالية,Residential,المناطق السكنية,37192824.810314 m2
646,2025,08 August,08 اغسطس,Northern,الشمالية,Investment,المناطق الاستثمارية,4809442.443844 m2
647,2025,08 August,08 اغسطس,Northern,الشمالية,Commercial,المناطق التجارية,853736.108118 m2
648,2025,08 August,08 اغسطس,Northern,الشمالية,Agriculture,المناطق الزراعية,15435003.574445 m2
649,2025,08 August,08 اغسطس,Northern,الشمالية,Special Project,مناطق المشاريع ذات الطبيعة الخاصة,7333220.319663 m2
650,2025,08 August,08 اغسطس,Northern,الشمالية,Public services and facilities,مناطق الخدمات والمرافق العامة,14243573.956602 m2
651,2025,08 August,08 اغسطس,Northern,الشمالية,Green Belt,مناطق الحزام الأخضر,0.00 m2
652,2025,08 August,08 اغسطس,Northern,الشمالية,Industrial,المناطق الصناعية,3146099.551112 m2
653,2025,08 August,08 اغسطس,Northern,الشمالية,Ministry of Housing,مناطق مشاريع وزارة الإسكان,9747140.434375 m2
654,2025,08 August,08 اغسطس,Northern,الشمالية,Protection Zone,المناطق المحمية,61047.506504 m2
655,2025,08 August,08 اغسطس,Northern,الشمالية,Archaeology,المناطق الأثرية,1691766.660432 m2
656,2025,08 August,08 اغسطس,Northern,الشمالية,Recreation / Garden,المناطق الترفيهية والحدائق,2866384.684976 m2
657,2025,08 August,08 اغسطس,Northern,الشمالية,Unplanned,المناطق غير المخططة,317860.238518 m2
658,2025,08 August,08 اغسطس,Northern,الشمالية,Other,المناطق الأخرى,2520711.362547 m2
659,2025,08 August,08 اغسطس,Southern,الجنوبية,Residential,المناطق السكنية,16832280.100632 m2
660,2025,08 August,08 اغسطس,Southern,الجنوبية,Investment,المناطق الاستثمارية,1237036.832171 m2
661,2025,08 August,08 اغسطس,Southern,الجنوبية,Commercial,المناطق التجارية,763367.983468 m2
662,2025,08 August,08 اغسطس,Southern,الجنوبية,Agriculture,المناطق الزراعية,4030720.601864 m2
663,2025,08 August,08 اغسطس,Southern,الجنوبية,Special Project,مناطق المشاريع ذات الطبيعة الخاصة,178367508.83482 m2
664,2025,08 August,08 اغسطس,Southern,الجنوبية,Public services and facilities,مناطق الخدمات والمرافق العامة,40684625.198268 m2
665,2025,08 August,08 اغسطس,Southern,الجنوبية,Green Belt,مناطق الحزام الأخضر,0.00 m2
666,2025,08 August,08 اغسطس,Southern,الجنوبية,Industrial,المناطق الصناعية,16256753.920091 m2
667,2025,08 August,08 اغسطس,Southern,الجنوبية,Ministry of Housing,مناطق مشاريع وزارة الإسكان,5496081.733213 m2
668,2025,08 August,08 اغسطس,Southern,الجنوبية,Protection Zone,المناطق المحمية,152648536.733432 m2
669,2025,08 August,08 اغسطس,Southern,الجنوبية,Archaeology,المناطق الأثرية,405980.158639 m2
670,2025,08 August,08 اغسطس,Southern,الجنوبية,Recreation / Garden,المناطق الترفيهية والحدائق,10490439.62713 m2
671,2025,08 August,08 اغسطس,Southern,الجنوبية,Unplanned,المناطق غير المخططة,6950.031658 m2
672,2025,08 August,08 اغسطس,Southern,الجنوبية,Other,المناطق الأخرى,570384.150035 m2
673,2025,09 September,09 سبتمبر,Capital,العاصمة,Residential,المناطق السكنية,16571399.416034 m2
674,2025,09 September,09 سبتمبر,Capital,العاصمة,Investment,المناطق الاستثمارية,10093584.524245 m2
675,2025,09 September,09 سبتمبر,Capital,العاصمة,Commercial,المناطق التجارية,1626482.210345 m2
676,2025,09 September,09 سبتمبر,Capital,العاصمة,Agriculture,المناطق الزراعية,1472025.038017 m2
677,2025,09 September,09 سبتمبر,Capital,العاصمة,Special Project,مناطق المشاريع ذات الطبيعة الخاصة,8979581.904578 m2
678,2025,09 September,09 سبتمبر,Capital,العاصمة,Public services and facilities,مناطق الخدمات والمرافق العامة,8845586.418105 m2
679,2025,09 September,09 سبتمبر,Capital,العاصمة,Green Belt,مناطق الحزام الأخضر,591237.13758 m2
680,2025,09 September,09 سبتمبر,Capital,العاصمة,Industrial,المناطق الصناعية,4752448.506465 m2
681,2025,09 September,09 سبتمبر,Capital,العاصمة,Ministry of Housing,مناطق مشاريع وزارة الإسكان,2618036.884347 m2
682,2025,09 September,09 سبتمبر,Capital,العاصمة,Protection Zone,المناطق المحمية,13763595.272905 m2
683,2025,09 September,09 سبتمبر,Capital,العاصمة,Archaeology,المناطق الأثرية,587265.876435 m2
684,2025,09 September,09 سبتمبر,Capital,العاصمة,Recreation / Garden,المناطق الترفيهية والحدائق,1750069.513914 m2
685,2025,09 September,09 سبتمبر,Capital,العاصمة,Unplanned,المناطق غير المخططة,641701.208676 m2
686,2025,09 September,09 سبتمبر,Capital,العاصمة,Other,المناطق الأخرى,1985134.163237 m2
687,2025,09 September,09 سبتمبر,Muharraq,المحرق,Residential,المناطق السكنية,9791424.71456 m2
688,2025,09 September,09 سبتمبر,Muharraq,المحرق,Investment,المناطق الاستثمارية,4346966.510269 m2
689,2025,09 September,09 سبتمبر,Muharraq,المحرق,Commercial,المناطق التجارية,394302.507996 m2
690,2025,09 September,09 سبتمبر,Muharraq,المحرق,Agriculture,المناطق الزراعية,22076.782111 m2
691,2025,09 September,09 سبتمبر,Muharraq,المحرق,Special Project,مناطق المشاريع ذات الطبيعة الخاصة,22544413.879612 m2
692,2025,09 September,09 سبتمبر,Muharraq,المحرق,Public services and facilities,مناطق الخدمات والمرافق العامة,19954601.575142 m2
693,2025,09 September,09 سبتمبر,Muharraq,المحرق,Green Belt,مناطق الحزام الأخضر,0.00 m2
694,2025,09 September,09 سبتمبر,Muharraq,المحرق,Industrial,المناطق الصناعية,4148977.96759 m2
695,2025,09 September,09 سبتمبر,Muharraq,المحرق,Ministry of Housing,مناطق مشاريع وزارة الإسكان,2591441.012567 m2
696,2025,09 September,09 سبتمبر,Muharraq,المحرق,Protection Zone,المناطق المحمية,2415190.543735 m2
697,2025,09 September,09 سبتمبر,Muharraq,المحرق,Archaeology,المناطق الأثرية,64390.656469 m2
698,2025,09 September,09 سبتمبر,Muharraq,المحرق,Recreation / Garden,المناطق الترفيهية والحدائق,2519197.941067 m2
699,2025,09 September,09 سبتمبر,Muharraq,المحرق,Unplanned,المناطق غير المخططة,17076.484881 m2
700,2025,09 September,09 سبتمبر,Muharraq,المحرق,Other,المناطق الأخرى,469397.182664 m2
701,2025,09 September,09 سبتمبر,Northern,الشمالية,Residential,المناطق السكنية,37226332.558601 m2
702,2025,09 September,09 سبتمبر,Northern,الشمالية,Investment,المناطق الاستثمارية,4811422.998415 m2
703,2025,09 September,09 سبتمبر,Northern,الشمالية,Commercial,المناطق التجارية,854813.994986 m2
704,2025,09 September,09 سبتمبر,Northern,الشمالية,Agriculture,المناطق الزراعية,15422459.640657 m2
705,2025,09 September,09 سبتمبر,Northern,الشمالية,Special Project,مناطق المشاريع ذات الطبيعة الخاصة,7333220.150385 m2
706,2025,09 September,09 سبتمبر,Northern,الشمالية,Public services and facilities,مناطق الخدمات والمرافق العامة,14672551.231783 m2
707,2025,09 September,09 سبتمبر,Northern,الشمالية,Green Belt,مناطق الحزام الأخضر,0.00 m2
708,2025,09 September,09 سبتمبر,Northern,الشمالية,Industrial,المناطق الصناعية,3146099.551112 m2
709,2025,09 September,09 سبتمبر,Northern,الشمالية,Ministry of Housing,مناطق مشاريع وزارة الإسكان,9445430.924766 m2
710,2025,09 September,09 سبتمبر,Northern,الشمالية,Protection Zone,المناطق المحمية,62834.607719 m2
711,2025,09 September,09 سبتمبر,Northern,الشمالية,Archaeology,المناطق الأثرية,1691766.660432 m2
712,2025,09 September,09 سبتمبر,Northern,الشمالية,Recreation / Garden,المناطق الترفيهية والحدائق,2881382.53519 m2
713,2025,09 September,09 سبتمبر,Northern,الشمالية,Unplanned,المناطق غير المخططة,245792.320962 m2
714,2025,09 September,09 سبتمبر,Northern,الشمالية,Other,المناطق الأخرى,2520711.362547 m2
715,2025,09 September,09 سبتمبر,Southern,الجنوبية,Residential,المناطق السكنية,16823575.869406 m2
716,2025,09 September,09 سبتمبر,Southern,الجنوبية,Investment,المناطق الاستثمارية,1237036.832171 m2
717,2025,09 September,09 سبتمبر,Southern,الجنوبية,Commercial,المناطق التجارية,763789.539907 m2
718,2025,09 September,09 سبتمبر,Southern,الجنوبية,Agriculture,المناطق الزراعية,4030720.601864 m2
719,2025,09 September,09 سبتمبر,Southern,الجنوبية,Special Project,مناطق المشاريع ذات الطبيعة الخاصة,178367508.83482 m2
720,2025,09 September,09 سبتمبر,Southern,الجنوبية,Public services and facilities,مناطق الخدمات والمرافق العامة,40769981.992278 m2
721,2025,09 September,09 سبتمبر,Southern,الجنوبية,Green Belt,مناطق الحزام الأخضر,0.00 m2
722,2025,09 September,09 سبتمبر,Southern,الجنوبية,Industrial,المناطق الصناعية,16256753.920091 m2
723,2025,09 September,09 سبتمبر,Southern,الجنوبية,Ministry of Housing,مناطق مشاريع وزارة الإسكان,5472291.353982 m2
724,2025,09 September,09 سبتمبر,Southern,الجنوبية,Protection Zone,المناطق المحمية,152655054.079374 m2
725,2025,09 September,09 سبتمبر,Southern,الجنوبية,Archaeology,المناطق الأثرية,405980.158639 m2
726,2025,09 September,09 سبتمبر,Southern,الجنوبية,Recreation / Garden,المناطق الترفيهية والحدائق,10494364.139433 m2
727,2025,09 September,09 سبتمبر,Southern,الجنوبية,Unplanned,المناطق غير المخططة,6950.031658 m2
728,2025,09 September,09 سبتمبر,Southern,الجنوبية,Other,المناطق الأخرى,m2
729,2025,10 October,10أكتوبر,Capital,العاصمة,Residential,المناطق السكنية,16579559.19824 m2
730,2025,10 October,10أكتوبر,Capital,العاصمة,Investment,المناطق الاستثمارية,10081139.114091 m2
731,2025,10 October,10أكتوبر,Capital,العاصمة,Commercial,المناطق التجارية,1627004.208812 m2
732,2025,10 October,10أكتوبر,Capital,العاصمة,Agriculture,المناطق الزراعية,1472025.038017 m2
733,2025,10 October,10أكتوبر,Capital,العاصمة,Special Project,مناطق المشاريع ذات الطبيعة الخاصة,8979059.992044 m2
734,2025,10 October,10أكتوبر,Capital,العاصمة,Public services and facilities,مناطق الخدمات والمرافق العامة,8917906.830597 m2
735,2025,10 October,10أكتوبر,Capital,العاصمة,Green Belt,مناطق الحزام الأخضر,591237.13758 m2
736,2025,10 October,10أكتوبر,Capital,العاصمة,Industrial,المناطق الصناعية,4715568.468985 m2
737,2025,10 October,10أكتوبر,Capital,العاصمة,Ministry of Housing,مناطق مشاريع وزارة الإسكان,2621621.124985 m2
738,2025,10 October,10أكتوبر,Capital,العاصمة,Protection Zone,المناطق المحمية,13763595.272905 m2
739,2025,10 October,10أكتوبر,Capital,العاصمة,Archaeology,المناطق الأثرية,587265.876435 m2
740,2025,10 October,10أكتوبر,Capital,العاصمة,Recreation / Garden,المناطق الترفيهية والحدائق,1750227.363412 m2
741,2025,10 October,10أكتوبر,Capital,العاصمة,Unplanned,المناطق غير المخططة,641201.208676 m2
742,2025,10 October,10أكتوبر,Capital,العاصمة,Other,المناطق الأخرى,1985118.438843 m2
743,2025,10 October,10أكتوبر,Muharraq,المحرق,Residential,المناطق السكنية,9791562.165065 m2
744,2025,10 October,10أكتوبر,Muharraq,المحرق,Investment,المناطق الاستثمارية,4346966.490499 m2
745,2025,10 October,10أكتوبر,Muharraq,المحرق,Commercial,المناطق التجارية,394302.507996 m2
746,2025,10 October,10أكتوبر,Muharraq,المحرق,Agriculture,المناطق الزراعية,22076.782111 m2
747,2025,10 October,10أكتوبر,Muharraq,المحرق,Special Project,مناطق المشاريع ذات الطبيعة الخاصة,22544413.879612 m2
748,2025,10 October,10أكتوبر,Muharraq,المحرق,Public services and facilities,مناطق الخدمات والمرافق العامة,19954596.281756 m2
749,2025,10 October,10أكتوبر,Muharraq,المحرق,Green Belt,مناطق الحزام الأخضر,0.00 m2
750,2025,10 October,10أكتوبر,Muharraq,المحرق,Industrial,المناطق الصناعية,4148977.96759 m2
751,2025,10 October,10أكتوبر,Muharraq,المحرق,Ministry of Housing,مناطق مشاريع وزارة الإسكان,2591813.661629 m2
752,2025,10 October,10أكتوبر,Muharraq,المحرق,Protection Zone,المناطق المحمية,2415190.543735 m2
753,2025,10 October,10أكتوبر,Muharraq,المحرق,Archaeology,المناطق الأثرية,64390.656469 m2
754,2025,10 October,10أكتوبر,Muharraq,المحرق,Recreation / Garden,المناطق الترفيهية والحدائق,2519197.941067 m2
755,2025,10 October,10أكتوبر,Muharraq,المحرق,Unplanned,المناطق غير المخططة,17076.484881 m2
756,2025,10 October,10أكتوبر,Muharraq,المحرق,Other,المناطق الأخرى,469397.182664 m2
757,2025,10 October,10أكتوبر,Northern,الشمالية,Residential,المناطق السكنية,37329104.67844 m2
758,2025,10 October,10أكتوبر,Northern,الشمالية,Investment,المناطق الاستثمارية,4831025.062192 m2
759,2025,10 October,10أكتوبر,Northern,الشمالية,Commercial,المناطق التجارية,888792.710154 m2
760,2025,10 October,10أكتوبر,Northern,الشمالية,Agriculture,المناطق الزراعية,15386270.913732 m2
761,2025,10 October,10أكتوبر,Northern,الشمالية,Special Project,مناطق المشاريع ذات الطبيعة الخاصة,7292471.560425 m2
762,2025,10 October,10أكتوبر,Northern,الشمالية,Public services and facilities,مناطق الخدمات والمرافق العامة,14712306.270183 m2
763,2025,10 October,10أكتوبر,Northern,الشمالية,Green Belt,مناطق الحزام الأخضر,0.00 m2
764,2025,10 October,10أكتوبر,Northern,الشمالية,Industrial,المناطق الصناعية,3146099.551112 m2
765,2025,10 October,10أكتوبر,Northern,الشمالية,Ministry of Housing,مناطق مشاريع وزارة الإسكان,9445464.468409 m2
766,2025,10 October,10أكتوبر,Northern,الشمالية,Protection Zone,المناطق المحمية,62834.607719 m2
767,2025,10 October,10أكتوبر,Northern,الشمالية,Archaeology,المناطق الأثرية,1691766.344789 m2
768,2025,10 October,10أكتوبر,Northern,الشمالية,Recreation / Garden,المناطق الترفيهية والحدائق,2882321.804914 m2
769,2025,10 October,10أكتوبر,Northern,الشمالية,Unplanned,المناطق غير المخططة,245792.236067 m2
770,2025,10 October,10أكتوبر,Northern,الشمالية,Other,المناطق الأخرى,2323763.569721 m2
771,2025,10 October,10أكتوبر,Southern,الجنوبية,Residential,المناطق السكنية,16820463.533935 m2
772,2025,10 October,10أكتوبر,Southern,الجنوبية,Investment,المناطق الاستثمارية,1237036.832171 m2
773,2025,10 October,10أكتوبر,Southern,الجنوبية,Commercial,المناطق التجارية,763789.539907 m2
774,2025,10 October,10أكتوبر,Southern,الجنوبية,Agriculture,المناطق الزراعية,4030720.601864 m2
775,2025,10 October,10أكتوبر,Southern,الجنوبية,Special Project,مناطق المشاريع ذات الطبيعة الخاصة,178367508.700245 m2
776,2025,10 October,10أكتوبر,Southern,الجنوبية,Public services and facilities,مناطق الخدمات والمرافق العامة,40910345.117031 m2
777,2025,10 October,10أكتوبر,Southern,الجنوبية,Green Belt,مناطق الحزام الأخضر,0.00 m2
778,2025,10 October,10أكتوبر,Southern,الجنوبية,Industrial,المناطق الصناعية,16246453.293965 m2
779,2025,10 October,10أكتوبر,Southern,الجنوبية,Ministry of Housing,مناطق مشاريع وزارة الإسكان,5529848.737544 m2
780,2025,10 October,10أكتوبر,Southern,الجنوبية,Protection Zone,المناطق المحمية,152655054.079374 m2
781,2025,10 October,10أكتوبر,Southern,الجنوبية,Archaeology,المناطق الأثرية,405980.158639 m2
782,2025,10 October,10أكتوبر,Southern,الجنوبية,Recreation / Garden,المناطق الترفيهية والحدائق,10486291.512033 m2
783,2025,10 October,10أكتوبر,Southern,الجنوبية,Unplanned,المناطق غير المخططة,6949.016658 m2
784,2025,10 October,10أكتوبر,Southern,الجنوبية,Other,المناطق الأخرى,570384.150035 m2
785,2025,11 November,11 نوفمبر,Capital,العاصمة,Residential,المناطق السكنية,16577337.875797 m2
785,2025,12 December,12 ديسمبر,Capital,العاصمة,Residential,المناطق السكنية,16581890.739379 m2
786,2025,11 November,11 نوفمبر,Capital,العاصمة,Investment,المناطق الاستثمارية,10083065.59132 m2
786,2025,12 December,12 ديسمبر,Capital,العاصمة,Investment,المناطق الاستثمارية,10079396.436015 m2
787,2025,11 November,11 نوفمبر,Capital,العاصمة,Commercial,المناطق التجارية,1626996.906015 m2
787,2025,12 December,12 ديسمبر,Capital,العاصمة,Commercial,المناطق التجارية,1626996.740447 m2
788,2025,11 November,11 نوفمبر,Capital,العاصمة,Agriculture,المناطق الزراعية,1472025.038017 m2
788,2025,12 December,12 ديسمبر,Capital,العاصمة,Agriculture,المناطق الزراعية,1472025.038017 m2
789,2025,12 December,12 ديسمبر,Capital,العاصمة,Special Project,مناطق المشاريع ذات الطبيعة الخاصة,8974650.919278 m2
789,2025,11 November,11 نوفمبر,Capital,العاصمة,Special Project,مناطق المشاريع ذات الطبيعة الخاصة,8979059.650154 m2
790,2025,11 November,11 نوفمبر,Capital,العاصمة,Public services and facilities,مناطق الخدمات والمرافق العامة,9175261.508405 m2
790,2025,12 December,12 ديسمبر,Capital,العاصمة,Public services and facilities,مناطق الخدمات والمرافق العامة,9280025.212795 m2
791,2025,11 November,11 نوفمبر,Capital,العاصمة,Green Belt,مناطق الحزام الأخضر,591237.13758 m2
791,2025,12 December,12 ديسمبر,Capital,العاصمة,Green Belt,مناطق الحزام الأخضر,591237.13758 m2
792,2025,11 November,11 نوفمبر,Capital,العاصمة,Industrial,المناطق الصناعية,4714764.683961 m2
792,2025,12 December,12 ديسمبر,Capital,العاصمة,Industrial,المناطق الصناعية,4714753.493894 m2
793,2025,12 December,12 ديسمبر,Capital,العاصمة,Ministry of Housing,مناطق مشاريع وزارة الإسكان,2620232.111467 m2
793,2025,11 November,11 نوفمبر,Capital,العاصمة,Ministry of Housing,مناطق مشاريع وزارة الإسكان,2620232.111467 m2
794,2025,11 November,11 نوفمبر,Capital,العاصمة,Protection Zone,المناطق المحمية,13763595.272905 m2
794,2025,12 December,12 ديسمبر,Capital,العاصمة,Protection Zone,المناطق المحمية,13763595.272905 m2
795,2025,11 November,11 نوفمبر,Capital,العاصمة,Archaeology,المناطق الأثرية,587265.876435 m2
795,2025,12 December,12 ديسمبر,Capital,العاصمة,Archaeology,المناطق الأثرية,587265.876435 m2
796,2025,12 December,12 ديسمبر,Capital,العاصمة,Recreation / Garden,المناطق الترفيهية والحدائق,1750259.117219 m2
796,2025,11 November,11 نوفمبر,Capital,العاصمة,Recreation / Garden,المناطق الترفيهية والحدائق,1750834.465488 m2
797,2025,12 December,12 ديسمبر,Capital,العاصمة,Unplanned,المناطق غير المخططة,641201.208676 m2
797,2025,11 November,11 نوفمبر,Capital,العاصمة,Unplanned,المناطق غير المخططة,641201.208676 m2
798,2025,11 November,11 نوفمبر,Capital,العاصمة,Other,المناطق الأخرى,1985118.339344 m2
798,2025,12 December,12 ديسمبر,Capital,العاصمة,Other,المناطق الأخرى,1985118.338516 m2
799,2025,11 November,11 نوفمبر,Muharraq,المحرق,Residential,المناطق السكنية,9830586.660701 m2
799,2025,12 December,12 ديسمبر,Muharraq,المحرق,Residential,المناطق السكنية,9830387.007687 m2
800,2025,12 December,12 ديسمبر,Muharraq,المحرق,Investment,المناطق الاستثمارية,4296614.393683 m2
800,2025,11 November,11 نوفمبر,Muharraq,المحرق,Investment,المناطق الاستثمارية,4296614.393683 m2
801,2025,11 November,11 نوفمبر,Muharraq,المحرق,Commercial,المناطق التجارية,394302.507996 m2
801,2025,12 December,12 ديسمبر,Muharraq,المحرق,Commercial,المناطق التجارية,394302.507996 m2
802,2025,11 November,11 نوفمبر,Muharraq,المحرق,Agriculture,المناطق الزراعية,22076.782111 m2
802,2025,12 December,12 ديسمبر,Muharraq,المحرق,Agriculture,المناطق الزراعية,22076.782111 m2
803,2025,12 December,12 ديسمبر,Muharraq,المحرق,Special Project,مناطق المشاريع ذات الطبيعة الخاصة,21999810.673959 m2
803,2025,11 November,11 نوفمبر,Muharraq,المحرق,Special Project,مناطق المشاريع ذات الطبيعة الخاصة,21999810.673959 m2
804,2025,12 December,12 ديسمبر,Muharraq,المحرق,Public services and facilities,مناطق الخدمات والمرافق العامة,20027146.031306 m2
804,2025,11 November,11 نوفمبر,Muharraq,المحرق,Public services and facilities,مناطق الخدمات والمرافق العامة,19993554.320464 m2
805,2025,12 December,12 ديسمبر,Muharraq,المحرق,Green Belt,مناطق الحزام الأخضر,0.00 m2
805,2025,11 November,11 نوفمبر,Muharraq,المحرق,Green Belt,مناطق الحزام الأخضر,0.00 m2
806,2025,11 November,11 نوفمبر,Muharraq,المحرق,Industrial,المناطق الصناعية,4148977.96759 m2
806,2025,12 December,12 ديسمبر,Muharraq,المحرق,Industrial,المناطق الصناعية,4179604.150301 m2
807,2025,11 November,11 نوفمبر,Muharraq,المحرق,Ministry of Housing,مناطق مشاريع وزارة الإسكان,2591091.490496 m2
807,2025,12 December,12 ديسمبر,Muharraq,المحرق,Ministry of Housing,مناطق مشاريع وزارة الإسكان,2591091.490496 m2
808,2025,11 November,11 نوفمبر,Muharraq,المحرق,Protection Zone,المناطق المحمية,2415190.543735 m2
808,2025,12 December,12 ديسمبر,Muharraq,المحرق,Protection Zone,المناطق المحمية,2238442.782623 m2
809,2025,11 November,11 نوفمبر,Muharraq,المحرق,Archaeology,المناطق الأثرية,64390.656469 m2
809,2025,12 December,12 ديسمبر,Muharraq,المحرق,Archaeology,المناطق الأثرية,64390.656469 m2
810,2025,11 November,11 نوفمبر,Muharraq,المحرق,Recreation / Garden,المناطق الترفيهية والحدائق,2520147.811002 m2
810,2025,12 December,12 ديسمبر,Muharraq,المحرق,Recreation / Garden,المناطق الترفيهية والحدائق,2486770.978918 m2
811,2025,11 November,11 نوفمبر,Muharraq,المحرق,Unplanned,المناطق غير المخططة,17076.484881 m2
811,2025,12 December,12 ديسمبر,Muharraq,المحرق,Unplanned,المناطق غير المخططة,17076.484881 m2
812,2025,12 December,12 ديسمبر,Muharraq,المحرق,Other,المناطق الأخرى,469397.182664 m2
812,2025,11 November,11 نوفمبر,Muharraq,المحرق,Other,المناطق الأخرى,469397.182664 m2
813,2025,12 December,12 ديسمبر,Northern,الشمالية,Residential,المناطق السكنية,37314652.683257 m2
813,2025,11 November,11 نوفمبر,Northern,الشمالية,Residential,المناطق السكنية,37325730.039856 m2
814,2025,11 November,11 نوفمبر,Northern,الشمالية,Investment,المناطق الاستثمارية,4831023.85147 m2
814,2025,12 December,12 ديسمبر,Northern,الشمالية,Investment,المناطق الاستثمارية,4838931.947434 m2
815,2025,11 November,11 نوفمبر,Northern,الشمالية,Commercial,المناطق التجارية,888755.241282 m2
815,2025,12 December,12 ديسمبر,Northern,الشمالية,Commercial,المناطق التجارية,888755.241282 m2
816,2025,11 November,11 نوفمبر,Northern,الشمالية,Agriculture,المناطق الزراعية,15385167.15982 m2
816,2025,12 December,12 ديسمبر,Northern,الشمالية,Agriculture,المناطق الزراعية,15385167.15982 m2
817,2025,11 November,11 نوفمبر,Northern,الشمالية,Special Project,مناطق المشاريع ذات الطبيعة الخاصة,7383666.299563 m2
817,2025,12 December,12 ديسمبر,Northern,الشمالية,Special Project,مناطق المشاريع ذات الطبيعة الخاصة,7383666.299563 m2
818,2025,12 December,12 ديسمبر,Northern,الشمالية,Public services and facilities,مناطق الخدمات والمرافق العامة,14769943.495746 m2
818,2025,11 November,11 نوفمبر,Northern,الشمالية,Public services and facilities,مناطق الخدمات والمرافق العامة,14714515.316301 m2
819,2025,11 November,11 نوفمبر,Northern,الشمالية,Green Belt,مناطق الحزام الأخضر,0.00 m2
819,2025,12 December,12 ديسمبر,Northern,الشمالية,Green Belt,مناطق الحزام الأخضر,0.00 m2
820,2025,11 November,11 نوفمبر,Northern,الشمالية,Industrial,المناطق الصناعية,3146099.551112 m2
820,2025,12 December,12 ديسمبر,Northern,الشمالية,Industrial,المناطق الصناعية,3146099.551112 m2
821,2025,11 November,11 نوفمبر,Northern,الشمالية,Ministry of Housing,مناطق مشاريع وزارة الإسكان,9447191.77859 m2
821,2025,12 December,12 ديسمبر,Northern,الشمالية,Ministry of Housing,مناطق مشاريع وزارة الإسكان,9405284.254502 m2
822,2025,12 December,12 ديسمبر,Northern,الشمالية,Protection Zone,المناطق المحمية,62834.607719 m2
822,2025,11 November,11 نوفمبر,Northern,الشمالية,Protection Zone,المناطق المحمية,62834.607719 m2
823,2025,12 December,12 ديسمبر,Northern,الشمالية,Archaeology,المناطق الأثرية,1714148.160269 m2
823,2025,11 November,11 نوفمبر,Northern,الشمالية,Archaeology,المناطق الأثرية,1691761.899573 m2
824,2025,12 December,12 ديسمبر,Northern,الشمالية,Recreation / Garden,المناطق الترفيهية والحدائق,2889572.594283 m2
824,2025,11 November,11 نوفمبر,Northern,الشمالية,Recreation / Garden,المناطق الترفيهية والحدائق,2883641.622488 m2
825,2025,11 November,11 نوفمبر,Northern,الشمالية,Unplanned,المناطق غير المخططة,147365.227917 m2
825,2025,12 December,12 ديسمبر,Northern,الشمالية,Unplanned,المناطق غير المخططة,147488.383921 m2
826,2025,11 November,11 نوفمبر,Northern,الشمالية,Other,المناطق الأخرى,2270765.183154 m2
826,2025,12 December,12 ديسمبر,Northern,الشمالية,Other,المناطق الأخرى,2240462.148137 m2
827,2025,11 November,11 نوفمبر,Southern,الجنوبية,Residential,المناطق السكنية,17006378.902926 m2
827,2025,12 December,12 ديسمبر,Southern,الجنوبية,Residential,المناطق السكنية,17002343.051698 m2
828,2025,11 November,11 نوفمبر,Southern,الجنوبية,Investment,المناطق الاستثمارية,1230126.592112 m2
828,2025,12 December,12 ديسمبر,Southern,الجنوبية,Investment,المناطق الاستثمارية,1230257.797971 m2
829,2025,11 November,11 نوفمبر,Southern,الجنوبية,Commercial,المناطق التجارية,764334.686002 m2
829,2025,12 December,12 ديسمبر,Southern,الجنوبية,Commercial,المناطق التجارية,765350.931798 m2
830,2025,12 December,12 ديسمبر,Southern,الجنوبية,Agriculture,المناطق الزراعية,4030720.601864 m2
830,2025,11 November,11 نوفمبر,Southern,الجنوبية,Agriculture,المناطق الزراعية,4030720.601864 m2
831,2025,11 November,11 نوفمبر,Southern,الجنوبية,Special Project,مناطق المشاريع ذات الطبيعة الخاصة,177767006.438765 m2
831,2025,12 December,12 ديسمبر,Southern,الجنوبية,Special Project,مناطق المشاريع ذات الطبيعة الخاصة,177753754.091185 m2
832,2025,12 December,12 ديسمبر,Southern,الجنوبية,Public services and facilities,مناطق الخدمات والمرافق العامة,43124529.934234 m2
832,2025,11 November,11 نوفمبر,Southern,الجنوبية,Public services and facilities,مناطق الخدمات والمرافق العامة,43186517.977621 m2
833,2025,11 November,11 نوفمبر,Southern,الجنوبية,Green Belt,مناطق الحزام الأخضر,0.00 m2
833,2025,12 December,12 ديسمبر,Southern,الجنوبية,Green Belt,مناطق الحزام الأخضر,0.00 m2
834,2025,11 November,11 نوفمبر,Southern,الجنوبية,Industrial,المناطق الصناعية,16246413.466551 m2
834,2025,12 December,12 ديسمبر,Southern,الجنوبية,Industrial,المناطق الصناعية,16245856.771678 m2
835,2025,11 November,11 نوفمبر,Southern,الجنوبية,Ministry of Housing,مناطق مشاريع وزارة الإسكان,5529842.458533 m2
835,2025,12 December,12 ديسمبر,Southern,الجنوبية,Ministry of Housing,مناطق مشاريع وزارة الإسكان,5529728.720232 m2
836,2025,12 December,12 ديسمبر,Southern,الجنوبية,Protection Zone,المناطق المحمية,154689994.374216 m2
836,2025,11 November,11 نوفمبر,Southern,الجنوبية,Protection Zone,المناطق المحمية,152654895.79996 m2
837,2025,12 December,12 ديسمبر,Southern,الجنوبية,Archaeology,المناطق الأثرية,405980.158639 m2
837,2025,11 November,11 نوفمبر,Southern,الجنوبية,Archaeology,المناطق الأثرية,405980.158639 m2
838,2025,12 December,12 ديسمبر,Southern,الجنوبية,Recreation / Garden,المناطق الترفيهية والحدائق,10610497.24299 m2
838,2025,11 November,11 نوفمبر,Southern,الجنوبية,Recreation / Garden,المناطق الترفيهية والحدائق,10610893.120551 m2
839,2025,11 November,11 نوفمبر,Southern,الجنوبية,Unplanned,المناطق غير المخططة,6949.016658 m2
839,2025,12 December,12 ديسمبر,Southern,الجنوبية,Unplanned,المناطق غير المخططة,6949.016658 m2
840,2025,11 November,11 نوفمبر,Southern,الجنوبية,Other,المناطق الأخرى,570384.150035 m2
840,2025,12 December,12 ديسمبر,Southern,الجنوبية,Other,المناطق الأخرى,570384.150035 m2
841,2026,02 February,02 فبراير,Capital,العاصمة,Residential,المناطق السكنية,16599664.979428 m2
841,2026,01 January,01 يناير,Capital,العاصمة,Residential,المناطق السكنية,16599778.448759 m2
842,2026,01 January,01 يناير,Capital,العاصمة,Investment,المناطق الاستثمارية,10080909.070472 m2
842,2026,02 February,02 فبراير,Capital,العاصمة,Investment,المناطق الاستثمارية,10074329.796599 m2
843,2026,01 January,01 يناير,Capital,العاصمة,Commercial,المناطق التجارية,1626996.740447 m2
843,2026,02 February,02 فبراير,Capital,العاصمة,Commercial,المناطق التجارية,1630337.86228 m2
844,2026,02 February,02 فبراير,Capital,العاصمة,Agriculture,المناطق الزراعية,1472025.038017 m2
844,2026,01 January,01 يناير,Capital,العاصمة,Agriculture,المناطق الزراعية,1472025.038017 m2
845,2026,02 February,02 فبراير,Capital,العاصمة,Special Project,مناطق المشاريع ذات الطبيعة الخاصة,8962189.613914 m2
845,2026,01 January,01 يناير,Capital,العاصمة,Special Project,مناطق المشاريع ذات الطبيعة الخاصة,8956513.395241 m2
846,2026,01 January,01 يناير,Capital,العاصمة,Public services and facilities,مناطق الخدمات والمرافق العامة,9290439.093191 m2
846,2026,02 February,02 فبراير,Capital,العاصمة,Public services and facilities,مناطق الخدمات والمرافق العامة,9288125.641861 m2
847,2026,01 January,01 يناير,Capital,العاصمة,Green Belt,مناطق الحزام الأخضر,591237.13758 m2
847,2026,02 February,02 فبراير,Capital,العاصمة,Green Belt,مناطق الحزام الأخضر,591237.13758 m2
848,2026,01 January,01 يناير,Capital,العاصمة,Industrial,المناطق الصناعية,4714851.482989 m2
848,2026,02 February,02 فبراير,Capital,العاصمة,Industrial,المناطق الصناعية,4714851.419145 m2
849,2026,01 January,01 يناير,Capital,العاصمة,Ministry of Housing,مناطق مشاريع وزارة الإسكان,2620232.111467 m2
849,2026,02 February,02 فبراير,Capital,العاصمة,Ministry of Housing,مناطق مشاريع وزارة الإسكان,2621102.004361 m2
850,2026,01 January,01 يناير,Capital,العاصمة,Protection Zone,المناطق المحمية,13763595.272905 m2
850,2026,02 February,02 فبراير,Capital,العاصمة,Protection Zone,المناطق المحمية,13763595.272905 m2
851,2026,01 January,01 يناير,Capital,العاصمة,Archaeology,المناطق الأثرية,587265.876435 m2
851,2026,02 February,02 فبراير,Capital,العاصمة,Archaeology,المناطق الأثرية,587265.876435 m2
852,2026,01 January,01 يناير,Capital,العاصمة,Recreation / Garden,المناطق الترفيهية والحدائق,1765677.061818 m2
852,2026,02 February,02 فبراير,Capital,العاصمة,Recreation / Garden,المناطق الترفيهية والحدائق,1765677.061818 m2
853,2026,01 January,01 يناير,Capital,العاصمة,Unplanned,المناطق غير المخططة,641201.208676 m2
853,2026,02 February,02 فبراير,Capital,العاصمة,Unplanned,المناطق غير المخططة,641201.208676 m2
854,2026,01 January,01 يناير,Capital,العاصمة,Other,المناطق الأخرى,1985118.112756 m2
854,2026,02 February,02 فبراير,Capital,العاصمة,Other,المناطق الأخرى,1985118.112756 m2
855,2026,01 January,01 يناير,Muharraq,المحرق,Residential,المناطق السكنية,9830395.961763 m2
855,2026,02 February,02 فبراير,Muharraq,المحرق,Residential,المناطق السكنية,9831044.50574 m2
856,2026,01 January,01 يناير,Muharraq,المحرق,Investment,المناطق الاستثمارية,4296614.393683 m2
856,2026,02 February,02 فبراير,Muharraq,المحرق,Investment,المناطق الاستثمارية,4296614.393683 m2
857,2026,01 January,01 يناير,Muharraq,المحرق,Commercial,المناطق التجارية,394302.507996 m2
857,2026,02 February,02 فبراير,Muharraq,المحرق,Commercial,المناطق التجارية,394302.507996 m2
858,2026,01 January,01 يناير,Muharraq,المحرق,Agriculture,المناطق الزراعية,22076.782111 m2
858,2026,02 February,02 فبراير,Muharraq,المحرق,Agriculture,المناطق الزراعية,22076.782111 m2
859,2026,01 January,01 يناير,Muharraq,المحرق,Special Project,مناطق المشاريع ذات الطبيعة الخاصة,21987596.530381 m2
859,2026,02 February,02 فبراير,Muharraq,المحرق,Special Project,مناطق المشاريع ذات الطبيعة الخاصة,21987596.530381 m2
860,2026,01 January,01 يناير,Muharraq,المحرق,Public services and facilities,مناطق الخدمات والمرافق العامة,20045654.208396 m2
860,2026,02 February,02 فبراير,Muharraq,المحرق,Public services and facilities,مناطق الخدمات والمرافق العامة,20045654.208396 m2
861,2026,01 January,01 يناير,Muharraq,المحرق,Green Belt,مناطق الحزام الأخضر,0.00 m2
861,2026,02 February,02 فبراير,Muharraq,المحرق,Green Belt,مناطق الحزام الأخضر,0.00 m2
862,2026,01 January,01 يناير,Muharraq,المحرق,Industrial,المناطق الصناعية,4148977.96759 m2
862,2026,02 February,02 فبراير,Muharraq,المحرق,Industrial,المناطق الصناعية,4148977.96759 m2
863,2026,01 January,01 يناير,Muharraq,المحرق,Ministry of Housing,مناطق مشاريع وزارة الإسكان,2591091.490496 m2
863,2026,02 February,02 فبراير,Muharraq,المحرق,Ministry of Housing,مناطق مشاريع وزارة الإسكان,2591091.490496 m2
864,2026,02 February,02 فبراير,Muharraq,المحرق,Protection Zone,المناطق المحمية,2238442.782623 m2
864,2026,01 January,01 يناير,Muharraq,المحرق,Protection Zone,المناطق المحمية,2238442.782623 m2
865,2026,01 January,01 يناير,Muharraq,المحرق,Archaeology,المناطق الأثرية,64390.656469 m2
865,2026,02 February,02 فبراير,Muharraq,المحرق,Archaeology,المناطق الأثرية,64390.656469 m2
866,2026,01 January,01 يناير,Muharraq,المحرق,Recreation / Garden,المناطق الترفيهية والحدائق,2486770.978918 m2
866,2026,02 February,02 فبراير,Muharraq,المحرق,Recreation / Garden,المناطق الترفيهية والحدائق,2486770.978918 m2
867,2026,02 February,02 فبراير,Muharraq,المحرق,Unplanned,المناطق غير المخططة,17076.484881 m2
867,2026,01 January,01 يناير,Muharraq,المحرق,Unplanned,المناطق غير المخططة,17076.484881 m2
868,2026,02 February,02 فبراير,Muharraq,المحرق,Other,المناطق الأخرى,469397.182664 m2
868,2026,01 January,01 يناير,Muharraq,المحرق,Other,المناطق الأخرى,469397.182664 m2
869,2026,02 February,02 فبراير,Northern,الشمالية,Residential,المناطق السكنية,37314618.324863 m2
869,2026,01 January,01 يناير,Northern,الشمالية,Residential,المناطق السكنية,37312505.651197 m2
870,2026,01 January,01 يناير,Northern,الشمالية,Investment,المناطق الاستثمارية,4831091.479818 m2
870,2026,02 February,02 فبراير,Northern,الشمالية,Investment,المناطق الاستثمارية,4831883.198354 m2
871,2026,01 January,01 يناير,Northern,الشمالية,Commercial,المناطق التجارية,888755.241282 m2
871,2026,02 February,02 فبراير,Northern,الشمالية,Commercial,المناطق التجارية,888755.241282 m2
872,2026,02 February,02 فبراير,Northern,الشمالية,Agriculture,المناطق الزراعية,15366619.190052 m2
872,2026,01 January,01 يناير,Northern,الشمالية,Agriculture,المناطق الزراعية,15362887.640451 m2
873,2026,01 January,01 يناير,Northern,الشمالية,Special Project,مناطق المشاريع ذات الطبيعة الخاصة,7391003.342223 m2
873,2026,02 February,02 فبراير,Northern,الشمالية,Special Project,مناطق المشاريع ذات الطبيعة الخاصة,7402931.214209 m2
874,2026,01 January,01 يناير,Northern,الشمالية,Public services and facilities,مناطق الخدمات والمرافق العامة,14772826.613309 m2
874,2026,02 February,02 فبراير,Northern,الشمالية,Public services and facilities,مناطق الخدمات والمرافق العامة,14763784.527151 m2
875,2026,01 January,01 يناير,Northern,الشمالية,Green Belt,مناطق الحزام الأخضر,0.00 m2
875,2026,02 February,02 فبراير,Northern,الشمالية,Green Belt,مناطق الحزام الأخضر,0.00 m2
876,2026,01 January,01 يناير,Northern,الشمالية,Industrial,المناطق الصناعية,3145789.882169 m2
876,2026,02 February,02 فبراير,Northern,الشمالية,Industrial,المناطق الصناعية,3145791.709475 m2
877,2026,01 January,01 يناير,Northern,الشمالية,Ministry of Housing,مناطق مشاريع وزارة الإسكان,9408056.044137 m2
877,2026,02 February,02 فبراير,Northern,الشمالية,Ministry of Housing,مناطق مشاريع وزارة الإسكان,9408357.671517 m2
878,2026,02 February,02 فبراير,Northern,الشمالية,Protection Zone,المناطق المحمية,62834.607719 m2
878,2026,01 January,01 يناير,Northern,الشمالية,Protection Zone,المناطق المحمية,62834.607719 m2
879,2026,01 January,01 يناير,Northern,الشمالية,Archaeology,المناطق الأثرية,1714148.160269 m2
879,2026,02 February,02 فبراير,Northern,الشمالية,Archaeology,المناطق الأثرية,1714148.160269 m2
880,2026,01 January,01 يناير,Northern,الشمالية,Recreation / Garden,المناطق الترفيهية والحدائق,2892100.2312 m2
880,2026,02 February,02 فبراير,Northern,الشمالية,Recreation / Garden,المناطق الترفيهية والحدائق,2892100.2312 m2
881,2026,01 January,01 يناير,Northern,الشمالية,Unplanned,المناطق غير المخططة,134190.184904 m2
881,2026,02 February,02 فبراير,Northern,الشمالية,Unplanned,المناطق غير المخططة,130950.341266 m2
882,2026,02 February,02 فبراير,Northern,الشمالية,Other,المناطق الأخرى,2251262.80093 m2
882,2026,01 January,01 يناير,Northern,الشمالية,Other,المناطق الأخرى,2251262.80093 m2
883,2026,01 January,01 يناير,Southern,الجنوبية,Residential,المناطق السكنية,16997128.056602 m2
883,2026,02 February,02 فبراير,Southern,الجنوبية,Residential,المناطق السكنية,16990803.048766 m2
884,2026,02 February,02 فبراير,Southern,الجنوبية,Investment,المناطق الاستثمارية,1256440.192306 m2
884,2026,01 January,01 يناير,Southern,الجنوبية,Investment,المناطق الاستثمارية,1256440.192306 m2
885,2026,01 January,01 يناير,Southern,الجنوبية,Commercial,المناطق التجارية,765350.931798 m2
885,2026,02 February,02 فبراير,Southern,الجنوبية,Commercial,المناطق التجارية,765350.931798 m2
886,2026,01 January,01 يناير,Southern,الجنوبية,Agriculture,المناطق الزراعية,4341697.427415 m2
886,2026,02 February,02 فبراير,Southern,الجنوبية,Agriculture,المناطق الزراعية,4341697.427415 m2
887,2026,01 January,01 يناير,Southern,الجنوبية,Special Project,مناطق المشاريع ذات الطبيعة الخاصة,177753718.172531 m2
887,2026,02 February,02 فبراير,Southern,الجنوبية,Special Project,مناطق المشاريع ذات الطبيعة الخاصة,179379447.429395 m2
888,2026,02 February,02 فبراير,Southern,الجنوبية,Public services and facilities,مناطق الخدمات والمرافق العامة,43260593.399858 m2
888,2026,01 January,01 يناير,Southern,الجنوبية,Public services and facilities,مناطق الخدمات والمرافق العامة,43114375.568906 m2
889,2026,01 January,01 يناير,Southern,الجنوبية,Green Belt,مناطق الحزام الأخضر,0.00 m2
889,2026,02 February,02 فبراير,Southern,الجنوبية,Green Belt,مناطق الحزام الأخضر,0.00 m2
890,2026,02 February,02 فبراير,Southern,الجنوبية,Industrial,المناطق الصناعية,16245856.771678 m2
890,2026,01 January,01 يناير,Southern,الجنوبية,Industrial,المناطق الصناعية,16245856.771678 m2
891,2026,01 January,01 يناير,Southern,الجنوبية,Ministry of Housing,مناطق مشاريع وزارة الإسكان,5526509.818553 m2
891,2026,02 February,02 فبراير,Southern,الجنوبية,Ministry of Housing,مناطق مشاريع وزارة الإسكان,5522888.499895 m2
892,2026,01 January,01 يناير,Southern,الجنوبية,Protection Zone,المناطق المحمية,154691984.922984 m2
892,2026,02 February,02 فبراير,Southern,الجنوبية,Protection Zone,المناطق المحمية,154706184.236225 m2
893,2026,02 February,02 فبراير,Southern,الجنوبية,Archaeology,المناطق الأثرية,405980.158639 m2
893,2026,01 January,01 يناير,Southern,الجنوبية,Archaeology,المناطق الأثرية,405980.158639 m2
894,2026,02 February,02 فبراير,Southern,الجنوبية,Recreation / Garden,المناطق الترفيهية والحدائق,3764137.749442 m2
894,2026,01 January,01 يناير,Southern,الجنوبية,Recreation / Garden,المناطق الترفيهية والحدائق,10610497.123794 m2
895,2026,01 January,01 يناير,Southern,الجنوبية,Unplanned,المناطق غير المخططة,6949.016658 m2
895,2026,02 February,02 فبراير,Southern,الجنوبية,Unplanned,المناطق غير المخططة,6944.670183 m2
896,2026,01 January,01 يناير,Southern,الجنوبية,Other,المناطق الأخرى,570384.149912 m2
896,2026,02 February,02 فبراير,Southern,الجنوبية,Other,المناطق الأخرى,570384.149912 m2
