n,name,l_sm,type,ltsnyf,subtype,ltsnyf_lfr_y,block,governorate,lmhfzt,x_longitude,y_latitude,location
1.0,AL KHALAF JEWELLERY,مجوهرات الخلف,SHOPPING,تسوق,JEWELERS,مجوهرات,301.0,CAPITAL,العاصمة,50.57763867,26.23079692,"26.23079692, 50.57763867"
2.0,AL MAJD PHARMACY,صيدلية المجد,HEALTH SERVICES,خدمات صحية,PHARMACIES,صيدليات,301.0,CAPITAL,العاصمة,50.57869466,26.22812261,"26.22812261, 50.57869466"
3.0,AL RIFFA JEWELLERS,مجوهرات الرفاع,SHOPPING,تسوق,JEWELERS,مجوهرات,301.0,CAPITAL,العاصمة,50.57801294,26.23084256,"26.23084256, 50.57801294"
4.0,AL SALAM JEWELLERS,مجوهرات السلام,SHOPPING,تسوق,JEWELERS,مجوهرات,301.0,CAPITAL,العاصمة,50.57730315,26.23056343,"26.23056343, 50.57730315"
5.0,AL TASAHUL JEWELLERS,مجوهرات التساهل,SHOPPING,تسوق,JEWELERS,مجوهرات,301.0,CAPITAL,العاصمة,50.57832336,26.23090579,"26.23090579, 50.57832336"
6.0,AL YOUSIF JEWELLERS,مجوهرات اليوسف,SHOPPING,تسوق,JEWELERS,مجوهرات,301.0,CAPITAL,العاصمة,50.57834036,26.23090704,"26.23090704, 50.57834036"
7.0,ALDOSERI PHARMACY,صيدلية الدوسري,HEALTH SERVICES,خدمات صحية,PHARMACIES,صيدليات,301.0,CAPITAL,العاصمة,50.58150312,26.23039099,"26.23039099, 50.58150312"
8.0,HASHIM PHARMACY,صيدلية هاشم,HEALTH SERVICES,خدمات صحية,PHARMACIES,صيدليات,301.0,CAPITAL,العاصمة,50.57990089,26.22727734,"26.22727734, 50.57990089"
9.0,JEHAN JEWELERS,مجوهرات جيهان,SHOPPING,تسوق,JEWELERS,مجوهرات,301.0,CAPITAL,العاصمة,50.57729347,26.23059246,"26.23059246, 50.57729347"
10.0,MAHDI AL MUDAIFA JEWELLERY,مجوهرات مهدي المديفع,SHOPPING,تسوق,JEWELERS,مجوهرات,301.0,CAPITAL,العاصمة,50.57755933,26.23076254,"26.23076254, 50.57755933"
11.0,MALIK JEWELLERS,مجوهرات ملك,SHOPPING,تسوق,JEWELERS,مجوهرات,301.0,CAPITAL,العاصمة,50.57752712,26.2307876,"26.2307876, 50.57752712"
12.0,PARIS JEWELLERY,مجوهرات باريس,SHOPPING,تسوق,JEWELERS,مجوهرات,301.0,CAPITAL,العاصمة,50.57726964,26.23072302,"26.23072302, 50.57726964"
13.0,RAMESH JEWELLERY,مجوهرات رامش,SHOPPING,تسوق,JEWELERS,مجوهرات,301.0,CAPITAL,العاصمة,50.57843617,26.23091405,"26.23091405, 50.57843617"
14.0,89 JEWELLERY,مجوهرات 89,SHOPPING,تسوق,JEWELERS,مجوهرات,304.0,CAPITAL,العاصمة,50.57769396,26.23155049,"26.23155049, 50.57769396"
15.0,ABDULRAHMAN ALKOOHEJI DIAMOND,عبدالرحمن الكوهجي للألماس,SHOPPING,تسوق,JEWELERS,مجوهرات,304.0,CAPITAL,العاصمة,50.57791593,26.23100444,"26.23100444, 50.57791593"
16.0,ABU HINDI JEWELLERS,مجوهرات أبو هندي,SHOPPING,تسوق,JEWELERS,مجوهرات,304.0,CAPITAL,العاصمة,50.57733688,26.23185521,"26.23185521, 50.57733688"
17.0,ACCESS JEWELLERY,اكسس للمجوهرات,SHOPPING,تسوق,JEWELERS,مجوهرات,304.0,CAPITAL,العاصمة,50.57330594,26.2321184,"26.2321184, 50.57330594"
18.0,ADNAN JEWELLERY,مجوهرات عدنان,SHOPPING,تسوق,JEWELERS,مجوهرات,304.0,CAPITAL,العاصمة,50.57753046,26.23145119,"26.23145119, 50.57753046"
19.0,AJEERA JEWELLERY,مجوهرات عجيره,SHOPPING,تسوق,JEWELERS,مجوهرات,304.0,CAPITAL,العاصمة,50.57768164,26.23152786,"26.23152786, 50.57768164"
20.0,AJMAK JEWELLERY,مجوهرات اجماك,SHOPPING,تسوق,JEWELERS,مجوهرات,304.0,CAPITAL,العاصمة,50.57330594,26.2321184,"26.2321184, 50.57330594"
21.0,AKRAM JEWELLERY,مجوهرات أكرم,SHOPPING,تسوق,JEWELERS,مجوهرات,304.0,CAPITAL,العاصمة,50.57913874,26.23122909,"26.23122909, 50.57913874"
22.0,AL ADHA SILVERS,الأضحى للفضيات,SHOPPING,تسوق,JEWELERS,مجوهرات,304.0,CAPITAL,العاصمة,50.5775773,26.23096508,"26.23096508, 50.5775773"
23.0,AL ANDALUS JEWELLERY,مجوهرات الأندلس,SHOPPING,تسوق,JEWELERS,مجوهرات,304.0,CAPITAL,العاصمة,50.57533696,26.23043614,"26.23043614, 50.57533696"
24.0,AL AUBAYD PERFUMES & JEWELLERY,العبيد للعطورات والمجوهرات,SHOPPING,تسوق,JEWELERS,مجوهرات,304.0,CAPITAL,العاصمة,50.57332039,26.2321286,"26.2321286, 50.57332039"
25.0,AL DAHAB ART,فن الذهب,SHOPPING,تسوق,JEWELERS,مجوهرات,304.0,CAPITAL,العاصمة,50.57330594,26.2321184,"26.2321184, 50.57330594"
26.0,AL FADHEL JEWELLERS,مجوهرات الفاضل,SHOPPING,تسوق,JEWELERS,مجوهرات,304.0,CAPITAL,العاصمة,50.57755094,26.23096088,"26.23096088, 50.57755094"
27.0,AL FAJER JEWELLERY,مجوهرات الفجر,SHOPPING,تسوق,JEWELERS,مجوهرات,304.0,CAPITAL,العاصمة,50.57943181,26.23130572,"26.23130572, 50.57943181"
28.0,AL FAYROOZ JEWELLERY,مجوهرات الفيروز,SHOPPING,تسوق,JEWELERS,مجوهرات,304.0,CAPITAL,العاصمة,50.5775558,26.23145339,"26.23145339, 50.5775558"
29.0,AL HIDAYA JEWELLERY,مجوهرات الهدية,SHOPPING,تسوق,JEWELERS,مجوهرات,304.0,CAPITAL,العاصمة,50.57708854,26.2310445,"26.2310445, 50.57708854"
30.0,AL HOORI JEWELLERY,مجوهرات الهوري,SHOPPING,تسوق,JEWELERS,مجوهرات,304.0,CAPITAL,العاصمة,50.57730552,26.23128532,"26.23128532, 50.57730552"
31.0,AL JALABI JEWELLERS CENTER,مركز الجلبي للمجوهرات,SHOPPING,تسوق,JEWELERS,مجوهرات,304.0,CAPITAL,العاصمة,50.57755094,26.23096088,"26.23096088, 50.57755094"
32.0,AL JASRAH JEWELLERS,مجوهرات الجسرة,SHOPPING,تسوق,JEWELERS,مجوهرات,304.0,CAPITAL,العاصمة,50.5775773,26.23096508,"26.23096508, 50.5775773"
33.0,AL JAZEERAH JEWELLERS,مجوهرات الجزيرة,SHOPPING,تسوق,JEWELERS,مجوهرات,304.0,CAPITAL,العاصمة,50.57854924,26.2314056,"26.2314056, 50.57854924"
34.0,AL JISHI PHARMACY,صيدلية الجشي,HEALTH SERVICES,خدمات صحية,PHARMACIES,صيدليات,304.0,CAPITAL,العاصمة,50.57674551,26.23356316,"26.23356316, 50.57674551"
35.0,AL JOUZI JEWELLERS,مجوهرات الجوزي,SHOPPING,تسوق,JEWELERS,مجوهرات,304.0,CAPITAL,العاصمة,50.57756523,26.23096335,"26.23096335, 50.57756523"
36.0,AL KHALEEJIYAH JEWELLERY,مجوهرات الخليجية,SHOPPING,تسوق,JEWELERS,مجوهرات,304.0,CAPITAL,العاصمة,50.57682666,26.23229965,"26.23229965, 50.57682666"
37.0,AL KHASHRAM JEWELLERY,مجوهرات الخشرم,SHOPPING,تسوق,JEWELERS,مجوهرات,304.0,CAPITAL,العاصمة,50.57900811,26.23161772,"26.23161772, 50.57900811"
38.0,AL KHULOOD JEWELLERS,مجوهرات الخلود,SHOPPING,تسوق,JEWELERS,مجوهرات,304.0,CAPITAL,العاصمة,50.57846845,26.23106532,"26.23106532, 50.57846845"
39.0,AL MASKATI PHARMACY,صيدلية المسقطي,HEALTH SERVICES,خدمات صحية,PHARMACIES,صيدليات,304.0,CAPITAL,العاصمة,50.57522009,26.23091456,"26.23091456, 50.57522009"
40.0,AL MASKATI PHARMACY,صيدلية المسقطي,HEALTH SERVICES,خدمات صحية,PHARMACIES,صيدليات,304.0,CAPITAL,العاصمة,50.57447501,26.23119493,"26.23119493, 50.57447501"
41.0,AL MATROOK JEWELLERS,مجوهرات المتروك,SHOPPING,تسوق,JEWELERS,مجوهرات,304.0,CAPITAL,العاصمة,50.57756523,26.23096335,"26.23096335, 50.57756523"
42.0,AL MEEZAN JEWELLERS,مجوهرات الميزان,SHOPPING,تسوق,JEWELERS,مجوهرات,304.0,CAPITAL,العاصمة,50.57756523,26.23096335,"26.23096335, 50.57756523"
43.0,AL MOA'LEM JEWELLERS,مجوهرات المعلم,SHOPPING,تسوق,JEWELERS,مجوهرات,304.0,CAPITAL,العاصمة,50.57330594,26.2321184,"26.2321184, 50.57330594"
44.0,AL MOATAZ JEWELLERS,مجوهرات المعتز,SHOPPING,تسوق,JEWELERS,مجوهرات,304.0,CAPITAL,العاصمة,50.57987213,26.23248183,"26.23248183, 50.57987213"
45.0,AL MUKHTAR JEWELLERY,مجوهرات المختار,SHOPPING,تسوق,JEWELERS,مجوهرات,304.0,CAPITAL,العاصمة,50.57840464,26.23142139,"26.23142139, 50.57840464"
46.0,AL NASSAR JEWELLERY,مجوهرات النصار,SHOPPING,تسوق,JEWELERS,مجوهرات,304.0,CAPITAL,العاصمة,50.57330594,26.2321184,"26.2321184, 50.57330594"
47.0,AL RIDHA JEWELLERS,مجوهرات الرضا,SHOPPING,تسوق,JEWELERS,مجوهرات,304.0,CAPITAL,العاصمة,50.57756523,26.23096335,"26.23096335, 50.57756523"
48.0,AL SAAD JEWELLERY,مجوهرات السعد,SHOPPING,تسوق,JEWELERS,مجوهرات,304.0,CAPITAL,العاصمة,50.57755094,26.23096088,"26.23096088, 50.57755094"
49.0,AL SARRAJ GEMS & SILVER CENTER,مركز السراج للفضيات والاحجار الكريمة,SHOPPING,تسوق,JEWELERS,مجوهرات,304.0,CAPITAL,العاصمة,50.57756523,26.23096335,"26.23096335, 50.57756523"
50.0,AL SARRAJ JEWELLERY,مجوهرات السراج,SHOPPING,تسوق,JEWELERS,مجوهرات,304.0,CAPITAL,العاصمة,50.57755094,26.23096088,"26.23096088, 50.57755094"
51.0,AL SARRAJ JEWELLERY,مجوهرات السراج,SHOPPING,تسوق,JEWELERS,مجوهرات,304.0,CAPITAL,العاصمة,50.57624746,26.23252815,"26.23252815, 50.57624746"
52.0,AL SEEF JEWELLERY,مجوهرات السيف,SHOPPING,تسوق,JEWELERS,مجوهرات,304.0,CAPITAL,العاصمة,50.57719014,26.23154552,"26.23154552, 50.57719014"
53.0,AL SHALAA SILVER MUSEUM,متحف الشالا للفضة,SHOPPING,تسوق,JEWELERS,مجوهرات,304.0,CAPITAL,العاصمة,50.57755094,26.23096088,"26.23096088, 50.57755094"
54.0,AL SHARIF JEWELLERY,مجوهرات الشريف,SHOPPING,تسوق,JEWELERS,مجوهرات,304.0,CAPITAL,العاصمة,50.57808906,26.23163139,"26.23163139, 50.57808906"
55.0,AL SHEHAB JEWELLERS,مجوهرات الشهاب,SHOPPING,تسوق,JEWELERS,مجوهرات,304.0,CAPITAL,العاصمة,50.57801899,26.23101418,"26.23101418, 50.57801899"
56.0,AL SUROOR JEWELLERS,مجوهرات السرور,SHOPPING,تسوق,JEWELERS,مجوهرات,304.0,CAPITAL,العاصمة,50.57937685,26.23128863,"26.23128863, 50.57937685"
57.0,AL SUWAIS JEWELLERY,مجوهرات السويس,SHOPPING,تسوق,JEWELERS,مجوهرات,304.0,CAPITAL,العاصمة,50.57755094,26.23096088,"26.23096088, 50.57755094"
58.0,AL TASAHUL JEWELLERS,مجوهرات التساهل,SHOPPING,تسوق,JEWELERS,مجوهرات,304.0,CAPITAL,العاصمة,50.57330594,26.2321184,"26.2321184, 50.57330594"
59.0,AL TASAHUL JEWELLERS,مجوهرات التساهل,SHOPPING,تسوق,JEWELERS,مجوهرات,304.0,CAPITAL,العاصمة,50.57756523,26.23096335,"26.23096335, 50.57756523"
60.0,AL TAWFIQ JEWELLERS,مجوهرات التوفيق,SHOPPING,تسوق,JEWELERS,مجوهرات,304.0,CAPITAL,العاصمة,50.57719014,26.23154552,"26.23154552, 50.57719014"
61.0,AL THEQAH JEWELLERS,مجوهرات الثقة,SHOPPING,تسوق,JEWELERS,مجوهرات,304.0,CAPITAL,العاصمة,50.5732936,26.23210941,"26.23210941, 50.5732936"
62.0,AL TOOLEH JEWELLERY,مجوهرات التولة,SHOPPING,تسوق,JEWELERS,مجوهرات,304.0,CAPITAL,العاصمة,50.57868985,26.23105965,"26.23105965, 50.57868985"
63.0,AL WAQAS JEWELLERS,مجوهرات الوقاص,SHOPPING,تسوق,JEWELERS,مجوهرات,304.0,CAPITAL,العاصمة,50.5732936,26.23210941,"26.23210941, 50.5732936"
64.0,AL WASIMA JEWELLERY,مجوهرات الوسيمة,SHOPPING,تسوق,JEWELERS,مجوهرات,304.0,CAPITAL,العاصمة,50.57792172,26.23159566,"26.23159566, 50.57792172"
65.0,AL WATAN JEWELLERS,مجوهرات الوطن,SHOPPING,تسوق,JEWELERS,مجوهرات,304.0,CAPITAL,العاصمة,50.57730915,26.23115659,"26.23115659, 50.57730915"
66.0,AL ZABEEL JEWELLERS,مجوهرات الزعبيل,SHOPPING,تسوق,JEWELERS,مجوهرات,304.0,CAPITAL,العاصمة,50.57330594,26.2321184,"26.2321184, 50.57330594"
67.0,AL ZUHOUR SILVER,الزهور للفضة,SHOPPING,تسوق,JEWELERS,مجوهرات,304.0,CAPITAL,العاصمة,50.57749294,26.23141681,"26.23141681, 50.57749294"
68.0,ALAAIAN GEMS DIAMONDS & JEWELLERS,مجوهرات العيان للألماس والأحجار الكريمة,SHOPPING,تسوق,JEWELERS,مجوهرات,304.0,CAPITAL,العاصمة,50.57332039,26.2321286,"26.2321286, 50.57332039"
69.0,ALAQSA JEWELLERY,مجوهرات الأقصى,SHOPPING,تسوق,JEWELERS,مجوهرات,304.0,CAPITAL,العاصمة,50.57330594,26.2321184,"26.2321184, 50.57330594"
70.0,ALI SILVER CENTER,مركز علي للفضة,SHOPPING,تسوق,JEWELERS,مجوهرات,304.0,CAPITAL,العاصمة,50.57755094,26.23096088,"26.23096088, 50.57755094"
71.0,ALYAFFEAI JEWELLERS,مجوهرات اليافعي,SHOPPING,تسوق,JEWELERS,مجوهرات,304.0,CAPITAL,العاصمة,50.5732936,26.23210941,"26.23210941, 50.5732936"
72.0,AMAROO JEWELLERY,مجوهرات أمارو,SHOPPING,تسوق,JEWELERS,مجوهرات,304.0,CAPITAL,العاصمة,50.5732936,26.23210941,"26.23210941, 50.5732936"
73.0,AMINI JEWELLERS,مجوهرات أميني,SHOPPING,تسوق,JEWELERS,مجوهرات,304.0,CAPITAL,العاصمة,50.57724317,26.2313632,"26.2313632, 50.57724317"
74.0,AMMAN JEWELLERS,مجوهرات عمان,SHOPPING,تسوق,JEWELERS,مجوهرات,304.0,CAPITAL,العاصمة,50.57749198,26.23139559,"26.23139559, 50.57749198"
75.0,ANAN JEWELLERS,مجوهرات عنان,SHOPPING,تسوق,JEWELERS,مجوهرات,304.0,CAPITAL,العاصمة,50.5732936,26.23210941,"26.23210941, 50.5732936"
76.0,ANSON JEWELLERS,مجوهرات انسون,SHOPPING,تسوق,JEWELERS,مجوهرات,304.0,CAPITAL,العاصمة,50.57330594,26.2321184,"26.2321184, 50.57330594"
77.0,APSARA JEWELLERS,مجوهرات ابسرا,SHOPPING,تسوق,JEWELERS,مجوهرات,304.0,CAPITAL,العاصمة,50.57770081,26.23162515,"26.23162515, 50.57770081"
78.0,APSARA JEWELLERY,مجوهرات ابسرا,SHOPPING,تسوق,JEWELERS,مجوهرات,304.0,CAPITAL,العاصمة,50.5762858,26.23254737,"26.23254737, 50.5762858"
79.0,ARABIAN JEWELLERY CENTER,مركز العربية للمجوهرات,SHOPPING,تسوق,JEWELERS,مجوهرات,304.0,CAPITAL,العاصمة,50.57335429,26.23217516,"26.23217516, 50.57335429"
80.0,ARAFAH JEWELLERY,مجوهرات عرفة,SHOPPING,تسوق,JEWELERS,مجوهرات,304.0,CAPITAL,العاصمة,50.57330594,26.2321184,"26.2321184, 50.57330594"
81.0,ARIHANT JEWELLERS,مجوهرات اريهانت,SHOPPING,تسوق,JEWELERS,مجوهرات,304.0,CAPITAL,العاصمة,50.57330594,26.2321184,"26.2321184, 50.57330594"
82.0,ATLANTA JEWELLERS,مجوهرات اطلنطا,SHOPPING,تسوق,JEWELERS,مجوهرات,304.0,CAPITAL,العاصمة,50.57330594,26.2321184,"26.2321184, 50.57330594"
83.0,ATLAS JEWELLERY,مجوهرات أطلس,SHOPPING,تسوق,JEWELERS,مجوهرات,304.0,CAPITAL,العاصمة,50.57330594,26.2321184,"26.2321184, 50.57330594"
84.0,AYUSHI JEWELLERY,مجوهرات عيوشي,SHOPPING,تسوق,JEWELERS,مجوهرات,304.0,CAPITAL,العاصمة,50.57330594,26.2321184,"26.2321184, 50.57330594"
85.0,AZHAAR JEWELLERY,مجوهرات أزهار,SHOPPING,تسوق,JEWELERS,مجوهرات,304.0,CAPITAL,العاصمة,50.57756523,26.23096335,"26.23096335, 50.57756523"
86.0,B.V. JEWELLERS,مجوهرات بي. في,SHOPPING,تسوق,JEWELERS,مجوهرات,304.0,CAPITAL,العاصمة,50.57330594,26.2321184,"26.2321184, 50.57330594"
87.0,BABER JEWELLERY,مجوهرات بابر,SHOPPING,تسوق,JEWELERS,مجوهرات,304.0,CAPITAL,العاصمة,50.57332039,26.2321286,"26.2321286, 50.57332039"
88.0,BAHRAIN JEWELLERS CENTER,مركز البحرين للمجوهرات,SHOPPING,تسوق,JEWELERS,مجوهرات,304.0,CAPITAL,العاصمة,50.57330594,26.2321184,"26.2321184, 50.57330594"
89.0,BAHRAIN JEWELLERS CENTER,مركز البحرين للمجوهرات,SHOPPING,تسوق,JEWELERS,مجوهرات,304.0,CAPITAL,العاصمة,50.57752353,26.23273434,"26.23273434, 50.57752353"
90.0,BAHRAIN PHARMACY,صيدلية البحرين,HEALTH SERVICES,خدمات صحية,PHARMACIES,صيدليات,304.0,CAPITAL,العاصمة,50.57574788,26.23323983,"26.23323983, 50.57574788"
91.0,BANSRI JEWELLERY,مجوهرات بنسري,SHOPPING,تسوق,JEWELERS,مجوهرات,304.0,CAPITAL,العاصمة,50.57332039,26.2321286,"26.2321286, 50.57332039"
92.0,BASAMA JEWELLERY,مجوهرات باساما,SHOPPING,تسوق,JEWELERS,مجوهرات,304.0,CAPITAL,العاصمة,50.57755094,26.23096088,"26.23096088, 50.57755094"
93.0,BASEM JEWELLERS,مجوهرات باسم,SHOPPING,تسوق,JEWELERS,مجوهرات,304.0,CAPITAL,العاصمة,50.57755094,26.23096088,"26.23096088, 50.57755094"
94.0,BIN RAJAB JEWELLERY,مجوهرات بن رجب,SHOPPING,تسوق,JEWELERS,مجوهرات,304.0,CAPITAL,العاصمة,50.57755094,26.23096088,"26.23096088, 50.57755094"
95.0,BLOSSAM JEWELLERY,مجوهرات بلوسام,SHOPPING,تسوق,JEWELERS,مجوهرات,304.0,CAPITAL,العاصمة,50.57332039,26.2321286,"26.2321286, 50.57332039"
96.0,BRAIL DIAMOND JEWELLERY,الحبل الماسي للمجوهرات,SHOPPING,تسوق,JEWELERS,مجوهرات,304.0,CAPITAL,العاصمة,50.57724021,26.23137832,"26.23137832, 50.57724021"
97.0,BU ALI JEWELLERS,مجوهرات بوعلي,SHOPPING,تسوق,JEWELERS,مجوهرات,304.0,CAPITAL,العاصمة,50.57763273,26.23194892,"26.23194892, 50.57763273"
98.0,CALIFORNIA JEWELLERY,مجوهرات كاليفورنيا,SHOPPING,تسوق,JEWELERS,مجوهرات,304.0,CAPITAL,العاصمة,50.57332039,26.2321286,"26.2321286, 50.57332039"
99.0,CAMPUS JEWELLERY,مجوهرات حرم,SHOPPING,تسوق,JEWELERS,مجوهرات,304.0,CAPITAL,العاصمة,50.57332039,26.2321286,"26.2321286, 50.57332039"
100.0,CAPITAL JEWELLERS,مجوهرات العاصمة,SHOPPING,تسوق,JEWELERS,مجوهرات,304.0,CAPITAL,العاصمة,50.57758313,26.2319366,"26.2319366, 50.57758313"
101.0,CARPET HOUSE,بيت السجاد,SHOPPING,تسوق,FURNITURE SHOPS,أثاث,304.0,CAPITAL,العاصمة,50.57627013,26.23248402,"26.23248402, 50.57627013"
102.0,CELEBRITY SILVERS,الاحتفال للفضيات,SHOPPING,تسوق,JEWELERS,مجوهرات,304.0,CAPITAL,العاصمة,50.57755094,26.23096088,"26.23096088, 50.57755094"
103.0,CENTURY DIAMONDS JEWELLERY,مجوهرات ماسات القرن,SHOPPING,تسوق,JEWELERS,مجوهرات,304.0,CAPITAL,العاصمة,50.57332039,26.2321286,"26.2321286, 50.57332039"
104.0,CHAGANLAL KHIMJI & SONS JEWELERS,مجوهرات جكنلال كيمجي وأبنائه,SHOPPING,تسوق,JEWELERS,مجوهرات,304.0,CAPITAL,العاصمة,50.57702613,26.23167928,"26.23167928, 50.57702613"
105.0,CHARMING EYES FOR SILVER & JEWELLERY,العيون الساحرة للفضيات والمجوهرات,SHOPPING,تسوق,JEWELERS,مجوهرات,304.0,CAPITAL,العاصمة,50.57879376,26.23106015,"26.23106015, 50.57879376"
106.0,CHER AKULAM JEWELLERS,شير اكولام للمجوهرات,SHOPPING,تسوق,JEWELERS,مجوهرات,304.0,CAPITAL,العاصمة,50.57332039,26.2321286,"26.2321286, 50.57332039"
107.0,CHICAGO JEWELLERY,مجوهرات شيكاغو,SHOPPING,تسوق,JEWELERS,مجوهرات,304.0,CAPITAL,العاصمة,50.57332039,26.2321286,"26.2321286, 50.57332039"
108.0,CITY CHARM JEWELLERY,مجوهرات مدينة السحر,SHOPPING,تسوق,JEWELERS,مجوهرات,304.0,CAPITAL,العاصمة,50.57332039,26.2321286,"26.2321286, 50.57332039"
109.0,CITY DILU JEWELLERS,مجوهرات مدينة ديلو,SHOPPING,تسوق,JEWELERS,مجوهرات,304.0,CAPITAL,العاصمة,50.57332039,26.2321286,"26.2321286, 50.57332039"
110.0,CITY JAMBO JEWELLERY,مجوهرات سيتي جامبو,SHOPPING,تسوق,JEWELERS,مجوهرات,304.0,CAPITAL,العاصمة,50.57332039,26.2321286,"26.2321286, 50.57332039"
111.0,CITY TIME JEWELLERY,مجوهرات مدينة الوقت,SHOPPING,تسوق,JEWELERS,مجوهرات,304.0,CAPITAL,العاصمة,50.57332039,26.2321286,"26.2321286, 50.57332039"
112.0,CLASSIC JEWELLERY,مجوهرات كلاسيك,SHOPPING,تسوق,JEWELERS,مجوهرات,304.0,CAPITAL,العاصمة,50.57793405,26.23327619,"26.23327619, 50.57793405"
113.0,CO CO JEWELLERY,مجوهرات كو كو,SHOPPING,تسوق,JEWELERS,مجوهرات,304.0,CAPITAL,العاصمة,50.5732936,26.23210941,"26.23210941, 50.5732936"
114.0,CRYSTAL JEWELLERY,مجوهرات كريستال,SHOPPING,تسوق,JEWELERS,مجوهرات,304.0,CAPITAL,العاصمة,50.57966345,26.23406826,"26.23406826, 50.57966345"
115.0,DAMAS JEWELLERY,مجوهرات داماس,SHOPPING,تسوق,JEWELERS,مجوهرات,304.0,CAPITAL,العاصمة,50.5732936,26.23210941,"26.23210941, 50.5732936"
116.0,DAMAS JEWELLERY,مجوهرات داماس,SHOPPING,تسوق,JEWELERS,مجوهرات,304.0,CAPITAL,العاصمة,50.57788884,26.23325168,"26.23325168, 50.57788884"
117.0,DANAH AL ALAWI JEWELLERY,مجوهرات دانة العلوي,SHOPPING,تسوق,JEWELERS,مجوهرات,304.0,CAPITAL,العاصمة,50.57755094,26.23096088,"26.23096088, 50.57755094"
118.0,DAY RIT JEWELERS,مجوهرات فرقة اليوم,SHOPPING,تسوق,JEWELERS,مجوهرات,304.0,CAPITAL,العاصمة,50.5732936,26.23210941,"26.23210941, 50.5732936"
119.0,DHAKAN JEWELLERS,مجوهرات داكان,SHOPPING,تسوق,JEWELERS,مجوهرات,304.0,CAPITAL,العاصمة,50.5732936,26.23210941,"26.23210941, 50.5732936"
120.0,DHAN JEWELLERY,مجوهرات دان,SHOPPING,تسوق,JEWELERS,مجوهرات,304.0,CAPITAL,العاصمة,50.5775336,26.231655,"26.231655, 50.5775336"
121.0,DINESH DEVJI,دينيش ديفجي,SHOPPING,تسوق,JEWELERS,مجوهرات,304.0,CAPITAL,العاصمة,50.57723412,26.23096179,"26.23096179, 50.57723412"
122.0,EAGLE JEWELLERY,مجوهرات النسر,SHOPPING,تسوق,JEWELERS,مجوهرات,304.0,CAPITAL,العاصمة,50.57755094,26.23096088,"26.23096088, 50.57755094"
123.0,EDUARD JEWELLERY,مجوهرات إدوارد,SHOPPING,تسوق,JEWELERS,مجوهرات,304.0,CAPITAL,العاصمة,50.5732936,26.23210941,"26.23210941, 50.5732936"
124.0,ELITE JEWELLERS,مجوهرات الايت,SHOPPING,تسوق,JEWELERS,مجوهرات,304.0,CAPITAL,العاصمة,50.57755094,26.23096088,"26.23096088, 50.57755094"
125.0,EMPEROR JEWELLERY,مجوهرات الإمبراطور,SHOPPING,تسوق,JEWELERS,مجوهرات,304.0,CAPITAL,العاصمة,50.57632288,26.23317296,"26.23317296, 50.57632288"
126.0,EMPEROR JEWELLERY,مجوهرات الإمبراطور,SHOPPING,تسوق,JEWELERS,مجوهرات,304.0,CAPITAL,العاصمة,50.57678381,26.23232743,"26.23232743, 50.57678381"
127.0,FADAK JEWELLERS,مجوهرات فدك,SHOPPING,تسوق,JEWELERS,مجوهرات,304.0,CAPITAL,العاصمة,50.57755094,26.23096088,"26.23096088, 50.57755094"
128.0,FADHEELAH JEWELLERY,مجوهرات فضيلة,SHOPPING,تسوق,JEWELERS,مجوهرات,304.0,CAPITAL,العاصمة,50.5732936,26.23210941,"26.23210941, 50.5732936"
129.0,FALANTINA JEWELLERY & PEARLS,لآلئ ومجوهرات فالنتينا,SHOPPING,تسوق,JEWELERS,مجوهرات,304.0,CAPITAL,العاصمة,50.57755094,26.23096088,"26.23096088, 50.57755094"
130.0,FANCY JEWELLERS,مجوهرات الخيال,SHOPPING,تسوق,JEWELERS,مجوهرات,304.0,CAPITAL,العاصمة,50.57755094,26.23096088,"26.23096088, 50.57755094"
131.0,FAREEDA JEWELLERY,مجوهرات فريدة,SHOPPING,تسوق,JEWELERS,مجوهرات,304.0,CAPITAL,العاصمة,50.5732936,26.23210941,"26.23210941, 50.5732936"
132.0,FASHIONS INTERNATIONAL JEWELLERY,مجوهرات الأزياء الدولية,SHOPPING,تسوق,JEWELERS,مجوهرات,304.0,CAPITAL,العاصمة,50.5732936,26.23210941,"26.23210941, 50.5732936"
133.0,FAWAZ JEWELLERY,مجوهرات فواز,SHOPPING,تسوق,JEWELERS,مجوهرات,304.0,CAPITAL,العاصمة,50.5732936,26.23210941,"26.23210941, 50.5732936"
134.0,FINE ARTS JEWELLERY,مجوهرات فاين آرت,SHOPPING,تسوق,JEWELERS,مجوهرات,304.0,CAPITAL,العاصمة,50.5732936,26.23210941,"26.23210941, 50.5732936"
135.0,FINE JEWELLERY,مجوهرات فاين,SHOPPING,تسوق,JEWELERS,مجوهرات,304.0,CAPITAL,العاصمة,50.5732936,26.23210941,"26.23210941, 50.5732936"
136.0,FLORA JEWELLERS,مجوهرات فلورا,SHOPPING,تسوق,JEWELERS,مجوهرات,304.0,CAPITAL,العاصمة,50.5732936,26.23210941,"26.23210941, 50.5732936"
137.0,G.N. JEWELLERY,جي إن للمجوهرات,SHOPPING,تسوق,JEWELERS,مجوهرات,304.0,CAPITAL,العاصمة,50.5732936,26.23210941,"26.23210941, 50.5732936"
138.0,GOLD MASTER JEWELLERY,مجوهرات جولد ماستر,SHOPPING,تسوق,JEWELERS,مجوهرات,304.0,CAPITAL,العاصمة,50.5773958,26.23386154,"26.23386154, 50.5773958"
139.0,GOLDEN CHANCE JEWELLERY,مجوهرات الفرصة الذهبية,SHOPPING,تسوق,JEWELERS,مجوهرات,304.0,CAPITAL,العاصمة,50.57330594,26.2321184,"26.2321184, 50.57330594"
140.0,GOLDEN WONDER JEWELLERY,مجوهرات جولدن وندر,SHOPPING,تسوق,JEWELERS,مجوهرات,304.0,CAPITAL,العاصمة,50.57688584,26.2319308,"26.2319308, 50.57688584"
141.0,GOOD LUCK JEWELLERY,مجوهرات الحظ السعيد,SHOPPING,تسوق,JEWELERS,مجوهرات,304.0,CAPITAL,العاصمة,50.57330594,26.2321184,"26.2321184, 50.57330594"
142.0,HABIB JEWELLERS,مجوهرات حبيب,SHOPPING,تسوق,JEWELERS,مجوهرات,304.0,CAPITAL,العاصمة,50.57330594,26.2321184,"26.2321184, 50.57330594"
143.0,‎HANEEN JEWELLERY,مجوهرات حنين,SHOPPING,تسوق,JEWELERS,مجوهرات,304.0,CAPITAL,العاصمة,50.57740983,26.23393827,"26.23393827, 50.57740983"
144.0,HANI AL TAJIR JEWELLERY,مجوهرات هاني التاجر,SHOPPING,تسوق,JEWELERS,مجوهرات,304.0,CAPITAL,العاصمة,50.57755094,26.23096088,"26.23096088, 50.57755094"
145.0,HARI JEWELLERY,مجوهرات هاري,SHOPPING,تسوق,JEWELERS,مجوهرات,304.0,CAPITAL,العاصمة,50.57330594,26.2321184,"26.2321184, 50.57330594"
146.0,HASAN AL MUDAIFA JEWELLERY,مجوهرات حسن المديفع,SHOPPING,تسوق,JEWELERS,مجوهرات,304.0,CAPITAL,العاصمة,50.57851351,26.23105571,"26.23105571, 50.57851351"
147.0,HASAN JEWELLERY,مجوهرات حسن,SHOPPING,تسوق,JEWELERS,مجوهرات,304.0,CAPITAL,العاصمة,50.57755094,26.23096088,"26.23096088, 50.57755094"
148.0,HIND JEWELLERY,مجوهرات هند,SHOPPING,تسوق,JEWELERS,مجوهرات,304.0,CAPITAL,العاصمة,50.57755094,26.23096088,"26.23096088, 50.57755094"
149.0,HOME BABA JEWELLERY,مجوهرات هوم بابا,SHOPPING,تسوق,JEWELERS,مجوهرات,304.0,CAPITAL,العاصمة,50.57330594,26.2321184,"26.2321184, 50.57330594"
150.0,HOUSE OF DIAMOND JEWELLERY,مجوهرات بيت الماسة,SHOPPING,تسوق,JEWELERS,مجوهرات,304.0,CAPITAL,العاصمة,50.57755094,26.23096088,"26.23096088, 50.57755094"
151.0,HUSSAIN AL SHUWAIKH JEWELLERS,مجوهرات حسين الشويخ,SHOPPING,تسوق,JEWELERS,مجوهرات,304.0,CAPITAL,العاصمة,50.58008285,26.23456356,"26.23456356, 50.58008285"
152.0,HUSSAIN SHOWAITER SWEETS,حلوى حسين شويطر,SHOPPING,تسوق,BAHRAINI SWEET,حلوى بحرينية,304.0,CAPITAL,العاصمة,50.57633522,26.23246084,"26.23246084, 50.57633522"
153.0,JAFFAR JEWELLERY,مجوهرات جعفر,SHOPPING,تسوق,JEWELERS,مجوهرات,304.0,CAPITAL,العاصمة,50.57330594,26.2321184,"26.2321184, 50.57330594"
154.0,JAIN PEARLS JEWELLERY,مجوهرات لآلئ جاين,SHOPPING,تسوق,JEWELERS,مجوهرات,304.0,CAPITAL,العاصمة,50.57330594,26.2321184,"26.2321184, 50.57330594"
155.0,JAMBO STAR JEWELLERY,مجوهرات جامبو ستار,SHOPPING,تسوق,JEWELERS,مجوهرات,304.0,CAPITAL,العاصمة,50.57729737,26.23123981,"26.23123981, 50.57729737"
156.0,JAMEEL JEWELLERY,مجوهرات جميل,SHOPPING,تسوق,JEWELERS,مجوهرات,304.0,CAPITAL,العاصمة,50.5732936,26.23210941,"26.23210941, 50.5732936"
157.0,JANAT JEWELLERY DESIGN,جنات لتصميم المجوهرات,SHOPPING,تسوق,JEWELERS,مجوهرات,304.0,CAPITAL,العاصمة,50.57957574,26.23134695,"26.23134695, 50.57957574"
158.0,JAY GEMS JEWELLERY,مجوهرات جاي جيمز,SHOPPING,تسوق,JEWELERS,مجوهرات,304.0,CAPITAL,العاصمة,50.57330594,26.2321184,"26.2321184, 50.57330594"
159.0,JEHAN JEWELERS,مجوهرات جيهان,SHOPPING,تسوق,JEWELERS,مجوهرات,304.0,CAPITAL,العاصمة,50.57863604,26.23106157,"26.23106157, 50.57863604"
160.0,JEHAN JEWELERS,مجوهرات جيهان,SHOPPING,تسوق,JEWELERS,مجوهرات,304.0,CAPITAL,العاصمة,50.57755094,26.23096088,"26.23096088, 50.57755094"
161.0,JEWELLERY CORNER,ركن المجوهرات,SHOPPING,تسوق,JEWELERS,مجوهرات,304.0,CAPITAL,العاصمة,50.57870478,26.23106177,"26.23106177, 50.57870478"
162.0,JOANNA JEWELLERS,مجوهرات جوانا,SHOPPING,تسوق,JEWELERS,مجوهرات,304.0,CAPITAL,العاصمة,50.57755094,26.23096088,"26.23096088, 50.57755094"
163.0,JUMANA JEWELLERY,مجوهرات جمانة,SHOPPING,تسوق,JEWELERS,مجوهرات,304.0,CAPITAL,العاصمة,50.57755094,26.23096088,"26.23096088, 50.57755094"
164.0,KANSARA JEWELLERS,مجوهرات كنسارا,SHOPPING,تسوق,JEWELERS,مجوهرات,304.0,CAPITAL,العاصمة,50.57330594,26.2321184,"26.2321184, 50.57330594"
165.0,KAPIL JEWELLERS,مجوهرات كابيل,SHOPPING,تسوق,JEWELERS,مجوهرات,304.0,CAPITAL,العاصمة,50.57330594,26.2321184,"26.2321184, 50.57330594"
166.0,KARAN JEWELLERS,مجوهرات كاران,SHOPPING,تسوق,JEWELERS,مجوهرات,304.0,CAPITAL,العاصمة,50.57770853,26.23173249,"26.23173249, 50.57770853"
167.0,KAZEROONI PERSIAN CARPET,كازروني للسجاد الفارسي,SHOPPING,تسوق,FURNITURE SHOPS,أثاث,304.0,CAPITAL,العاصمة,50.57685865,26.23329741,"26.23329741, 50.57685865"
168.0,KHAIRI JEWELLERY,مجوهرات خيري,SHOPPING,تسوق,JEWELERS,مجوهرات,304.0,CAPITAL,العاصمة,50.57330594,26.2321184,"26.2321184, 50.57330594"
169.0,KHAN ANTIQUE JEWELLERY,مجوهرات ثان انتيك,SHOPPING,تسوق,JEWELERS,مجوهرات,304.0,CAPITAL,العاصمة,50.57330594,26.2321184,"26.2321184, 50.57330594"
170.0,KHANNA JEWELLERS,خانا للمجوهرات,SHOPPING,تسوق,JEWELERS,مجوهرات,304.0,CAPITAL,العاصمة,50.57330594,26.2321184,"26.2321184, 50.57330594"
171.0,KINGDOM JEWELLERY,مجوهرات المملكة,SHOPPING,تسوق,JEWELERS,مجوهرات,304.0,CAPITAL,العاصمة,50.57330594,26.2321184,"26.2321184, 50.57330594"
172.0,LA VONDOME JEWELLERY,مجوهرات لافندوم,SHOPPING,تسوق,JEWELERS,مجوهرات,304.0,CAPITAL,العاصمة,50.57332039,26.2321286,"26.2321286, 50.57332039"
173.0,LAALA JEWELLERS,مجوهرات لآلئ,SHOPPING,تسوق,JEWELERS,مجوهرات,304.0,CAPITAL,العاصمة,50.57755094,26.23096088,"26.23096088, 50.57755094"
174.0,LADIES JEWELLERS,مجوهرات سيداتي,SHOPPING,تسوق,JEWELERS,مجوهرات,304.0,CAPITAL,العاصمة,50.57330594,26.2321184,"26.2321184, 50.57330594"
175.0,LADIES QUEEN JEWELLERY,مجوهرات ملكة النساء,SHOPPING,تسوق,JEWELERS,مجوهرات,304.0,CAPITAL,العاصمة,50.57766132,26.23151786,"26.23151786, 50.57766132"
176.0,LALWANI JEWELLERS,مجوهرات لولواني,SHOPPING,تسوق,JEWELERS,مجوهرات,304.0,CAPITAL,العاصمة,50.57330594,26.2321184,"26.2321184, 50.57330594"
177.0,LARAIB JEWELLERY,مجوهرات لاريب,SHOPPING,تسوق,JEWELERS,مجوهرات,304.0,CAPITAL,العاصمة,50.57895203,26.23276756,"26.23276756, 50.57895203"
178.0,LAZIM JEWELLERS,مجواهرات لزيم,SHOPPING,تسوق,JEWELERS,مجوهرات,304.0,CAPITAL,العاصمة,50.57332039,26.2321286,"26.2321286, 50.57332039"
179.0,LOS ANGELES JEWELLERS,مجوهرات لوس انجليس,SHOPPING,تسوق,JEWELERS,مجوهرات,304.0,CAPITAL,العاصمة,50.57755094,26.23096088,"26.23096088, 50.57755094"
180.0,MAHENDRA JEWELLERY,مجوهرات مهندرا,SHOPPING,تسوق,JEWELERS,مجوهرات,304.0,CAPITAL,العاصمة,50.57332039,26.2321286,"26.2321286, 50.57332039"
181.0,MAJESTIC SILVER WARE,ماجستك سلفر وير,SHOPPING,تسوق,JEWELERS,مجوهرات,304.0,CAPITAL,العاصمة,50.57755094,26.23096088,"26.23096088, 50.57755094"
182.0,MAKLAI JEWELLERS,مجوهرات مكلاي,SHOPPING,تسوق,JEWELERS,مجوهرات,304.0,CAPITAL,العاصمة,50.57748447,26.23137341,"26.23137341, 50.57748447"
183.0,MANAHEL JEWELLERY,مجوهرات مناهل,SHOPPING,تسوق,JEWELERS,مجوهرات,304.0,CAPITAL,العاصمة,50.57332039,26.2321286,"26.2321286, 50.57332039"
184.0,MANOJ JEWELLERS,مجوهرات منوج,SHOPPING,تسوق,JEWELERS,مجوهرات,304.0,CAPITAL,العاصمة,50.57332039,26.2321286,"26.2321286, 50.57332039"
185.0,MANWAR JEWELLERY,مجوهرات منور,SHOPPING,تسوق,JEWELERS,مجوهرات,304.0,CAPITAL,العاصمة,50.57332039,26.2321286,"26.2321286, 50.57332039"
186.0,MAREN JEWELLERY,مجوهرات مرين,SHOPPING,تسوق,JEWELERS,مجوهرات,304.0,CAPITAL,العاصمة,50.57755094,26.23096088,"26.23096088, 50.57755094"
187.0,MARHABA JEWELLERY,مجوهرات مرحبا,SHOPPING,تسوق,JEWELERS,مجوهرات,304.0,CAPITAL,العاصمة,50.57961433,26.23135563,"26.23135563, 50.57961433"
188.0,MASHALLAH CITY JEWELLERY,مجوهرات مدينة ماشاءالله,SHOPPING,تسوق,JEWELERS,مجوهرات,304.0,CAPITAL,العاصمة,50.57729621,26.23122841,"26.23122841, 50.57729621"
189.0,MASHALLAH JEWELLERY,مجوهرات ماشاءالله,SHOPPING,تسوق,JEWELERS,مجوهرات,304.0,CAPITAL,العاصمة,50.57755094,26.23096088,"26.23096088, 50.57755094"
190.0,MASTER SILVER,ماستر للفضيات,SHOPPING,تسوق,JEWELERS,مجوهرات,304.0,CAPITAL,العاصمة,50.57755094,26.23096088,"26.23096088, 50.57755094"
191.0,MATTAR JEWELLERS - THE HOUSE OF NATURAL PEARLS,مطر للجواهر - بيت اللؤلؤ الطبيعي,SHOPPING,تسوق,JEWELERS,مجوهرات,304.0,CAPITAL,العاصمة,50.57798241,26.2333093,"26.2333093, 50.57798241"
192.0,MATTATHIL JEWELLERS,مجوهرات متاثل,SHOPPING,تسوق,JEWELERS,مجوهرات,304.0,CAPITAL,العاصمة,50.57332039,26.2321286,"26.2321286, 50.57332039"
193.0,MESHKAT JEWELLERYS,مجوهرات مشكت,SHOPPING,تسوق,JEWELERS,مجوهرات,304.0,CAPITAL,العاصمة,50.57332039,26.2321286,"26.2321286, 50.57332039"
194.0,METRO JEWELLERY,مجوهرات مترو,SHOPPING,تسوق,JEWELERS,مجوهرات,304.0,CAPITAL,العاصمة,50.57332039,26.2321286,"26.2321286, 50.57332039"
195.0,MIGNAS JEWELLERS,مجوهرات مجناس,SHOPPING,تسوق,JEWELERS,مجوهرات,304.0,CAPITAL,العاصمة,50.57739612,26.23145371,"26.23145371, 50.57739612"
196.0,MISK JEWELLERS,مجوهرات مسك,SHOPPING,تسوق,JEWELERS,مجوهرات,304.0,CAPITAL,العاصمة,50.57332039,26.2321286,"26.2321286, 50.57332039"
197.0,MODERN JAMBO JEWELLERY,مجوهرات مودرن جامبو,SHOPPING,تسوق,JEWELERS,مجوهرات,304.0,CAPITAL,العاصمة,50.57720578,26.23165342,"26.23165342, 50.57720578"
198.0,MOON JEWELLERS,مجوهرات قمر,SHOPPING,تسوق,JEWELERS,مجوهرات,304.0,CAPITAL,العاصمة,50.57734056,26.23092241,"26.23092241, 50.57734056"
199.0,MUHAMMAD ALI HASAN AL MUDAIFA,محمد علي حسن المديفع,SHOPPING,تسوق,JEWELERS,مجوهرات,304.0,CAPITAL,العاصمة,50.57545756,26.23255824,"26.23255824, 50.57545756"
200.0,MUHAMMAD IQBAL JEWELLERY,مجوهرات محمد إقبال,SHOPPING,تسوق,JEWELERS,مجوهرات,304.0,CAPITAL,العاصمة,50.57332039,26.2321286,"26.2321286, 50.57332039"
201.0,MUHAMMAD MAHMOOD ALKOOHEJI JEWELLERY,مجوهرات محمد محمود الكوهجي,SHOPPING,تسوق,JEWELERS,مجوهرات,304.0,CAPITAL,العاصمة,50.57789764,26.23100555,"26.23100555, 50.57789764"
202.0,MULUK JEWELLERS,مجوهرات ملوك,SHOPPING,تسوق,JEWELERS,مجوهرات,304.0,CAPITAL,العاصمة,50.57732476,26.23094239,"26.23094239, 50.57732476"
203.0,MUNTHER JEWELLERY,مجوهرات منذر,SHOPPING,تسوق,JEWELERS,مجوهرات,304.0,CAPITAL,العاصمة,50.57738255,26.23163158,"26.23163158, 50.57738255"
204.0,MUSARRAT JEWELLERY,مجوهرات مسرات,SHOPPING,تسوق,JEWELERS,مجوهرات,304.0,CAPITAL,العاصمة,50.57332039,26.2321286,"26.2321286, 50.57332039"
205.0,NASSER PHARMACY,صيدلية ناصر,HEALTH SERVICES,خدمات صحية,PHARMACIES,صيدليات,304.0,CAPITAL,العاصمة,50.57724816,26.23143183,"26.23143183, 50.57724816"
206.0,NATURAL PEARLS PALACE,قصر اللؤلؤ الطبيعي,SHOPPING,تسوق,JEWELERS,مجوهرات,304.0,CAPITAL,العاصمة,50.57332039,26.2321286,"26.2321286, 50.57332039"
207.0,NAWAB JEWELLERS,مجوهرات نواب,SHOPPING,تسوق,JEWELERS,مجوهرات,304.0,CAPITAL,العاصمة,50.57737906,26.23155648,"26.23155648, 50.57737906"
208.0,NEW CALIFORNIA JEWELLERS,مجوهرات نيو كاليفورنيا,SHOPPING,تسوق,JEWELERS,مجوهرات,304.0,CAPITAL,العاصمة,50.57755094,26.23096088,"26.23096088, 50.57755094"
209.0,NEW HABIB JEWELLERS,مجوهرات حبيب الجديد,SHOPPING,تسوق,JEWELERS,مجوهرات,304.0,CAPITAL,العاصمة,50.57332039,26.2321286,"26.2321286, 50.57332039"
210.0,NEW LOOK JEWELLERY,مجوهرات نيو لوك,SHOPPING,تسوق,JEWELERS,مجوهرات,304.0,CAPITAL,العاصمة,50.5732936,26.23210941,"26.23210941, 50.5732936"
211.0,NEW SILVER,نيو للفضيات,SHOPPING,تسوق,JEWELERS,مجوهرات,304.0,CAPITAL,العاصمة,50.5773083,26.23388565,"26.23388565, 50.5773083"
212.0,NEW WESTERN JEWELLERY,مجوهرات الغربية الجديدة,SHOPPING,تسوق,JEWELERS,مجوهرات,304.0,CAPITAL,العاصمة,50.57870999,26.23106215,"26.23106215, 50.57870999"
213.0,NEZAR AL HALWACHI JEWELLERY,مجوهرات نزار الحلواجي,SHOPPING,تسوق,JEWELERS,مجوهرات,304.0,CAPITAL,العاصمة,50.57766231,26.23177871,"26.23177871, 50.57766231"
214.0,NOUF JEWELLERY,مجوهرات نوف,SHOPPING,تسوق,JEWELERS,مجوهرات,304.0,CAPITAL,العاصمة,50.57943711,26.23174927,"26.23174927, 50.57943711"
215.0,OLYMPIA JEWELLERY,مجوهرات اولمبيا,SHOPPING,تسوق,JEWELERS,مجوهرات,304.0,CAPITAL,العاصمة,50.5732936,26.23210941,"26.23210941, 50.5732936"
216.0,ORITZ JEWELLERY,مجوهرات اورتز,SHOPPING,تسوق,JEWELERS,مجوهرات,304.0,CAPITAL,العاصمة,50.5732936,26.23210941,"26.23210941, 50.5732936"
217.0,PALACE JEWELLERS,مجوهرات القصر,SHOPPING,تسوق,JEWELERS,مجوهرات,304.0,CAPITAL,العاصمة,50.57723412,26.23096179,"26.23096179, 50.57723412"
218.0,PAROOS JEWELLERY,مجوهرات باروس,SHOPPING,تسوق,JEWELERS,مجوهرات,304.0,CAPITAL,العاصمة,50.5732936,26.23210941,"26.23210941, 50.5732936"
219.0,PEARLS NECKLESS JEWELLERY,مجوهرات نكليس اللولو,SHOPPING,تسوق,JEWELERS,مجوهرات,304.0,CAPITAL,العاصمة,50.57786747,26.23159139,"26.23159139, 50.57786747"
220.0,PINTO JEWELLERY,بينتو للمجوهرات,SHOPPING,تسوق,JEWELERS,مجوهرات,304.0,CAPITAL,العاصمة,50.5732936,26.23210941,"26.23210941, 50.5732936"
221.0,POINT CENTER JEWELLERY,مجوهرات بوينت سنتر,SHOPPING,تسوق,JEWELERS,مجوهرات,304.0,CAPITAL,العاصمة,50.5732936,26.23210941,"26.23210941, 50.5732936"
222.0,PRAVEEN JEWELLERY,مجوهرات برافين,SHOPPING,تسوق,JEWELERS,مجوهرات,304.0,CAPITAL,العاصمة,50.5732936,26.23210941,"26.23210941, 50.5732936"
223.0,PRESTIGE SILVER CENTER,مركز بريستيج للفضيات,SHOPPING,تسوق,JEWELERS,مجوهرات,304.0,CAPITAL,العاصمة,50.57719294,26.23107411,"26.23107411, 50.57719294"
224.0,PRINCE DIAMONDS & JEWELLERY,الأمير للألماس والمجوهرات,SHOPPING,تسوق,JEWELERS,مجوهرات,304.0,CAPITAL,العاصمة,50.5732936,26.23210941,"26.23210941, 50.5732936"
225.0,PRINCESS JEWELLERY,مجوهرات الأمير,SHOPPING,تسوق,JEWELERS,مجوهرات,304.0,CAPITAL,العاصمة,50.57714619,26.23139803,"26.23139803, 50.57714619"
226.0,PURE JEWELLERY,مجوهرات بيور,SHOPPING,تسوق,JEWELERS,مجوهرات,304.0,CAPITAL,العاصمة,50.5732936,26.23210941,"26.23210941, 50.5732936"
227.0,RAFIA JEWELLERS,مجوهرات رفيع,SHOPPING,تسوق,JEWELERS,مجوهرات,304.0,CAPITAL,العاصمة,50.57711249,26.23172444,"26.23172444, 50.57711249"
228.0,RAMADAN JEWELLERY,مجوهرات رمضان,SHOPPING,تسوق,JEWELERS,مجوهرات,304.0,CAPITAL,العاصمة,50.5732936,26.23210941,"26.23210941, 50.5732936"
229.0,RAMAZ JEWELLERY,مجوهرات رامز,SHOPPING,تسوق,JEWELERS,مجوهرات,304.0,CAPITAL,العاصمة,50.5732936,26.23210941,"26.23210941, 50.5732936"
230.0,RASHA JEWELLERS,مجوهرات رشا,SHOPPING,تسوق,JEWELERS,مجوهرات,304.0,CAPITAL,العاصمة,50.57756523,26.23096335,"26.23096335, 50.57756523"
231.0,REJIS JEWELLERY,مجوهرات رجيس,SHOPPING,تسوق,JEWELERS,مجوهرات,304.0,CAPITAL,العاصمة,50.5732936,26.23210941,"26.23210941, 50.5732936"
232.0,RIDHI JEWELLERS,مجوهرات ردهي,SHOPPING,تسوق,JEWELERS,مجوهرات,304.0,CAPITAL,العاصمة,50.5732936,26.23210941,"26.23210941, 50.5732936"
233.0,RIVOLI,ريفولي,SHOPPING,تسوق,JEWELERS,مجوهرات,304.0,CAPITAL,العاصمة,50.57680414,26.23378198,"26.23378198, 50.57680414"
234.0,ROHIT JEWELLERS,مجوهرات روهيت,SHOPPING,تسوق,JEWELERS,مجوهرات,304.0,CAPITAL,العاصمة,50.5732936,26.23210941,"26.23210941, 50.5732936"
235.0,ROSARY JEWELLERY,مجوهرات روزاري,SHOPPING,تسوق,JEWELERS,مجوهرات,304.0,CAPITAL,العاصمة,50.5732936,26.23210941,"26.23210941, 50.5732936"
236.0,ROYAL ARABIAN JEWELLERY,مجوهرات رويال العربية,SHOPPING,تسوق,JEWELERS,مجوهرات,304.0,CAPITAL,العاصمة,50.5732936,26.23210941,"26.23210941, 50.5732936"
237.0,SAEED JEWELLERY,مجوهرات سعيد,SHOPPING,تسوق,JEWELERS,مجوهرات,304.0,CAPITAL,العاصمة,50.5732936,26.23210941,"26.23210941, 50.5732936"
238.0,SAFAA JEWELLERY,مجوهرات صفاء,SHOPPING,تسوق,JEWELERS,مجوهرات,304.0,CAPITAL,العاصمة,50.5732936,26.23210941,"26.23210941, 50.5732936"
239.0,SAFAYER JEWELLERY,مجوهرات سفاير,SHOPPING,تسوق,JEWELERS,مجوهرات,304.0,CAPITAL,العاصمة,50.57844562,26.23123259,"26.23123259, 50.57844562"
240.0,SAGAR JEWELLERY,مجوهرات ساجر,SHOPPING,تسوق,JEWELERS,مجوهرات,304.0,CAPITAL,العاصمة,50.57329963,26.23211357,"26.23211357, 50.57329963"
241.0,SAGER DINESH CHANDRA KHIMJI JEWELLERY,مجوهرات صقر دينيش شاندرا كيمجي,SHOPPING,تسوق,JEWELERS,مجوهرات,304.0,CAPITAL,العاصمة,50.58017111,26.23251041,"26.23251041, 50.58017111"
242.0,SAHIL JEWELLERY,مجوهرات ساحل,SHOPPING,تسوق,JEWELERS,مجوهرات,304.0,CAPITAL,العاصمة,50.57329963,26.23211357,"26.23211357, 50.57329963"
243.0,SAI JEWELLERY,مجوهرات ساي,SHOPPING,تسوق,JEWELERS,مجوهرات,304.0,CAPITAL,العاصمة,50.57329963,26.23211357,"26.23211357, 50.57329963"
244.0,SAIL JEWELLERY,مجوهرات الشراع,SHOPPING,تسوق,JEWELERS,مجوهرات,304.0,CAPITAL,العاصمة,50.5775773,26.23096508,"26.23096508, 50.5775773"
245.0,SAKHAWAT JEWELLERY,مجوهرات شوكت,SHOPPING,تسوق,JEWELERS,مجوهرات,304.0,CAPITAL,العاصمة,50.57598682,26.23199976,"26.23199976, 50.57598682"
246.0,SAM JEWELLERY,مجوهرات سام,SHOPPING,تسوق,JEWELERS,مجوهرات,304.0,CAPITAL,العاصمة,50.57329963,26.23211357,"26.23211357, 50.57329963"
247.0,SAMRAT JEWELLERY,مجوهرات سمارت,SHOPPING,تسوق,JEWELERS,مجوهرات,304.0,CAPITAL,العاصمة,50.57719707,26.2316029,"26.2316029, 50.57719707"
248.0,SARAYA JEWELLERS,مجوهرات سرايا,SHOPPING,تسوق,JEWELERS,مجوهرات,304.0,CAPITAL,العاصمة,50.5775773,26.23096508,"26.23096508, 50.5775773"
249.0,SEVEN SEAS JEWELLERY,مجوهرات البحار السبعة,SHOPPING,تسوق,JEWELERS,مجوهرات,304.0,CAPITAL,العاصمة,50.57759332,26.23097005,"26.23097005, 50.57759332"
250.0,SEVEN STARS JEWELLERY,مجوهرات سبع نجوم,SHOPPING,تسوق,JEWELERS,مجوهرات,304.0,CAPITAL,العاصمة,50.57329963,26.23211357,"26.23211357, 50.57329963"
251.0,SHANAVAS JEWELLERY,مجوهرات شانافاس,SHOPPING,تسوق,JEWELERS,مجوهرات,304.0,CAPITAL,العاصمة,50.57329963,26.23211357,"26.23211357, 50.57329963"
252.0,SHAWKAT ALI KHAYAL MUHAMMAD JEWELLERY,مجوهرات شوكت علي خيال محمد,SHOPPING,تسوق,JEWELERS,مجوهرات,304.0,CAPITAL,العاصمة,50.57329963,26.23211357,"26.23211357, 50.57329963"
253.0,SHINE JEWELLERY,مجوهرات شاين,SHOPPING,تسوق,JEWELERS,مجوهرات,304.0,CAPITAL,العاصمة,50.57329963,26.23211357,"26.23211357, 50.57329963"
254.0,SHOBA JEWELLERY,مجوهرات شوبا,SHOPPING,تسوق,JEWELERS,مجوهرات,304.0,CAPITAL,العاصمة,50.57329963,26.23211357,"26.23211357, 50.57329963"
255.0,SHREEJI JEWELLERY,مجوهرات شريجي,SHOPPING,تسوق,JEWELERS,مجوهرات,304.0,CAPITAL,العاصمة,50.57329963,26.23211357,"26.23211357, 50.57329963"
256.0,SHRI SILVER JEWELLERS,شري للمجوهرات الفضية,SHOPPING,تسوق,JEWELERS,مجوهرات,304.0,CAPITAL,العاصمة,50.57329963,26.23211357,"26.23211357, 50.57329963"
257.0,SHRINGAR JEWELLERY,شرينجير للمجوهرات,SHOPPING,تسوق,JEWELERS,مجوهرات,304.0,CAPITAL,العاصمة,50.57329963,26.23211357,"26.23211357, 50.57329963"
258.0,SILVER STONE JEWELLERY,مجوهرات حجر فضة,SHOPPING,تسوق,JEWELERS,مجوهرات,304.0,CAPITAL,العاصمة,50.57329963,26.23211357,"26.23211357, 50.57329963"
259.0,SILVO JEWELLERY,مجوهرات سيلفو,SHOPPING,تسوق,JEWELERS,مجوهرات,304.0,CAPITAL,العاصمة,50.57329963,26.23211357,"26.23211357, 50.57329963"
260.0,SIMA JEWELLERY,مجوهرات سيما,SHOPPING,تسوق,JEWELERS,مجوهرات,304.0,CAPITAL,العاصمة,50.5775773,26.23096508,"26.23096508, 50.5775773"
261.0,SKY JEWELLERY,مجوهرات سكاي,SHOPPING,تسوق,JEWELERS,مجوهرات,304.0,CAPITAL,العاصمة,50.57329963,26.23211357,"26.23211357, 50.57329963"
262.0,SONI DULABHJI SAVJI,سوني دولابهجي سافجي,SHOPPING,تسوق,JEWELERS,مجوهرات,304.0,CAPITAL,العاصمة,50.5775773,26.23096508,"26.23096508, 50.5775773"
263.0,STATE JEWELLERY,مجوهرات ستيت,SHOPPING,تسوق,JEWELERS,مجوهرات,304.0,CAPITAL,العاصمة,50.57329963,26.23211357,"26.23211357, 50.57329963"
264.0,SULTAN JEWELLERY,مجوهرات سلطان,SHOPPING,تسوق,JEWELERS,مجوهرات,304.0,CAPITAL,العاصمة,50.57908503,26.23163745,"26.23163745, 50.57908503"
265.0,SULTAN MAHMOOD JEWELLERY,مجوهرات سلطان محمود,SHOPPING,تسوق,JEWELERS,مجوهرات,304.0,CAPITAL,العاصمة,50.57329963,26.23211357,"26.23211357, 50.57329963"
266.0,SUPER JEWELLERS,مجوهرات سوبر,SHOPPING,تسوق,JEWELERS,مجوهرات,304.0,CAPITAL,العاصمة,50.57329963,26.23211357,"26.23211357, 50.57329963"
267.0,SUPER SHINE JEWELLERY,مجوهرات سوبر شاين,SHOPPING,تسوق,JEWELERS,مجوهرات,304.0,CAPITAL,العاصمة,50.5775773,26.23096508,"26.23096508, 50.5775773"
268.0,SUWAR PHARMACY,صيدلية سوار,HEALTH SERVICES,خدمات صحية,PHARMACIES,صيدليات,304.0,CAPITAL,العاصمة,50.57988351,26.23228071,"26.23228071, 50.57988351"
269.0,SYRIA JEWELLERS,مجوهرات سوريا,SHOPPING,تسوق,JEWELERS,مجوهرات,304.0,CAPITAL,العاصمة,50.57329963,26.23211357,"26.23211357, 50.57329963"
270.0,TAMARA JEWELLERY,مجوهرات تمارا,SHOPPING,تسوق,JEWELERS,مجوهرات,304.0,CAPITAL,العاصمة,50.57989859,26.23142345,"26.23142345, 50.57989859"
271.0,TANWEER AKRAM JEWELLERY,مجوهرات تنوير أكرم,SHOPPING,تسوق,JEWELERS,مجوهرات,304.0,CAPITAL,العاصمة,50.57919288,26.23130197,"26.23130197, 50.57919288"
272.0,TASLEEM AKRAM JEWELLERY,مجوهرات تسليم أكرم,SHOPPING,تسوق,JEWELERS,مجوهرات,304.0,CAPITAL,العاصمة,50.57912133,26.23127589,"26.23127589, 50.57912133"
273.0,THAI SILVER JEWELLERY COLLECTION,مجوهرات تشكيلات الفضيات التايلاندية,SHOPPING,تسوق,JEWELERS,مجوهرات,304.0,CAPITAL,العاصمة,50.57329963,26.23211357,"26.23211357, 50.57329963"
274.0,THEKKUMPURAM JEWELLERY,ثيكومبورام للمجوهرات,SHOPPING,تسوق,JEWELERS,مجوهرات,304.0,CAPITAL,العاصمة,50.57329963,26.23211357,"26.23211357, 50.57329963"
275.0,TIFANI JEWELLERY,مجوهرات تيفاني,SHOPPING,تسوق,JEWELERS,مجوهرات,304.0,CAPITAL,العاصمة,50.57756523,26.23096335,"26.23096335, 50.57756523"
276.0,TIME ZONE JEWELLERY,مجوهرات المنطقة الزمنية,SHOPPING,تسوق,JEWELERS,مجوهرات,304.0,CAPITAL,العاصمة,50.57329963,26.23211357,"26.23211357, 50.57329963"
277.0,UNIVERSAL JEWELLERY,مجوهرات يونيفرسال,SHOPPING,تسوق,JEWELERS,مجوهرات,304.0,CAPITAL,العاصمة,50.57756523,26.23096335,"26.23096335, 50.57756523"
278.0,VENUS JEWELLERS,مجوهرات فينوس,SHOPPING,تسوق,JEWELERS,مجوهرات,304.0,CAPITAL,العاصمة,50.57872348,26.23106315,"26.23106315, 50.57872348"
279.0,VICTORIA JEWELLERY,مجوهرات فيكتوريا,SHOPPING,تسوق,JEWELERS,مجوهرات,304.0,CAPITAL,العاصمة,50.57756523,26.23096335,"26.23096335, 50.57756523"
280.0,VIKRAM JEWELLERS,مجوهرات فيكرام,SHOPPING,تسوق,JEWELERS,مجوهرات,304.0,CAPITAL,العاصمة,50.57329963,26.23211357,"26.23211357, 50.57329963"
281.0,VIRGINIA JEWELLERY,مجوهرات فرجينيا,SHOPPING,تسوق,JEWELERS,مجوهرات,304.0,CAPITAL,العاصمة,50.57756523,26.23096335,"26.23096335, 50.57756523"
282.0,WAEL PHARMACY,صيدلية وائل,HEALTH SERVICES,خدمات صحية,PHARMACIES,صيدليات,304.0,CAPITAL,العاصمة,50.57583342,26.23308126,"26.23308126, 50.57583342"
283.0,WAHEED JEWELLERY,مجوهرات وحيد,SHOPPING,تسوق,JEWELERS,مجوهرات,304.0,CAPITAL,العاصمة,50.57756523,26.23096335,"26.23096335, 50.57756523"
284.0,WESTERN JEWELLERY,مجوهرات الغربية,SHOPPING,تسوق,JEWELERS,مجوهرات,304.0,CAPITAL,العاصمة,50.57761754,26.23153871,"26.23153871, 50.57761754"
285.0,YASH JEWELLERS,مجوهرات ياش,SHOPPING,تسوق,JEWELERS,مجوهرات,304.0,CAPITAL,العاصمة,50.57329963,26.23211357,"26.23211357, 50.57329963"
286.0,YATEEM PHARMACY,صيدلية يتيم,HEALTH SERVICES,خدمات صحية,PHARMACIES,صيدليات,304.0,CAPITAL,العاصمة,50.57528948,26.23072047,"26.23072047, 50.57528948"
287.0,ZAIL JEWELLERY,مجوهرات زايل,SHOPPING,تسوق,JEWELERS,مجوهرات,304.0,CAPITAL,العاصمة,50.57329963,26.23211357,"26.23211357, 50.57329963"
288.0,ZAINAL JEWELLERS,مجوهرات زينل,SHOPPING,تسوق,JEWELERS,مجوهرات,304.0,CAPITAL,العاصمة,50.57721048,26.23107181,"26.23107181, 50.57721048"
289.0,AL AMANI JEWELLERY,مجوهرات الأماني,SHOPPING,تسوق,JEWELERS,مجوهرات,305.0,CAPITAL,العاصمة,50.58350585,26.23352784,"26.23352784, 50.58350585"
290.0,ALTADHAMUN CAR SHOWROOM,معرض التضامن للسيارات,SHOPPING,تسوق,CAR SHOWROOMS,معارض السيارات,305.0,CAPITAL,العاصمة,50.58218663,26.23051706,"26.23051706, 50.58218663"
291.0,DEVJI,ديفجي,SHOPPING,تسوق,JEWELERS,مجوهرات,305.0,CAPITAL,العاصمة,50.58154964,26.23320714,"26.23320714, 50.58154964"
292.0,AL NOOR PHARMACY,صيدلية النور,HEALTH SERVICES,خدمات صحية,PHARMACIES,صيدليات,306.0,CAPITAL,العاصمة,50.58385296,26.23267521,"26.23267521, 50.58385296"
293.0,ROTANA CARS,روتانا للسيارات,SHOPPING,تسوق,CAR SHOWROOMS,معارض السيارات,306.0,CAPITAL,العاصمة,50.58779964,26.23548606,"26.23548606, 50.58779964"
294.0,AHMED SHARIF FURNITURE,مفروشات أحمد شريف,SHOPPING,تسوق,FURNITURE SHOPS,أثاث,307.0,CAPITAL,العاصمة,50.58857653,26.22985624,"26.22985624, 50.58857653"
295.0,FOROOGHI PHARMACY,صيدلية فروغي,HEALTH SERVICES,خدمات صحية,PHARMACIES,صيدليات,307.0,CAPITAL,العاصمة,50.58161368,26.2294091,"26.2294091, 50.58161368"
296.0,GOOD LIFE PHARMACY,صيدلية جود لايف,HEALTH SERVICES,خدمات صحية,PHARMACIES,صيدليات,307.0,CAPITAL,العاصمة,50.58222839,26.22845042,"26.22845042, 50.58222839"
297.0,MUHARRAQ PHARMACY,صيدلية المحرق,HEALTH SERVICES,خدمات صحية,PHARMACIES,صيدليات,307.0,CAPITAL,العاصمة,50.58823664,26.23053487,"26.23053487, 50.58823664"
298.0,PRONTO DECOR,برونتو للديكور,SHOPPING,تسوق,FURNITURE SHOPS,أثاث,307.0,CAPITAL,العاصمة,50.58081966,26.22710643,"26.22710643, 50.58081966"
299.0,RAMEE FURNITURE,مفروشات رامي,SHOPPING,تسوق,FURNITURE SHOPS,أثاث,307.0,CAPITAL,العاصمة,50.58634953,26.23074943,"26.23074943, 50.58634953"
300.0,STYLE JEWELLERY,مجوهرات ستايل,SHOPPING,تسوق,JEWELERS,مجوهرات,307.0,CAPITAL,العاصمة,50.58390922,26.2277915,"26.2277915, 50.58390922"
301.0,TARIQ PHARMACY,صيدلية طارق,HEALTH SERVICES,خدمات صحية,PHARMACIES,صيدليات,307.0,CAPITAL,العاصمة,50.58251761,26.22809624,"26.22809624, 50.58251761"
302.0,DALEEL JEWELLERY,مجوهرات دليل,SHOPPING,تسوق,JEWELERS,مجوهرات,308.0,CAPITAL,العاصمة,50.58333076,26.22578055,"26.22578055, 50.58333076"
303.0,GOLDEN PHARMACY,صيدلية جولدن,HEALTH SERVICES,خدمات صحية,PHARMACIES,صيدليات,308.0,CAPITAL,العاصمة,50.58462711,26.22262669,"26.22262669, 50.58462711"
304.0,LINA PHARMACY,صيدلية لينا,HEALTH SERVICES,خدمات صحية,PHARMACIES,صيدليات,308.0,CAPITAL,العاصمة,50.58623145,26.22709248,"26.22709248, 50.58623145"
305.0,WONDERFUL SILVER,الرائع للفضيات,SHOPPING,تسوق,JEWELERS,مجوهرات,308.0,CAPITAL,العاصمة,50.58756919,26.22605706,"26.22605706, 50.58756919"
306.0,AL MASKATI PHARMACY,صيدلية المسقطي,HEALTH SERVICES,خدمات صحية,PHARMACIES,صيدليات,311.0,CAPITAL,العاصمة,50.57183513,26.21901711,"26.21901711, 50.57183513"
307.0,BAHRAIN PHARMACY,صيدلية البحرين,HEALTH SERVICES,خدمات صحية,PHARMACIES,صيدليات,313.0,CAPITAL,العاصمة,50.56317964,26.22634697,"26.22634697, 50.56317964"
308.0,HOME BOX FURNITURE,مفروشات هوم بوكس,SHOPPING,تسوق,FURNITURE SHOPS,أثاث,314.0,CAPITAL,العاصمة,50.56449727,26.22862022,"26.22862022, 50.56449727"
309.0,MANAMA PHARMACY,صيدلية المنامة,HEALTH SERVICES,خدمات صحية,PHARMACIES,صيدليات,315.0,CAPITAL,العاصمة,50.57213895,26.23152796,"26.23152796, 50.57213895"
310.0,AHMED AL WAZZAN JEWELLERY,مجوهرات أحمد الوزان,SHOPPING,تسوق,JEWELERS,مجوهرات,316.0,CAPITAL,العاصمة,50.58290572,26.23772249,"26.23772249, 50.58290572"
311.0,AL FARDEN JEWELLERY,مجوهرات الفردان,SHOPPING,تسوق,JEWELERS,مجوهرات,316.0,CAPITAL,العاصمة,50.58277924,26.23764463,"26.23764463, 50.58277924"
312.0,AL MAHMOOD PEARLS,لؤلؤ المحمود,SHOPPING,تسوق,JEWELERS,مجوهرات,316.0,CAPITAL,العاصمة,50.58283906,26.23765209,"26.23765209, 50.58283906"
313.0,AL MUDAIFA JEWELLERY,مجوهرات المديفع,SHOPPING,تسوق,JEWELERS,مجوهرات,316.0,CAPITAL,العاصمة,50.58269314,26.23752548,"26.23752548, 50.58269314"
314.0,AL SHARIF,الشريف,SHOPPING,تسوق,JEWELERS,مجوهرات,316.0,CAPITAL,العاصمة,50.58276288,26.23757919,"26.23757919, 50.58276288"
315.0,ASIA JEWELLERS,مجوهرات آسيا,SHOPPING,تسوق,JEWELERS,مجوهرات,316.0,CAPITAL,العاصمة,50.58272114,26.23755577,"26.23755577, 50.58272114"
316.0,AUDEMARS PIGUET,أوديمارس بيجو,SHOPPING,تسوق,JEWELERS,مجوهرات,316.0,CAPITAL,العاصمة,50.58185408,26.23836576,"26.23836576, 50.58185408"
317.0,BAHRAIN JEWELLERS CENTER,مركز البحرين للمجوهرات,SHOPPING,تسوق,JEWELERS,مجوهرات,316.0,CAPITAL,العاصمة,50.58273445,26.23761992,"26.23761992, 50.58273445"
318.0,BOUCHERON,بوشرون,SHOPPING,تسوق,JEWELERS,مجوهرات,316.0,CAPITAL,العاصمة,50.58196827,26.2384368,"26.2384368, 50.58196827"
319.0,BREITLING,برايتلينغ,SHOPPING,تسوق,JEWELERS,مجوهرات,316.0,CAPITAL,العاصمة,50.5819106,26.23867899,"26.23867899, 50.5819106"
320.0,BVLGARI,بولغاري,SHOPPING,تسوق,JEWELERS,مجوهرات,316.0,CAPITAL,العاصمة,50.58191329,26.23840224,"26.23840224, 50.58191329"
321.0,CARTIER,كارتيير,SHOPPING,تسوق,JEWELERS,مجوهرات,316.0,CAPITAL,العاصمة,50.58203174,26.23846566,"26.23846566, 50.58203174"
322.0,CHANEL FINE JEWELRY,مجوهرات شانيل فاين,SHOPPING,تسوق,JEWELERS,مجوهرات,316.0,CAPITAL,العاصمة,50.58208675,26.23849066,"26.23849066, 50.58208675"
323.0,CHOPARD,شوبارد,SHOPPING,تسوق,JEWELERS,مجوهرات,316.0,CAPITAL,العاصمة,50.58215656,26.23852527,"26.23852527, 50.58215656"
324.0,DE BEERS,دي بيرز,SHOPPING,تسوق,JEWELERS,مجوهرات,316.0,CAPITAL,العاصمة,50.58189238,26.23832382,"26.23832382, 50.58189238"
325.0,DECOR 8,8 للديكور,SHOPPING,تسوق,FURNITURE SHOPS,أثاث,316.0,CAPITAL,العاصمة,50.57813574,26.23630286,"26.23630286, 50.57813574"
326.0,KORLOFF PARIS,كورلوف باريس,SHOPPING,تسوق,JEWELERS,مجوهرات,316.0,CAPITAL,العاصمة,50.58201081,26.23839297,"26.23839297, 50.58201081"
327.0,MCLAREN CAR SHOWROOM,معرض ماكلارين للسيارات,SHOPPING,تسوق,CAR SHOWROOMS,معارض السيارات,316.0,CAPITAL,العاصمة,50.58230667,26.23907015,"26.23907015, 50.58230667"
328.0,MOAWADH JEWELLERY COMPANY,شركة مجوهرات معوض,SHOPPING,تسوق,JEWELERS,مجوهرات,316.0,CAPITAL,العاصمة,50.58281142,26.23763476,"26.23763476, 50.58281142"
329.0,OMEGA JEWELLERY,أوميجا للمجوهرات,SHOPPING,تسوق,JEWELERS,مجوهرات,316.0,CAPITAL,العاصمة,50.58207215,26.23842373,"26.23842373, 50.58207215"
330.0,PATEK PHILIPPE,باتيك فيليب,SHOPPING,تسوق,JEWELERS,مجوهرات,316.0,CAPITAL,العاصمة,50.58212081,26.2384468,"26.2384468, 50.58212081"
331.0,PIAGET,بياجيت,SHOPPING,تسوق,JEWELERS,مجوهرات,316.0,CAPITAL,العاصمة,50.58218006,26.23847373,"26.23847373, 50.58218006"
332.0,PIAGET,بياجيت,SHOPPING,تسوق,JEWELERS,مجوهرات,316.0,CAPITAL,العاصمة,50.58274124,26.23756705,"26.23756705, 50.58274124"
333.0,RAFIA JEWELLERS,مجوهرات رفيع,SHOPPING,تسوق,JEWELERS,مجوهرات,316.0,CAPITAL,العاصمة,50.58290023,26.23769044,"26.23769044, 50.58290023"
334.0,ROBERTO COIN,روبرتو كوين,SHOPPING,تسوق,JEWELERS,مجوهرات,316.0,CAPITAL,العاصمة,50.58198354,26.23831453,"26.23831453, 50.58198354"
335.0,ROLEX,روليكس,SHOPPING,تسوق,JEWELERS,مجوهرات,316.0,CAPITAL,العاصمة,50.58193279,26.23828189,"26.23828189, 50.58193279"
336.0,SIDDIQ JEWELLERS,مجوهرات صديق,SHOPPING,تسوق,JEWELERS,مجوهرات,316.0,CAPITAL,العاصمة,50.58274881,26.23759935,"26.23759935, 50.58274881"
337.0,TAQI AL MUDAIFA JEWELLERY,مجوهرات تقي المديفع,SHOPPING,تسوق,JEWELERS,مجوهرات,316.0,CAPITAL,العاصمة,50.58274353,26.23765559,"26.23765559, 50.58274353"
338.0,TIFFANY & CO.,تيفاني آند كو,SHOPPING,تسوق,JEWELERS,مجوهرات,316.0,CAPITAL,العاصمة,50.58204063,26.2383491,"26.2383491, 50.58204063"
339.0,VAN CLEEF & ARPELS,فان كليف آند أربلز,SHOPPING,تسوق,JEWELERS,مجوهرات,316.0,CAPITAL,العاصمة,50.5820935,26.23838174,"26.23838174, 50.5820935"
340.0,AL DANA PHARMACY,صيدلية الدانة,HEALTH SERVICES,خدمات صحية,PHARMACIES,صيدليات,318.0,CAPITAL,العاصمة,50.59051477,26.23578193,"26.23578193, 50.59051477"
341.0,AL NOOR PALACE,قصر النور,SHOPPING,تسوق,FURNITURE SHOPS,أثاث,318.0,CAPITAL,العاصمة,50.58960809,26.23216725,"26.23216725, 50.58960809"
342.0,WAEL PHARMACY,صيدلية وائل,HEALTH SERVICES,خدمات صحية,PHARMACIES,صيدليات,318.0,CAPITAL,العاصمة,50.59058215,26.23570346,"26.23570346, 50.59058215"
343.0,JAFFAR PHARMACY,صيدلية جعفر,HEALTH SERVICES,خدمات صحية,PHARMACIES,صيدليات,319.0,CAPITAL,العاصمة,50.59637726,26.23374844,"26.23374844, 50.59637726"
344.0,HAND MADE CARPET CENTER,مركز السجاد اليدوي,SHOPPING,تسوق,FURNITURE SHOPS,أثاث,320.0,CAPITAL,العاصمة,50.59587703,26.22998369,"26.22998369, 50.59587703"
345.0,MUHAMMAD JASSIM AL ZAYANI TRADING,محمد جاسم الزياني للتجارة,SHOPPING,تسوق,FURNITURE SHOPS,أثاث,320.0,CAPITAL,العاصمة,50.59763515,26.2336072,"26.2336072, 50.59763515"
346.0,ABDUL ALQADER MUHAMMAD ALKOOHEJI JEWELLERY,مجوهرات عبدالقادر محمد الكوهجي,SHOPPING,تسوق,JEWELERS,مجوهرات,321.0,CAPITAL,العاصمة,50.59046986,26.22701154,"26.22701154, 50.59046986"
347.0,AL AMAL PHARMACY,صيدلية الأمل,HEALTH SERVICES,خدمات صحية,PHARMACIES,صيدليات,321.0,CAPITAL,العاصمة,50.59272189,26.22720534,"26.22720534, 50.59272189"
348.0,AL RAYYAN JEWELLERY,مجوهرات الريان,SHOPPING,تسوق,JEWELERS,مجوهرات,321.0,CAPITAL,العاصمة,50.59009327,26.22814469,"26.22814469, 50.59009327"
349.0,ALMURBATI FURNITURE SHOWROOM,معرض المرباطي للأثاث,SHOPPING,تسوق,FURNITURE SHOPS,أثاث,321.0,CAPITAL,العاصمة,50.59571485,26.22835318,"26.22835318, 50.59571485"
350.0,BEHZAD PHARMACY,صيدلية بهزاد,HEALTH SERVICES,خدمات صحية,PHARMACIES,صيدليات,321.0,CAPITAL,العاصمة,50.58980659,26.22392393,"26.22392393, 50.58980659"
351.0,BRITE JEWELLERY,مجوهرات برايت,SHOPPING,تسوق,JEWELERS,مجوهرات,321.0,CAPITAL,العاصمة,50.5901911,26.22766922,"26.22766922, 50.5901911"
352.0,CALIFORNIA CARPETS CENTER,مركز كاليفورنيا للسجاد,SHOPPING,تسوق,FURNITURE SHOPS,أثاث,321.0,CAPITAL,العاصمة,50.59290349,26.22721678,"26.22721678, 50.59290349"
353.0,EMPEROR JEWELLERY,مجوهرات الإمبراطور,SHOPPING,تسوق,JEWELERS,مجوهرات,321.0,CAPITAL,العاصمة,50.59007748,26.2274578,"26.2274578, 50.59007748"
354.0,FARAH JEWELLERY,مجوهرات فرح,SHOPPING,تسوق,JEWELERS,مجوهرات,321.0,CAPITAL,العاصمة,50.59007383,26.22801691,"26.22801691, 50.59007383"
355.0,JAMBO JEWELLERS,مجوهرات جامبو,SHOPPING,تسوق,JEWELERS,مجوهرات,321.0,CAPITAL,العاصمة,50.59012968,26.22797868,"26.22797868, 50.59012968"
356.0,MALAK JEWELLERY,مجوهرات ملك,SHOPPING,تسوق,JEWELERS,مجوهرات,321.0,CAPITAL,العاصمة,50.59014712,26.22841666,"26.22841666, 50.59014712"
357.0,MUHAMMAD JEWELLERS,مجوهرات محمد,SHOPPING,تسوق,JEWELERS,مجوهرات,321.0,CAPITAL,العاصمة,50.59010571,26.22809101,"26.22809101, 50.59010571"
358.0,NEW JAMBO JEWELLERIES,مجوهرات جامبو الجديدة,SHOPPING,تسوق,JEWELERS,مجوهرات,321.0,CAPITAL,العاصمة,50.59011452,26.22804925,"26.22804925, 50.59011452"
359.0,NOON JEWELLERY,مجوهرات نون,SHOPPING,تسوق,JEWELERS,مجوهرات,321.0,CAPITAL,العاصمة,50.59015019,26.22788547,"26.22788547, 50.59015019"
360.0,QASSER AL JAMAL FURNITURE,قصر الجمال للأثاث,SHOPPING,تسوق,FURNITURE SHOPS,أثاث,321.0,CAPITAL,العاصمة,50.59240056,26.22669449,"26.22669449, 50.59240056"
361.0,RAFIA JEWELLERS,مجوهرات رفيع,SHOPPING,تسوق,JEWELERS,مجوهرات,321.0,CAPITAL,العاصمة,50.59029355,26.22727304,"26.22727304, 50.59029355"
362.0,RANIA JEWELLERY,مجوهرات رانيا,SHOPPING,تسوق,JEWELERS,مجوهرات,321.0,CAPITAL,العاصمة,50.59013029,26.2284952,"26.2284952, 50.59013029"
363.0,RULA PHARMACY,صيدلية رولى,HEALTH SERVICES,خدمات صحية,PHARMACIES,صيدليات,321.0,CAPITAL,العاصمة,50.5885798,26.22694215,"26.22694215, 50.5885798"
364.0,STYLE JEWELLERY,مجوهرات ستايل,SHOPPING,تسوق,JEWELERS,مجوهرات,321.0,CAPITAL,العاصمة,50.59012124,26.2280177,"26.2280177, 50.59012124"
365.0,TAJ JEWELLERY,مجوهرات تاج,SHOPPING,تسوق,JEWELERS,مجوهرات,321.0,CAPITAL,العاصمة,50.59018032,26.22773565,"26.22773565, 50.59018032"
366.0,ADAM TRADING CENTER FURNITURE,مركز آدم التجاري للمفروشات,SHOPPING,تسوق,FURNITURE SHOPS,أثاث,323.0,CAPITAL,العاصمة,50.58911961,26.23130786,"26.23130786, 50.58911961"
367.0,AIN PHARMACY,صيدلية عين,HEALTH SERVICES,خدمات صحية,PHARMACIES,صيدليات,324.0,CAPITAL,العاصمة,50.60820799,26.21714084,"26.21714084, 50.60820799"
368.0,CHEMISTS PHARMACY,صيدلية كيمستس,HEALTH SERVICES,خدمات صحية,PHARMACIES,صيدليات,324.0,CAPITAL,العاصمة,50.60454251,26.21910517,"26.21910517, 50.60454251"
369.0,JUFFAIR MARINA PHARMACY,صيدلية مارينا الجفير,HEALTH SERVICES,خدمات صحية,PHARMACIES,صيدليات,324.0,CAPITAL,العاصمة,50.60990685,26.22413635,"26.22413635, 50.60990685"
370.0,NASSER PHARMACY,صيدلية ناصر,HEALTH SERVICES,خدمات صحية,PHARMACIES,صيدليات,324.0,CAPITAL,العاصمة,50.6086117,26.2167436,"26.2167436, 50.6086117"
371.0,ROYAL CARPET,السجاد الملكي,SHOPPING,تسوق,FURNITURE SHOPS,أثاث,324.0,CAPITAL,العاصمة,50.60808095,26.21725474,"26.21725474, 50.60808095"
372.0,SHOWAITER SWEETS,حلويات شويطر,SHOPPING,تسوق,BAHRAINI SWEET,حلوى بحرينية,324.0,CAPITAL,العاصمة,50.60793851,26.2170358,"26.2170358, 50.60793851"
373.0,OUSIS CARPET,واحة السجاد,SHOPPING,تسوق,FURNITURE SHOPS,أثاث,326.0,CAPITAL,العاصمة,50.59104462,26.21495554,"26.21495554, 50.59104462"
374.0,RED SEA HAND MADE CARPETS,البحر الأحمر للسجاد اليدوي,SHOPPING,تسوق,FURNITURE SHOPS,أثاث,326.0,CAPITAL,العاصمة,50.59065574,26.21495781,"26.21495781, 50.59065574"
375.0,CARPET HOUSE,بيت السجاد,SHOPPING,تسوق,FURNITURE SHOPS,أثاث,327.0,CAPITAL,العاصمة,50.58699199,26.21319462,"26.21319462, 50.58699199"
376.0,LINA PHARMACY,صيدلية لينا,HEALTH SERVICES,خدمات صحية,PHARMACIES,صيدليات,327.0,CAPITAL,العاصمة,50.58895247,26.21430412,"26.21430412, 50.58895247"
377.0,PEACOCK CARPET CENTER,مركز الطاووس للسجاد,SHOPPING,تسوق,FURNITURE SHOPS,أثاث,327.0,CAPITAL,العاصمة,50.58732095,26.21334514,"26.21334514, 50.58732095"
378.0,ROYAL CARPET,السجاد الملكي,SHOPPING,تسوق,FURNITURE SHOPS,أثاث,327.0,CAPITAL,العاصمة,50.58902431,26.2143624,"26.2143624, 50.58902431"
379.0,TEHRAN CARPETS,طهران للسجاد,SHOPPING,تسوق,FURNITURE SHOPS,أثاث,327.0,CAPITAL,العاصمة,50.58886314,26.21424964,"26.21424964, 50.58886314"
380.0,AL HAYAT PHARMACY,صيدلية الحياة,HEALTH SERVICES,خدمات صحية,PHARMACIES,صيدليات,328.0,CAPITAL,العاصمة,50.5758286,26.21834344,"26.21834344, 50.5758286"
381.0,CITY FURNITURE,مفروشات سيتي,SHOPPING,تسوق,FURNITURE SHOPS,أثاث,328.0,CAPITAL,العاصمة,50.57451839,26.21839984,"26.21839984, 50.57451839"
382.0,NASSER PHARMACY,صيدلية ناصر,HEALTH SERVICES,خدمات صحية,PHARMACIES,صيدليات,328.0,CAPITAL,العاصمة,50.5786699,26.21297913,"26.21297913, 50.5786699"
383.0,AL BADER PHARMACY,صيدلية البدر,HEALTH SERVICES,خدمات صحية,PHARMACIES,صيدليات,329.0,CAPITAL,العاصمة,50.56882574,26.21615301,"26.21615301, 50.56882574"
384.0,AL FARABI PHARMACY,صيدلية الفارابي,HEALTH SERVICES,خدمات صحية,PHARMACIES,صيدليات,329.0,CAPITAL,العاصمة,50.56978384,26.21790665,"26.21790665, 50.56978384"
385.0,ALASFOOR CAR SHOWROOM,معرض العصفور للسيارات,SHOPPING,تسوق,CAR SHOWROOMS,معارض السيارات,329.0,CAPITAL,العاصمة,50.56605391,26.21453183,"26.21453183, 50.56605391"
386.0,HAMAD TOWN PHARMACIES GROUP,مجموعة صيدليات مدينة حمد,HEALTH SERVICES,خدمات صحية,PHARMACIES,صيدليات,330.0,CAPITAL,العاصمة,50.57222437,26.21083386,"26.21083386, 50.57222437"
387.0,SMART HOME,سمارت هوم,SHOPPING,تسوق,FURNITURE SHOPS,أثاث,330.0,CAPITAL,العاصمة,50.57248092,26.21084143,"26.21084143, 50.57248092"
388.0,YARA IRANION CARPET,يارا للسجاد الإيراني,SHOPPING,تسوق,FURNITURE SHOPS,أثاث,330.0,CAPITAL,العاصمة,50.57581583,26.21044816,"26.21044816, 50.57581583"
389.0,AL KINDY PHARMACY,صيدلية الكندي,HEALTH SERVICES,خدمات صحية,PHARMACIES,صيدليات,331.0,CAPITAL,العاصمة,50.5757579,26.20532422,"26.20532422, 50.5757579"
390.0,AL MARJ KITCHENS COMPANY,شركة المرج للمطابخ,SHOPPING,تسوق,FURNITURE SHOPS,أثاث,331.0,CAPITAL,العاصمة,50.57575363,26.20523328,"26.20523328, 50.57575363"
391.0,AL MASKATI PHARMACY,صيدلية المسقطي,HEALTH SERVICES,خدمات صحية,PHARMACIES,صيدليات,331.0,CAPITAL,العاصمة,50.57519962,26.20435857,"26.20435857, 50.57519962"
392.0,ATELIER AL QALDARI FURNISHING,مفروشات أتيليه القلداري,SHOPPING,تسوق,FURNITURE SHOPS,أثاث,331.0,CAPITAL,العاصمة,50.57515028,26.20393234,"26.20393234, 50.57515028"
393.0,FAREED ALUMINIUM CENTER,مركز فريد للألمنيوم,SHOPPING,تسوق,FURNITURE SHOPS,أثاث,331.0,CAPITAL,العاصمة,50.57575245,26.20595629,"26.20595629, 50.57575245"
394.0,AL FATEH PHARMACY,صيدلية الفاتح,HEALTH SERVICES,خدمات صحية,PHARMACIES,صيدليات,332.0,CAPITAL,العاصمة,50.57621732,26.21078109,"26.21078109, 50.57621732"
395.0,AQUART TRADING,أكوا آرت للتجارة,SHOPPING,تسوق,FURNITURE SHOPS,أثاث,332.0,CAPITAL,العاصمة,50.57749648,26.2103198,"26.2103198, 50.57749648"
396.0,CARPET LAND,أرض السجاد,SHOPPING,تسوق,FURNITURE SHOPS,أثاث,332.0,CAPITAL,العاصمة,50.57634901,26.20858491,"26.20858491, 50.57634901"
397.0,HUMAN PHARMACY,صيدلية هيومن,HEALTH SERVICES,خدمات صحية,PHARMACIES,صيدليات,332.0,CAPITAL,العاصمة,50.57715978,26.21031999,"26.21031999, 50.57715978"
398.0,NASSER PHARMACY,صيدلية ناصر,HEALTH SERVICES,خدمات صحية,PHARMACIES,صيدليات,332.0,CAPITAL,العاصمة,50.57626977,26.20680962,"26.20680962, 50.57626977"
399.0,NEW PHARMACY,صيدلية نيو,HEALTH SERVICES,خدمات صحية,PHARMACIES,صيدليات,332.0,CAPITAL,العاصمة,50.57891424,26.21046998,"26.21046998, 50.57891424"
400.0,UMM ALHASSAM PHARMACY,صيدلية أم الحصم,HEALTH SERVICES,خدمات صحية,PHARMACIES,صيدليات,335.0,CAPITAL,العاصمة,50.59290109,26.19997504,"26.19997504, 50.59290109"
401.0,AL BAREH ARTS,البارح للفنون التشكيلية,SHOPPING,تسوق,FURNITURE SHOPS,أثاث,336.0,CAPITAL,العاصمة,50.59042551,26.21259849,"26.21259849, 50.59042551"
402.0,SALMA PHARMACY,صيدلية سلمى,HEALTH SERVICES,خدمات صحية,PHARMACIES,صيدليات,337.0,CAPITAL,العاصمة,50.5964407,26.20211933,"26.20211933, 50.5964407"
403.0,AL TAHANI HAND MADE CARPETS CENTER,مركز التهاني للسجاد اليدوي,SHOPPING,تسوق,FURNITURE SHOPS,أثاث,338.0,CAPITAL,العاصمة,50.59062229,26.21481449,"26.21481449, 50.59062229"
404.0,BALQEES CARPETS,بلقيس للسجاد,SHOPPING,تسوق,FURNITURE SHOPS,أثاث,338.0,CAPITAL,العاصمة,50.59169262,26.21570201,"26.21570201, 50.59169262"
405.0,ISFAHAN CARPETS CENTER,مركز أصفهان للسجاد اليدوي,SHOPPING,تسوق,FURNITURE SHOPS,أثاث,338.0,CAPITAL,العاصمة,50.59049779,26.21481148,"26.21481148, 50.59049779"
406.0,SABA ANTIQUES,سبأ للتحف,SHOPPING,تسوق,FURNITURE SHOPS,أثاث,338.0,CAPITAL,العاصمة,50.59055823,26.21481294,"26.21481294, 50.59055823"
407.0,SILK HOUSE CENTER FOR CARPETS,مركز بيت الحرير للسجاد,SHOPPING,تسوق,FURNITURE SHOPS,أثاث,338.0,CAPITAL,العاصمة,50.59059956,26.21481394,"26.21481394, 50.59059956"
408.0,PANORAMA AUTO CENTER,شركة بانوراما للسيارات,SHOPPING,تسوق,CAR SHOWROOMS,معارض السيارات,339.0,CAPITAL,العاصمة,50.59760714,26.20198486,"26.20198486, 50.59760714"
409.0,AL MURJAN PHARMACY,صيدلية المرجان,HEALTH SERVICES,خدمات صحية,PHARMACIES,صيدليات,340.0,CAPITAL,العاصمة,50.60198989,26.21562832,"26.21562832, 50.60198989"
410.0,ALATHEER PHARMACY,صيدلية الأثير,HEALTH SERVICES,خدمات صحية,PHARMACIES,صيدليات,341.0,CAPITAL,العاصمة,50.60496489,26.21077756,"26.21077756, 50.60496489"
411.0,AMINAH HAMAD YOUSIF SHOWAITER SWEETS,حلويات أمينة حمد يوسف شويطر,SHOPPING,تسوق,BAHRAINI SWEET,حلوى بحرينية,341.0,CAPITAL,العاصمة,50.60489717,26.21081043,"26.21081043, 50.60489717"
412.0,HEART OF JUFFAIR PHARMACY,صيدلية قلب الجفير,HEALTH SERVICES,خدمات صحية,PHARMACIES,صيدليات,341.0,CAPITAL,العاصمة,50.60964826,26.21071727,"26.21071727, 50.60964826"
413.0,HOME BOX FURNITURE,مفروشات هوم بوكس,SHOPPING,تسوق,FURNITURE SHOPS,أثاث,341.0,CAPITAL,العاصمة,50.59983709,26.21539018,"26.21539018, 50.59983709"
414.0,SALMAN CARPET,سجاد سلمان,SHOPPING,تسوق,FURNITURE SHOPS,أثاث,341.0,CAPITAL,العاصمة,50.60510479,26.20931064,"26.20931064, 50.60510479"
415.0,VEIN PHARMACY,صيدلية فين,HEALTH SERVICES,خدمات صحية,PHARMACIES,صيدليات,341.0,CAPITAL,العاصمة,50.59969505,26.21549309,"26.21549309, 50.59969505"
416.0,VOLVO - MOTOR CITY,فولفو - موتور سيتي,SHOPPING,تسوق,CAR SHOWROOMS,معارض السيارات,343.0,CAPITAL,العاصمة,50.60351892,26.20092363,"26.20092363, 50.60351892"
417.0,AL JUFFAIR PHARMACY,صيدلية الجفير,HEALTH SERVICES,خدمات صحية,PHARMACIES,صيدليات,345.0,CAPITAL,العاصمة,50.6078548,26.21096307,"26.21096307, 50.6078548"
418.0,EVERSHINE JEWELLERY,إيفر شاين للمجوهرات,SHOPPING,تسوق,JEWELERS,مجوهرات,345.0,CAPITAL,العاصمة,50.60939932,26.21103612,"26.21103612, 50.60939932"
419.0,HAMAD ABDULLATIF YOUSIF SHOWAITER SWEETS,حلويات حمد عبداللطيف يوسف شويطر,SHOPPING,تسوق,BAHRAINI SWEET,حلوى بحرينية,345.0,CAPITAL,العاصمة,50.60870723,26.2109431,"26.2109431, 50.60870723"
420.0,JUFFAIR SQUARE PHARMACY,صيدلية جفير سكوير,HEALTH SERVICES,خدمات صحية,PHARMACIES,صيدليات,345.0,CAPITAL,العاصمة,50.60781456,26.21519111,"26.21519111, 50.60781456"
421.0,RAMZANA JEWELLERS,مجوهرات رمزانة,SHOPPING,تسوق,JEWELERS,مجوهرات,345.0,CAPITAL,العاصمة,50.60853948,26.21090902,"26.21090902, 50.60853948"
422.0,SEVEN SEAS JEWELLERY,مجوهرات البحار السبعة,SHOPPING,تسوق,JEWELERS,مجوهرات,345.0,CAPITAL,العاصمة,50.60933847,26.21110486,"26.21110486, 50.60933847"
423.0,AL ALAWI JEWELLERS,مجوهرات العلوي,SHOPPING,تسوق,JEWELERS,مجوهرات,346.0,CAPITAL,العاصمة,50.58638973,26.2477573,"26.2477573, 50.58638973"
424.0,AL JANAH JEWELLERS,مجوهرات الجنة,SHOPPING,تسوق,JEWELERS,مجوهرات,346.0,CAPITAL,العاصمة,50.58647532,26.24790088,"26.24790088, 50.58647532"
425.0,AL ZAIN JEWELLERY,مجوهرات الزين,SHOPPING,تسوق,JEWELERS,مجوهرات,346.0,CAPITAL,العاصمة,50.55512467,26.23328605,"26.23328605, 50.55512467"
426.0,ALMA KITCHENS,مصنع مطابخ ألما,SHOPPING,تسوق,FURNITURE SHOPS,أثاث,346.0,CAPITAL,العاصمة,50.57715558,26.2461772,"26.2461772, 50.57715558"
427.0,AMAL AL MAJID JEWELLERY,مجوهرات آمل الماجد,SHOPPING,تسوق,JEWELERS,مجوهرات,346.0,CAPITAL,العاصمة,50.55526039,26.2332934,"26.2332934, 50.55526039"
428.0,AMINAH GALLERY,أمينة جاليري,SHOPPING,تسوق,JEWELERS,مجوهرات,346.0,CAPITAL,العاصمة,50.55538741,26.23329212,"26.23329212, 50.55538741"
429.0,ASIA JEWELLERS,مجوهرات آسيا,SHOPPING,تسوق,JEWELERS,مجوهرات,346.0,CAPITAL,العاصمة,50.5555135,26.23329144,"26.23329144, 50.5555135"
430.0,BAHRAIN ALUMINIUM KITCHEN,مطابخ ألمنيوم البحرين,SHOPPING,تسوق,FURNITURE SHOPS,أثاث,346.0,CAPITAL,العاصمة,50.57717128,26.24608077,"26.24608077, 50.57717128"
431.0,BAHRAIN JEWELLERY CENTER,مركز البحرين للمجوهرات,SHOPPING,تسوق,JEWELERS,مجوهرات,346.0,CAPITAL,العاصمة,50.5547064,26.23195235,"26.23195235, 50.5547064"
432.0,BAHRAIN JEWELLERY CENTER,مركز البحرين للمجوهرات,SHOPPING,تسوق,JEWELERS,مجوهرات,346.0,CAPITAL,العاصمة,50.55562197,26.23329333,"26.23329333, 50.55562197"
433.0,BAHRAIN PHARMACY,صيدلية البحرين,HEALTH SERVICES,خدمات صحية,PHARMACIES,صيدليات,346.0,CAPITAL,العاصمة,50.55465434,26.23305102,"26.23305102, 50.55465434"
434.0,BOOTS PHARMACY,صيدلية بوتس,HEALTH SERVICES,خدمات صحية,PHARMACIES,صيدليات,346.0,CAPITAL,العاصمة,50.58634144,26.24717843,"26.24717843, 50.58634144"
435.0,BOOTS PHARMACY,صيدلية بوتس,HEALTH SERVICES,خدمات صحية,PHARMACIES,صيدليات,346.0,CAPITAL,العاصمة,50.55480589,26.23321723,"26.23321723, 50.55480589"
436.0,BREITLING,بريتلينج,SHOPPING,تسوق,JEWELERS,مجوهرات,346.0,CAPITAL,العاصمة,50.5559797,26.23274131,"26.23274131, 50.5559797"
437.0,CHARRIOL JEWELLERY,شاريول للمجوهرات,SHOPPING,تسوق,JEWELERS,مجوهرات,346.0,CAPITAL,العاصمة,50.55572857,26.23329784,"26.23329784, 50.55572857"
438.0,CORONET JEWELLERY,الإكليل للمجوهرات,SHOPPING,تسوق,JEWELERS,مجوهرات,346.0,CAPITAL,العاصمة,50.55573422,26.23320468,"26.23320468, 50.55573422"
439.0,D.HAUS FURNISHING,مفروشات د.هاوز,SHOPPING,تسوق,FURNITURE SHOPS,أثاث,346.0,CAPITAL,العاصمة,50.55408542,26.23327459,"26.23327459, 50.55408542"
440.0,DAMAS JEWELLERY,مجوهرات داماس,SHOPPING,تسوق,JEWELERS,مجوهرات,346.0,CAPITAL,العاصمة,50.55420516,26.23306493,"26.23306493, 50.55420516"
441.0,DAMAS JEWELLERY,مجوهرات داماس,SHOPPING,تسوق,JEWELERS,مجوهرات,346.0,CAPITAL,العاصمة,50.58482611,26.24411589,"26.24411589, 50.58482611"
442.0,DAMAS KIDS,داماس كيدز,SHOPPING,تسوق,JEWELERS,مجوهرات,346.0,CAPITAL,العاصمة,50.55582193,26.23246008,"26.23246008, 50.55582193"
443.0,DEVJI AURUM,ديفجي اوروم,SHOPPING,تسوق,JEWELERS,مجوهرات,346.0,CAPITAL,العاصمة,50.55350388,26.23209192,"26.23209192, 50.55350388"
444.0,ELEGANT CARS SHOWROOM,معرض إليجانت للسيارات,SHOPPING,تسوق,CAR SHOWROOMS,معارض السيارات,346.0,CAPITAL,العاصمة,50.55398143,26.23213699,"26.23213699, 50.55398143"
445.0,ENGLISH HOME FURNITURE,مفروشات انجلش هوم,SHOPPING,تسوق,FURNITURE SHOPS,أثاث,346.0,CAPITAL,العاصمة,50.55423389,26.23327637,"26.23327637, 50.55423389"
446.0,GNC PHARMACY,صيدلية جي ان سي,HEALTH SERVICES,خدمات صحية,PHARMACIES,صيدليات,346.0,CAPITAL,العاصمة,50.55482894,26.23249156,"26.23249156, 50.55482894"
447.0,HAMASAT JEWELLERS,مجوهرات همسات,SHOPPING,تسوق,JEWELERS,مجوهرات,346.0,CAPITAL,العاصمة,50.55579885,26.23257622,"26.23257622, 50.55579885"
448.0,HOME CENTER,هوم سنتر,SHOPPING,تسوق,FURNITURE SHOPS,أثاث,346.0,CAPITAL,العاصمة,50.5541998,26.2326454,"26.2326454, 50.5541998"
449.0,HOMES R US FURNITURE,مفروشات هومز آر اس,SHOPPING,تسوق,FURNITURE SHOPS,أثاث,346.0,CAPITAL,العاصمة,50.55438633,26.23327576,"26.23327576, 50.55438633"
450.0,HOUR CHOICE,ساعة الصفوة,SHOPPING,تسوق,JEWELERS,مجوهرات,346.0,CAPITAL,العاصمة,50.55562564,26.23319957,"26.23319957, 50.55562564"
451.0,JAMAL SHOWAITER SWEET,حلويات جمال شويطر,SHOPPING,تسوق,BAHRAINI SWEET,حلوى بحرينية,346.0,CAPITAL,العاصمة,50.58565661,26.24703704,"26.24703704, 50.58565661"
452.0,JAWHARAH JEWELLERY,جوهرة للمجوهرات,SHOPPING,تسوق,JEWELERS,مجوهرات,346.0,CAPITAL,العاصمة,50.55551437,26.23320161,"26.23320161, 50.55551437"
453.0,JEWEL ORIUM JEWELLERS,مجوهرات جوهرة أوريوم,SHOPPING,تسوق,JEWELERS,مجوهرات,346.0,CAPITAL,العاصمة,50.58664778,26.24782613,"26.24782613, 50.58664778"
454.0,LA Z BOY FURNITURE,مفروشات ليزي بوي,SHOPPING,تسوق,FURNITURE SHOPS,أثاث,346.0,CAPITAL,العاصمة,50.55452711,26.23327775,"26.23327775, 50.55452711"
455.0,LONGINES JEWELLERY,لونجنيس للمجوهرات,SHOPPING,تسوق,JEWELERS,مجوهرات,346.0,CAPITAL,العاصمة,50.55539253,26.23320124,"26.23320124, 50.55539253"
456.0,MOUJI FURNITURE,مفروشات موجي,SHOPPING,تسوق,FURNITURE SHOPS,أثاث,346.0,CAPITAL,العاصمة,50.58525256,26.24420995,"26.24420995, 50.58525256"
457.0,OMEGA JEWELLERY,أوميجا للمجوهرات,SHOPPING,تسوق,JEWELERS,مجوهرات,346.0,CAPITAL,العاصمة,50.55526538,26.23320084,"26.23320084, 50.55526538"
458.0,PANDORA JEWELLERY,بندورا للمجوهرات,SHOPPING,تسوق,JEWELERS,مجوهرات,346.0,CAPITAL,العاصمة,50.55513031,26.23319565,"26.23319565, 50.55513031"
459.0,PANDORA JEWELLERY,بندورا للمجوهرات,SHOPPING,تسوق,JEWELERS,مجوهرات,346.0,CAPITAL,العاصمة,50.58582377,26.24601054,"26.24601054, 50.58582377"
460.0,PIECES FURNITURE,مفروشات بيسس,SHOPPING,تسوق,FURNITURE SHOPS,أثاث,346.0,CAPITAL,العاصمة,50.55466114,26.2332796,"26.2332796, 50.55466114"
461.0,POTTERY BARN FURNITURE,مفروشات بوتري بارن,SHOPPING,تسوق,FURNITURE SHOPS,أثاث,346.0,CAPITAL,العاصمة,50.586614,26.24734785,"26.24734785, 50.586614"
462.0,RADO & TISSOT JEWELLERY,رادو و تيسوت للمجوهرات,SHOPPING,تسوق,JEWELERS,مجوهرات,346.0,CAPITAL,العاصمة,50.55501112,26.23319289,"26.23319289, 50.55501112"
463.0,RIVOLI,ريفولي,SHOPPING,تسوق,JEWELERS,مجوهرات,346.0,CAPITAL,العاصمة,50.58607152,26.24610621,"26.24610621, 50.58607152"
464.0,RIVOLI,ريفولي,SHOPPING,تسوق,JEWELERS,مجوهرات,346.0,CAPITAL,العاصمة,50.55616943,26.23258954,"26.23258954, 50.55616943"
465.0,ROLEX,روليكس,SHOPPING,تسوق,JEWELERS,مجوهرات,346.0,CAPITAL,العاصمة,50.55489192,26.23319252,"26.23319252, 50.55489192"
466.0,RUG LAND FURNITURE,مفروشات رغ لاند,SHOPPING,تسوق,FURNITURE SHOPS,أثاث,346.0,CAPITAL,العاصمة,50.55477544,26.23328019,"26.23328019, 50.55477544"
467.0,SWAROVSKI JEWELLERY,سواروفسكي للمجوهرات,SHOPPING,تسوق,JEWELERS,مجوهرات,346.0,CAPITAL,العاصمة,50.58633614,26.24680513,"26.24680513, 50.58633614"
468.0,SWAROVSKI JEWELLERY,سواروفسكي للمجوهرات,SHOPPING,تسوق,JEWELERS,مجوهرات,346.0,CAPITAL,العاصمة,50.55323914,26.2322276,"26.2322276, 50.55323914"
469.0,TAG HEUER JEWELLERY,تاج هيور للمجوهرات,SHOPPING,تسوق,JEWELERS,مجوهرات,346.0,CAPITAL,العاصمة,50.55404262,26.23230513,"26.23230513, 50.55404262"
470.0,TEMPUR FURNITURE,مفروشات تمبور,SHOPPING,تسوق,FURNITURE SHOPS,أثاث,346.0,CAPITAL,العاصمة,50.5548851,26.23328065,"26.23328065, 50.5548851"
471.0,TRAFALGAR JEWELLERY,مجوهرات الطرف الأغر,SHOPPING,تسوق,JEWELERS,مجوهرات,346.0,CAPITAL,العاصمة,50.58543082,26.24472432,"26.24472432, 50.58543082"
472.0,VILLEROY & BOCH,فيليروي وبوش,SHOPPING,تسوق,FURNITURE SHOPS,أثاث,346.0,CAPITAL,العاصمة,50.55500878,26.23328558,"26.23328558, 50.55500878"
473.0,WEST ELM FURNITURE,مفروشات ويست إلم,SHOPPING,تسوق,FURNITURE SHOPS,أثاث,346.0,CAPITAL,العاصمة,50.58685202,26.24746201,"26.24746201, 50.58685202"
474.0,ZARA HOME,زارا هوم,SHOPPING,تسوق,FURNITURE SHOPS,أثاث,346.0,CAPITAL,العاصمة,50.55565698,26.23292317,"26.23292317, 50.55565698"
475.0,LIFE CARE PHARMACY,صيدلية لايف كير,HEALTH SERVICES,خدمات صحية,PHARMACIES,صيدليات,351.0,CAPITAL,العاصمة,50.55317549,26.23022793,"26.23022793, 50.55317549"
476.0,RAKAN CAR SHOWROOM,معرض راكان للسيارات,SHOPPING,تسوق,CAR SHOWROOMS,معارض السيارات,354.0,CAPITAL,العاصمة,50.54809322,26.21951862,"26.21951862, 50.54809322"
477.0,KIA MOTORS - BIN HINDI CAR SHOWROOM,كيا موتورز - بن هندي للسيارات,SHOPPING,تسوق,CAR SHOWROOMS,معارض السيارات,356.0,CAPITAL,العاصمة,50.5557554,26.21154154,"26.21154154, 50.5557554"
478.0,GULF FURNITURE HOUSE,البيت الخليجي للمفروشات,SHOPPING,تسوق,FURNITURE SHOPS,أثاث,357.0,CAPITAL,العاصمة,50.55401963,26.20848852,"26.20848852, 50.55401963"
479.0,PIECES FURNITURE,مفروشات بيسس,SHOPPING,تسوق,FURNITURE SHOPS,أثاث,357.0,CAPITAL,العاصمة,50.55367879,26.20827962,"26.20827962, 50.55367879"
480.0,AʻALI FURNITURE,مفروشات عالي,SHOPPING,تسوق,FURNITURE SHOPS,أثاث,358.0,CAPITAL,العاصمة,50.55971655,26.21333335,"26.21333335, 50.55971655"
481.0,AHMED AL ZAYANI & SONS MOTORS,أحمد الزياني واولاده للسيارات,SHOPPING,تسوق,CAR SHOWROOMS,معارض السيارات,358.0,CAPITAL,العاصمة,50.56213285,26.21421433,"26.21421433, 50.56213285"
482.0,EMIRATES STARS FURNITURE,مفروشات نجوم الإمارات,SHOPPING,تسوق,FURNITURE SHOPS,أثاث,358.0,CAPITAL,العاصمة,50.55951131,26.2132658,"26.2132658, 50.55951131"
483.0,JAC MOTORS,جاك موتورز,SHOPPING,تسوق,CAR SHOWROOMS,معارض السيارات,358.0,CAPITAL,العاصمة,50.55931736,26.21320214,"26.21320214, 50.55931736"
484.0,AL ALAWI PHARMACY,صيدلية العلوي,HEALTH SERVICES,خدمات صحية,PHARMACIES,صيدليات,359.0,CAPITAL,العاصمة,50.56583588,26.21123725,"26.21123725, 50.56583588"
485.0,BU RASHID FURNISHING,مفروشات بوراشد,SHOPPING,تسوق,FURNITURE SHOPS,أثاث,363.0,CAPITAL,العاصمة,50.55408079,26.20791586,"26.20791586, 50.55408079"
486.0,DECO VISION,ديكو فيجن,SHOPPING,تسوق,FURNITURE SHOPS,أثاث,363.0,CAPITAL,العاصمة,50.55436081,26.20814759,"26.20814759, 50.55436081"
487.0,FADAK FURNITURE,مفروشات فدك,SHOPPING,تسوق,FURNITURE SHOPS,أثاث,363.0,CAPITAL,العاصمة,50.55069881,26.2070049,"26.2070049, 50.55069881"
488.0,GHASSAN CAR CENTER,مركز غسان للسيارات,SHOPPING,تسوق,CAR SHOWROOMS,معارض السيارات,363.0,CAPITAL,العاصمة,50.55465111,26.20843408,"26.20843408, 50.55465111"
489.0,HIGHPOINT FURNITURE,هاي بوينت للمفروشات,SHOPPING,تسوق,FURNITURE SHOPS,أثاث,363.0,CAPITAL,العاصمة,50.55416881,26.2079883,"26.2079883, 50.55416881"
490.0,MARS FURNITURE,مارس للمفروشات,SHOPPING,تسوق,FURNITURE SHOPS,أثاث,363.0,CAPITAL,العاصمة,50.55589735,26.21072038,"26.21072038, 50.55589735"
491.0,MOTORY CAR SHOWROOM,معرض موتري للسيارات,SHOPPING,تسوق,CAR SHOWROOMS,معارض السيارات,363.0,CAPITAL,العاصمة,50.55348747,26.20758481,"26.20758481, 50.55348747"
492.0,MUHAMMAD JALAL & SONS - SUZUKI,محمد جلال وأولاده - سوزوكي,SHOPPING,تسوق,CAR SHOWROOMS,معارض السيارات,363.0,CAPITAL,العاصمة,50.55673406,26.2118564,"26.2118564, 50.55673406"
493.0,ROMANTIC FURNITURE,رومانتك للأثاث,SHOPPING,تسوق,FURNITURE SHOPS,أثاث,363.0,CAPITAL,العاصمة,50.55455614,26.20832243,"26.20832243, 50.55455614"
494.0,AL ALAWI PHARMACY,صيدلية العلوي,HEALTH SERVICES,خدمات صحية,PHARMACIES,صيدليات,364.0,CAPITAL,العاصمة,50.558919,26.20047396,"26.20047396, 50.558919"
495.0,KHALIL ABBAS KITCHENS,مطابخ خليل عباس,SHOPPING,تسوق,FURNITURE SHOPS,أثاث,364.0,CAPITAL,العاصمة,50.5586951,26.2003148,"26.2003148, 50.5586951"
496.0,AHMED SHARIF FURNITURE,مفروشات أحمد شريف,SHOPPING,تسوق,FURNITURE SHOPS,أثاث,368.0,CAPITAL,العاصمة,50.53784983,26.20467901,"26.20467901, 50.53784983"
497.0,AL MUNTAZAH FURNITURE,مفروشات المنتزه,SHOPPING,تسوق,FURNITURE SHOPS,أثاث,368.0,CAPITAL,العاصمة,50.5389535,26.20512538,"26.20512538, 50.5389535"
498.0,EURO BLINDS,الستائر الأوروبية,SHOPPING,تسوق,FURNITURE SHOPS,أثاث,368.0,CAPITAL,العاصمة,50.53507794,26.19940268,"26.19940268, 50.53507794"
499.0,MONDIAL CAR CENTER,مركز مونديال لبيع وشراء السيارات,SHOPPING,تسوق,CAR SHOWROOMS,معارض السيارات,368.0,CAPITAL,العاصمة,50.53502451,26.19951897,"26.19951897, 50.53502451"
500.0,NATIONAL MOTOR COMPANY,الشركة الوطنية للسيارات,SHOPPING,تسوق,CAR SHOWROOMS,معارض السيارات,368.0,CAPITAL,العاصمة,50.53948972,26.20524321,"26.20524321, 50.53948972"
501.0,SOLA FURNITURE,مفروشات سولا,SHOPPING,تسوق,FURNITURE SHOPS,أثاث,368.0,CAPITAL,العاصمة,50.53723287,26.20429987,"26.20429987, 50.53723287"
502.0,EID ADAM FURNITURE,مفروشات عيد آدم,SHOPPING,تسوق,FURNITURE SHOPS,أثاث,405.0,CAPITAL,العاصمة,50.54826191,26.20751152,"26.20751152, 50.54826191"
503.0,DURRAT SANABIS PHARMACY,صيدلية درة سنابس,HEALTH SERVICES,خدمات صحية,PHARMACIES,صيدليات,408.0,CAPITAL,العاصمة,50.54949431,26.22624934,"26.22624934, 50.54949431"
504.0,AL JAZEERAH PHARMACY,صيدلية الجزيرة,HEALTH SERVICES,خدمات صحية,PHARMACIES,صيدليات,410.0,CAPITAL,العاصمة,50.53828421,26.22893888,"26.22893888, 50.53828421"
505.0,DAMAS JEWELLERY,مجوهرات داماس,SHOPPING,تسوق,JEWELERS,مجوهرات,410.0,CAPITAL,العاصمة,50.5383566,26.22886325,"26.22886325, 50.5383566"
506.0,HOUR CHOICE,ساعة الصفوة,SHOPPING,تسوق,JEWELERS,مجوهرات,410.0,CAPITAL,العاصمة,50.53813432,26.22885202,"26.22885202, 50.53813432"
507.0,LIFESTYLE FINE JEWELLERY,مجوهرات لايف ستايل فاين,SHOPPING,تسوق,JEWELERS,مجوهرات,410.0,CAPITAL,العاصمة,50.53797887,26.22876107,"26.22876107, 50.53797887"
508.0,LIGNE ROSET,الروزية,SHOPPING,تسوق,FURNITURE SHOPS,أثاث,410.0,CAPITAL,العاصمة,50.5494985,26.23054525,"26.23054525, 50.5494985"
509.0,PERSIAN SILVER,الفارسية للفضة,SHOPPING,تسوق,JEWELERS,مجوهرات,410.0,CAPITAL,العاصمة,50.53783873,26.22884747,"26.22884747, 50.53783873"
510.0,THE HOME STORE FURNITURE,مفروشات هوم ستور,SHOPPING,تسوق,FURNITURE SHOPS,أثاث,410.0,CAPITAL,العاصمة,50.53790832,26.22927195,"26.22927195, 50.53790832"
511.0,BUKANAN FURNITURE,مفروشات بوكنان,SHOPPING,تسوق,FURNITURE SHOPS,أثاث,411.0,CAPITAL,العاصمة,50.54068384,26.20676133,"26.20676133, 50.54068384"
512.0,SARAH FURNISHING,مفروشات سارة,SHOPPING,تسوق,FURNITURE SHOPS,أثاث,411.0,CAPITAL,العاصمة,50.54389092,26.21067427,"26.21067427, 50.54389092"
513.0,HOME BASE,هوم بيس,SHOPPING,تسوق,FURNITURE SHOPS,أثاث,412.0,CAPITAL,العاصمة,50.53671856,26.22726462,"26.22726462, 50.53671856"
514.0,JAMAL SHOWAITER SWEET,حلويات جمال شويطر,SHOPPING,تسوق,BAHRAINI SWEET,حلوى بحرينية,412.0,CAPITAL,العاصمة,50.53927046,26.22678168,"26.22678168, 50.53927046"
515.0,MUHAMMAD ABDULLAH SHOWAITER SWEET,حلويات محمد عبدالله شويطر,SHOPPING,تسوق,BAHRAINI SWEET,حلوى بحرينية,412.0,CAPITAL,العاصمة,50.53771934,26.22693311,"26.22693311, 50.53771934"
516.0,ALADLIYAH FURNISHING,مفروشات العدلية,SHOPPING,تسوق,FURNITURE SHOPS,أثاث,413.0,CAPITAL,العاصمة,50.537783,26.20540495,"26.20540495, 50.537783"
517.0,BAQER FURNISHING COMPLEX,مجمع باقر للمفروشات,SHOPPING,تسوق,FURNITURE SHOPS,أثاث,413.0,CAPITAL,العاصمة,50.5367344,26.20478875,"26.20478875, 50.5367344"
518.0,AL RAZI PHARMACY,صيدلية الرازي,HEALTH SERVICES,خدمات صحية,PHARMACIES,صيدليات,414.0,CAPITAL,العاصمة,50.53659903,26.22047807,"26.22047807, 50.53659903"
519.0,AL HEKMA PHARMACY,صيدلية الحكمة,HEALTH SERVICES,خدمات صحية,PHARMACIES,صيدليات,422.0,CAPITAL,العاصمة,50.53447408,26.21956194,"26.21956194, 50.53447408"
520.0,ABU ALI JEWELLERY,مجوهرات أبو علي,SHOPPING,تسوق,JEWELERS,مجوهرات,423.0,CAPITAL,العاصمة,50.53883251,26.2191381,"26.2191381, 50.53883251"
521.0,AL ADHRA JEWELLERY,مجوهرات العذراء,SHOPPING,تسوق,JEWELERS,مجوهرات,423.0,CAPITAL,العاصمة,50.53893622,26.21915155,"26.21915155, 50.53893622"
522.0,AL AJYAL JEWELLERY,مجوهرات الأجيال,SHOPPING,تسوق,JEWELERS,مجوهرات,423.0,CAPITAL,العاصمة,50.53895863,26.21915426,"26.21915426, 50.53895863"
523.0,AL DUR JEWELLERY,مجوهرات الدرّ,SHOPPING,تسوق,JEWELERS,مجوهرات,423.0,CAPITAL,العاصمة,50.53893622,26.21915155,"26.21915155, 50.53893622"
524.0,ALADEL JEWELLERY,مجوهرات العادل,SHOPPING,تسوق,JEWELERS,مجوهرات,423.0,CAPITAL,العاصمة,50.5397104,26.21921654,"26.21921654, 50.5397104"
525.0,AL BAHAʻI PALACE FURNITURE,قصر البهائي للمفروشات,SHOPPING,تسوق,FURNITURE SHOPS,أثاث,426.0,CAPITAL,العاصمة,50.51782402,26.21762545,"26.21762545, 50.51782402"
526.0,DAR AL SALAM PHARMACY,صيدلية دار السلام,HEALTH SERVICES,خدمات صحية,PHARMACIES,صيدليات,426.0,CAPITAL,العاصمة,50.51823754,26.21752383,"26.21752383, 50.51823754"
527.0,AHMED AL WAZZAN JEWELLERY,مجوهرات أحمد الوزان,SHOPPING,تسوق,JEWELERS,مجوهرات,428.0,CAPITAL,العاصمة,50.53787051,26.23162415,"26.23162415, 50.53787051"
528.0,AL DAWLIYA JEWELLERS,مجوهرات الدولية,SHOPPING,تسوق,JEWELERS,مجوهرات,428.0,CAPITAL,العاصمة,50.53808174,26.23263417,"26.23263417, 50.53808174"
529.0,AL FARDEN JEWELLERY,مجوهرات الفردان,SHOPPING,تسوق,JEWELERS,مجوهرات,428.0,CAPITAL,العاصمة,50.5382873,26.23172702,"26.23172702, 50.5382873"
530.0,AL HASHIMI JEWELLERY,مجوهرات الهاشمي,SHOPPING,تسوق,JEWELERS,مجوهرات,428.0,CAPITAL,العاصمة,50.53798249,26.23261295,"26.23261295, 50.53798249"
531.0,AL MAHMOOD PEARLS,لؤلؤ المحمود,SHOPPING,تسوق,JEWELERS,مجوهرات,428.0,CAPITAL,العاصمة,50.53778481,26.23152831,"26.23152831, 50.53778481"
532.0,AL MUDAIFA JEWELLERY,مجوهرات المديفع,SHOPPING,تسوق,JEWELERS,مجوهرات,428.0,CAPITAL,العاصمة,50.53788585,26.23243585,"26.23243585, 50.53788585"
533.0,AL SARRAJ DIAMOND CENTER,مركز السراج للألماس,SHOPPING,تسوق,JEWELERS,مجوهرات,428.0,CAPITAL,العاصمة,50.53786645,26.23181525,"26.23181525, 50.53786645"
534.0,AL SEEF PHARMACY,صيدلية السيف,HEALTH SERVICES,خدمات صحية,PHARMACIES,صيدليات,428.0,CAPITAL,العاصمة,50.53944992,26.23234689,"26.23234689, 50.53944992"
535.0,AL SHARIF JEWELLERY,مجوهرات الشريف,SHOPPING,تسوق,JEWELERS,مجوهرات,428.0,CAPITAL,العاصمة,50.53949964,26.23230502,"26.23230502, 50.53949964"
536.0,AL TASAHUL JEWELLERS,مجوهرات التساهل,SHOPPING,تسوق,JEWELERS,مجوهرات,428.0,CAPITAL,العاصمة,50.53778443,26.23162387,"26.23162387, 50.53778443"
537.0,AL TURATH JEWELLERY,مجوهرات التراث,SHOPPING,تسوق,JEWELERS,مجوهرات,428.0,CAPITAL,العاصمة,50.53799098,26.23214115,"26.23214115, 50.53799098"
538.0,AL ZAIN,الزين,SHOPPING,تسوق,JEWELERS,مجوهرات,428.0,CAPITAL,العاصمة,50.53795105,26.23135259,"26.23135259, 50.53795105"
539.0,ALKOOHEJI JEWELLERY,مجوهرات الكوهجي,SHOPPING,تسوق,JEWELERS,مجوهرات,428.0,CAPITAL,العاصمة,50.53787752,26.23253258,"26.23253258, 50.53787752"
540.0,ARGAN SILVER,اركان للفضيات,SHOPPING,تسوق,JEWELERS,مجوهرات,428.0,CAPITAL,العاصمة,50.5382898,26.23193308,"26.23193308, 50.5382898"
541.0,ASIA JEWELLERS,مجوهرات آسيا,SHOPPING,تسوق,JEWELERS,مجوهرات,428.0,CAPITAL,العاصمة,50.54114961,26.23263627,"26.23263627, 50.54114961"
542.0,ʻAZZAH JEWELLERY,مجوهرات عزة,SHOPPING,تسوق,JEWELERS,مجوهرات,428.0,CAPITAL,العاصمة,50.5405572,26.23276399,"26.23276399, 50.5405572"
543.0,BLUE DIAMOND JEWELLERY,مجوهرات الماسة الزرقاء,SHOPPING,تسوق,JEWELERS,مجوهرات,428.0,CAPITAL,العاصمة,50.53795733,26.23143928,"26.23143928, 50.53795733"
544.0,BREITLING BOUTIQUE,بوتيك بريتلينغ,SHOPPING,تسوق,JEWELERS,مجوهرات,428.0,CAPITAL,العاصمة,50.53817524,26.2324344,"26.2324344, 50.53817524"
545.0,BVLGARI,بولغاري,SHOPPING,تسوق,JEWELERS,مجوهرات,428.0,CAPITAL,العاصمة,50.54067017,26.23266282,"26.23266282, 50.54067017"
546.0,CAIRO PHARMACY,صيدلية القاهرة,HEALTH SERVICES,خدمات صحية,PHARMACIES,صيدليات,428.0,CAPITAL,العاصمة,50.54280333,26.23620575,"26.23620575, 50.54280333"
547.0,DAMAS JEWELLERY,مجوهرات داماس,SHOPPING,تسوق,JEWELERS,مجوهرات,428.0,CAPITAL,العاصمة,50.53787122,26.23144498,"26.23144498, 50.53787122"
548.0,DEEMZ JEWELLERY,مجوهرات ديمز,SHOPPING,تسوق,JEWELERS,مجوهرات,428.0,CAPITAL,العاصمة,50.54104107,26.23264907,"26.23264907, 50.54104107"
549.0,DELUXE STORE,متجر ديلوكس,SHOPPING,تسوق,JEWELERS,مجوهرات,428.0,CAPITAL,العاصمة,50.53666223,26.23156053,"26.23156053, 50.53666223"
550.0,DEVJI JEWELLERY,مجوهرات ديفجي,SHOPPING,تسوق,JEWELERS,مجوهرات,428.0,CAPITAL,العاصمة,50.53665191,26.23165904,"26.23165904, 50.53665191"
551.0,HANI AL SALMAN JEWELLERY,مجوهرات هاني السلمان,SHOPPING,تسوق,JEWELERS,مجوهرات,428.0,CAPITAL,العاصمة,50.5405576,26.23266246,"26.23266246, 50.5405576"
552.0,HAPPY TIMES,هبي تايمز,SHOPPING,تسوق,JEWELERS,مجوهرات,428.0,CAPITAL,العاصمة,50.53806177,26.23135293,"26.23135293, 50.53806177"
553.0,INTERNATIONAL JEWELLERY,المجوهرات العالمية,SHOPPING,تسوق,JEWELERS,مجوهرات,428.0,CAPITAL,العاصمة,50.54091522,26.23265465,"26.23265465, 50.54091522"
554.0,JAWAHER AL ʻAZZ,جواهر العز,SHOPPING,تسوق,JEWELERS,مجوهرات,428.0,CAPITAL,العاصمة,50.53848317,26.23243538,"26.23243538, 50.53848317"
555.0,JAWAHER ASIL,جواهر أصيل,SHOPPING,تسوق,JEWELERS,مجوهرات,428.0,CAPITAL,العاصمة,50.5375718,26.23180535,"26.23180535, 50.5375718"
556.0,MATTAR JEWELLERS - THE HOUSE OF NATURAL PEARLS,مطر للجواهر - بيت اللؤلؤ الطبيعي,SHOPPING,تسوق,JEWELERS,مجوهرات,428.0,CAPITAL,العاصمة,50.540796,26.23266024,"26.23266024, 50.540796"
557.0,MOUAWAD JEWELLERY,مجوهرات معوض,SHOPPING,تسوق,JEWELERS,مجوهرات,428.0,CAPITAL,العاصمة,50.53849257,26.23173066,"26.23173066, 50.53849257"
558.0,PHOENICIA DECOR,فينيسيا للديكور,SHOPPING,تسوق,FURNITURE SHOPS,أثاث,428.0,CAPITAL,العاصمة,50.53856581,26.24092324,"26.24092324, 50.53856581"
559.0,RAFIA JEWELLERS,مجوهرات رفيع,SHOPPING,تسوق,JEWELERS,مجوهرات,428.0,CAPITAL,العاصمة,50.53817598,26.23224627,"26.23224627, 50.53817598"
560.0,SAHER JEWELLERY,مجوهرات ساهر,SHOPPING,تسوق,JEWELERS,مجوهرات,428.0,CAPITAL,العاصمة,50.53779176,26.23144472,"26.23144472, 50.53779176"
561.0,SAROULLA,سارولا,SHOPPING,تسوق,JEWELERS,مجوهرات,428.0,CAPITAL,العاصمة,50.53779046,26.23260935,"26.23260935, 50.53779046"
562.0,SEDAR ALBAHRAIN FURNISHING,سيدار البحرين للمفروشات,SHOPPING,تسوق,FURNITURE SHOPS,أثاث,428.0,CAPITAL,العاصمة,50.54971325,26.23430373,"26.23430373, 50.54971325"
563.0,SWAROVSKI JEWELLERY,سواروفسكي للمجوهرات,SHOPPING,تسوق,JEWELERS,مجوهرات,428.0,CAPITAL,العاصمة,50.53798584,26.23243928,"26.23243928, 50.53798584"
564.0,TAQI AL MUDAIFA JEWELLERY,مجوهرات تقي المديفع,SHOPPING,تسوق,JEWELERS,مجوهرات,428.0,CAPITAL,العاصمة,50.54067566,26.2329525,"26.2329525, 50.54067566"
565.0,TURATH JEWELLERY,مجوهرات التراث,SHOPPING,تسوق,JEWELERS,مجوهرات,428.0,CAPITAL,العاصمة,50.53953921,26.23234528,"26.23234528, 50.53953921"
566.0,VENICE JEWELLERY,مجوهرات فينيسيا,SHOPPING,تسوق,JEWELERS,مجوهرات,428.0,CAPITAL,العاصمة,50.53788082,26.23152862,"26.23152862, 50.53788082"
567.0,MONTREAL CAR SHOWROOM,معرض مونتريال للسيارات,SHOPPING,تسوق,CAR SHOWROOMS,معارض السيارات,436.0,CAPITAL,العاصمة,50.53454311,26.23763463,"26.23763463, 50.53454311"
568.0,AL KUBAISI MOTOR,الكبيسي موتور,SHOPPING,تسوق,CAR SHOWROOMS,معارض السيارات,604.0,CAPITAL,العاصمة,50.60254895,26.17164532,"26.17164532, 50.60254895"
569.0,BEHBEHANI BROTHERS,بهبهاني وإخوانه,SHOPPING,تسوق,CAR SHOWROOMS,معارض السيارات,604.0,CAPITAL,العاصمة,50.60528139,26.16648278,"26.16648278, 50.60528139"
570.0,CHINESE CENTER FOR KITCHEN EQUIPMENT COMPANY,شركة المركز الصيني لمعدات المطابخ,SHOPPING,تسوق,FURNITURE SHOPS,أثاث,604.0,CAPITAL,العاصمة,50.60494719,26.17459152,"26.17459152, 50.60494719"
571.0,GULF INTERIORS,جلف للديكور,SHOPPING,تسوق,FURNITURE SHOPS,أثاث,604.0,CAPITAL,العاصمة,50.60274188,26.17242915,"26.17242915, 50.60274188"
572.0,NATIONAL MOTOR COMPANY,الشركة الوطنية للسيارات,SHOPPING,تسوق,CAR SHOWROOMS,معارض السيارات,604.0,CAPITAL,العاصمة,50.60426926,26.16995039,"26.16995039, 50.60426926"
573.0,VOLVO - MOTOR CITY,فولفو - موتور سيتي,SHOPPING,تسوق,CAR SHOWROOMS,معارض السيارات,604.0,CAPITAL,العاصمة,50.60308725,26.17092325,"26.17092325, 50.60308725"
574.0,10 STAR FURNITURE,تن ستار للأثاث,SHOPPING,تسوق,FURNITURE SHOPS,أثاث,606.0,CAPITAL,العاصمة,50.60643416,26.15852068,"26.15852068, 50.60643416"
575.0,ABDULLAH YOUSIF FAKHRO AND SONS - BYD,عبدالله يوسف فخرو وأولاده - بي واي دي,SHOPPING,تسوق,CAR SHOWROOMS,معارض السيارات,606.0,CAPITAL,العاصمة,50.60717009,26.15798793,"26.15798793, 50.60717009"
576.0,ARA KITCHENS,آرا للمطابخ,SHOPPING,تسوق,FURNITURE SHOPS,أثاث,606.0,CAPITAL,العاصمة,50.60825039,26.15681157,"26.15681157, 50.60825039"
577.0,DELUXE HOME ART DECOR,ديلوكس هوم آرت للديكور,SHOPPING,تسوق,FURNITURE SHOPS,أثاث,606.0,CAPITAL,العاصمة,50.60623683,26.15906443,"26.15906443, 50.60623683"
578.0,DOOR CARE FURNITURE,مفروشات العناية بالأبواب,SHOPPING,تسوق,FURNITURE SHOPS,أثاث,606.0,CAPITAL,العاصمة,50.60562515,26.16158185,"26.16158185, 50.60562515"
579.0,JASSIM PHARMACY,صيدلية جاسم,HEALTH SERVICES,خدمات صحية,PHARMACIES,صيدليات,606.0,CAPITAL,العاصمة,50.60687557,26.16425439,"26.16425439, 50.60687557"
580.0,PARKY WOODEN LAND FURNITURE,باركيه ودن لاند للأثاث,SHOPPING,تسوق,FURNITURE SHOPS,أثاث,606.0,CAPITAL,العاصمة,50.6090639,26.15635273,"26.15635273, 50.6090639"
581.0,TOTO FURNITURE,توتو للأثاث,SHOPPING,تسوق,FURNITURE SHOPS,أثاث,606.0,CAPITAL,العاصمة,50.60567251,26.16138321,"26.16138321, 50.60567251"
582.0,ABDULLAH YOUSIF FAKHRO AND SONS - CAR SHOWROOM,عبدالله يوسف فخرو وأولاده - معارض للسيارات,SHOPPING,تسوق,CAR SHOWROOMS,معارض السيارات,608.0,CAPITAL,العاصمة,50.61391206,26.15372597,"26.15372597, 50.61391206"
583.0,BUKANNAN FACTORY OUTLET,مصنع بوكنان للأثاث,SHOPPING,تسوق,FURNITURE SHOPS,أثاث,608.0,CAPITAL,العاصمة,50.61939629,26.14795083,"26.14795083, 50.61939629"
584.0,GAC MOTOR,جي ايه سي موتور,SHOPPING,تسوق,CAR SHOWROOMS,معارض السيارات,608.0,CAPITAL,العاصمة,50.61920661,26.14858082,"26.14858082, 50.61920661"
585.0,INTERNATIONAL MOTOR TRADING AGENCY - MAZDA CAR SHOWROOM,الوكالة الدولية لتجارة السيارات - معرض مازدا للسيارات,SHOPPING,تسوق,CAR SHOWROOMS,معارض السيارات,608.0,CAPITAL,العاصمة,50.6110902,26.15546467,"26.15546467, 50.6110902"
586.0,JOOD DECOR MATERIALS,جود لمواد الديكور,SHOPPING,تسوق,FURNITURE SHOPS,أثاث,608.0,CAPITAL,العاصمة,50.61533722,26.15314653,"26.15314653, 50.61533722"
587.0,MONTREAL CAR SHOWROOM,معرض مونتريال للسيارات,SHOPPING,تسوق,CAR SHOWROOMS,معارض السيارات,608.0,CAPITAL,العاصمة,50.61354571,26.1539286,"26.1539286, 50.61354571"
588.0,ORIENTAL FURNITURE,الأثاث الشرقي,SHOPPING,تسوق,FURNITURE SHOPS,أثاث,608.0,CAPITAL,العاصمة,50.61880128,26.14980755,"26.14980755, 50.61880128"
589.0,YOUSIF KHALIL AL MOAYYED & SONS - CAR SHOWROOM,يوسف خليل المؤيد وأولاده - معارض للسيارات,SHOPPING,تسوق,CAR SHOWROOMS,معارض السيارات,608.0,CAPITAL,العاصمة,50.61705244,26.15179452,"26.15179452, 50.61705244"
590.0,YOUSIF KHALIL AL MOAYYED & SONS - CAR SHOWROOM,يوسف خليل المؤيد وأولاده - معارض للسيارات,SHOPPING,تسوق,CAR SHOWROOMS,معارض السيارات,608.0,CAPITAL,العاصمة,50.61833129,26.15067255,"26.15067255, 50.61833129"
591.0,YOUSIF KHALIL AL MOAYYED & SONS - CAR SHOWROOMS,يوسف خليل المؤيد وأولاده - معارض للسيارات,SHOPPING,تسوق,CAR SHOWROOMS,معارض السيارات,608.0,CAPITAL,العاصمة,50.61781839,26.15113161,"26.15113161, 50.61781839"
592.0,YOUSIF KHALIL AL MOAYYED & SONS - HEAVY EQUIPMENT SHOWROOM,يوسف خليل المؤيد وأولاده - صالة عرض المعدات الثقيلة,SHOPPING,تسوق,CAR SHOWROOMS,معارض السيارات,608.0,CAPITAL,العاصمة,50.61674604,26.1519981,"26.1519981, 50.61674604"
593.0,BAHRAIN ALUMINIUM KITCHEN,مطابخ ألمنيوم البحرين,SHOPPING,تسوق,FURNITURE SHOPS,أثاث,611.0,CAPITAL,العاصمة,50.6053014,26.15857111,"26.15857111, 50.6053014"
594.0,BEHBEHANI BROTHERS,بهبهاني وإخوانه,SHOPPING,تسوق,CAR SHOWROOMS,معارض السيارات,611.0,CAPITAL,العاصمة,50.60912093,26.15377511,"26.15377511, 50.60912093"
595.0,EBRAHIM KHALIL KANOO COMPANY - TOYOTA,شركة إبراهيم خليل كانو - تويوتا,SHOPPING,تسوق,CAR SHOWROOMS,معارض السيارات,611.0,CAPITAL,العاصمة,50.60329879,26.16916236,"26.16916236, 50.60329879"
596.0,EURO MOTORS,السيارات الأوربية,SHOPPING,تسوق,CAR SHOWROOMS,معارض السيارات,611.0,CAPITAL,العاصمة,50.61135811,26.15368864,"26.15368864, 50.61135811"
597.0,ID DESIGN,آي دي ديزاين,SHOPPING,تسوق,FURNITURE SHOPS,أثاث,611.0,CAPITAL,العاصمة,50.60135327,26.16829308,"26.16829308, 50.60135327"
598.0,KANOO FOR USED CARS,كانو للسيارات المستعملة,SHOPPING,تسوق,CAR SHOWROOMS,معارض السيارات,611.0,CAPITAL,العاصمة,50.60394498,26.16605644,"26.16605644, 50.60394498"
599.0,NASSER PHARMACY,صيدلية ناصر,HEALTH SERVICES,خدمات صحية,PHARMACIES,صيدليات,611.0,CAPITAL,العاصمة,50.60209977,26.1692366,"26.1692366, 50.60209977"
600.0,UNITED COMMERCIAL AGENCIES,الوكالات التجارية المتحدة,SHOPPING,تسوق,CAR SHOWROOMS,معارض السيارات,611.0,CAPITAL,العاصمة,50.60442885,26.16313794,"26.16313794, 50.60442885"
601.0,YOUSIF KHALIL AL MOAYYED & SONS - CAR SHOWROOM,يوسف خليل المؤيد وأولاده - معارض للسيارات,SHOPPING,تسوق,CAR SHOWROOMS,معارض السيارات,611.0,CAPITAL,العاصمة,50.60463595,26.16228518,"26.16228518, 50.60463595"
602.0,ABDUL ALLATIF ALAWADI FURNITURE,مفروشات عبداللطيف العوضي,SHOPPING,تسوق,FURNITURE SHOPS,أثاث,623.0,CAPITAL,العاصمة,50.61141187,26.13869968,"26.13869968, 50.61141187"
603.0,AL MOAYYED MOTORS - FORD,المؤيد موتورز - فورد,SHOPPING,تسوق,CAR SHOWROOMS,معارض السيارات,623.0,CAPITAL,العاصمة,50.61794038,26.14575587,"26.14575587, 50.61794038"
604.0,ALKOOHEJI HOUSE FURNITURE,مفروشات بيت الكوهجي,SHOPPING,تسوق,FURNITURE SHOPS,أثاث,623.0,CAPITAL,العاصمة,50.61183908,26.13894614,"26.13894614, 50.61183908"
605.0,AHMED AL ZAYANI & SONS MOTORS - SKODA,أحمد الزياني واولاده للسيارات - سكودا,SHOPPING,تسوق,CAR SHOWROOMS,معارض السيارات,624.0,CAPITAL,العاصمة,50.60782434,26.13644723,"26.13644723, 50.60782434"
606.0,AL GHASSAN MOTORS,الغسان للسيارات,SHOPPING,تسوق,CAR SHOWROOMS,معارض السيارات,626.0,CAPITAL,العاصمة,50.60611241,26.13485013,"26.13485013, 50.60611241"
607.0,AL MANNAI MOTORS,المناعي للسيارات,SHOPPING,تسوق,CAR SHOWROOMS,معارض السيارات,626.0,CAPITAL,العاصمة,50.60562537,26.13438669,"26.13438669, 50.60562537"
608.0,BIN HINDI CAR SHOWROOM - KIA MOTORS,بن هندي للسيارات - كيا موتورز,SHOPPING,تسوق,CAR SHOWROOMS,معارض السيارات,626.0,CAPITAL,العاصمة,50.6071154,26.13577008,"26.13577008, 50.6071154"
609.0,DREAM HOME FURNITURE,مفروشات دريم هوم,SHOPPING,تسوق,FURNITURE SHOPS,أثاث,626.0,CAPITAL,العاصمة,50.60450768,26.1332963,"26.1332963, 50.60450768"
610.0,FIRST MOTORS,فيرست موتورز,SHOPPING,تسوق,CAR SHOWROOMS,معارض السيارات,626.0,CAPITAL,العاصمة,50.60496448,26.13371091,"26.13371091, 50.60496448"
611.0,ABDUL JABBAR ALKOOHEJI GROUP FOR FURNITURE,مجموعة عبدالجبار الكوهجي للأثاث,SHOPPING,تسوق,FURNITURE SHOPS,أثاث,634.0,CAPITAL,العاصمة,50.60716886,26.13454643,"26.13454643, 50.60716886"
612.0,ABDULLAH AHMED BIN HINDI,عبدالله أحمد بن هندي,SHOPPING,تسوق,CAR SHOWROOMS,معارض السيارات,634.0,CAPITAL,العاصمة,50.6058387,26.13327386,"26.13327386, 50.6058387"
613.0,FIRST MOTORS – HYUNDAI,فيرست موتورز - هيونداي,SHOPPING,تسوق,CAR SHOWROOMS,معارض السيارات,634.0,CAPITAL,العاصمة,50.60799655,26.13534796,"26.13534796, 50.60799655"
614.0,MAZDA CAR SHOWROOM,معرض مازدا للسيارات,SHOPPING,تسوق,CAR SHOWROOMS,معارض السيارات,634.0,CAPITAL,العاصمة,50.60919191,26.13605994,"26.13605994, 50.60919191"
615.0,SUNFLOWER FURNITURE,مفروشات صن فلاور,SHOPPING,تسوق,FURNITURE SHOPS,أثاث,634.0,CAPITAL,العاصمة,50.60342632,26.13125738,"26.13125738, 50.60342632"
616.0,WAFI FOR USED CARS TRADING,وافي لتجارة السيارات المستعملة,SHOPPING,تسوق,CAR SHOWROOMS,معارض السيارات,634.0,CAPITAL,العاصمة,50.60418204,26.13187822,"26.13187822, 50.60418204"
617.0,YOUSIF KHALIL AL MOAYYED & SONS - CAR SHOWROOM,يوسف خليل المؤيد وأولاده - معارض للسيارات,SHOPPING,تسوق,CAR SHOWROOMS,معارض السيارات,634.0,CAPITAL,العاصمة,50.60477617,26.13234002,"26.13234002, 50.60477617"
618.0,AL BURAQ PHARMACY,صيدلية البراق,HEALTH SERVICES,خدمات صحية,PHARMACIES,صيدليات,701.0,CAPITAL,العاصمة,50.54424737,26.19378756,"26.19378756, 50.54424737"
619.0,AL JAWHARAH MOTORS,الجوهرة للسيارات,SHOPPING,تسوق,CAR SHOWROOMS,معارض السيارات,701.0,CAPITAL,العاصمة,50.54422414,26.19393252,"26.19393252, 50.54422414"
620.0,CAPITAL HOUSE FURNISHING,مفروشات بيت العاصمة,SHOPPING,تسوق,FURNITURE SHOPS,أثاث,701.0,CAPITAL,العاصمة,50.53687469,26.18832409,"26.18832409, 50.53687469"
621.0,EBRAHIM KHALIL KANOO COMPANY - TOYOTA,شركة إبراهيم خليل كانو - تويوتا,SHOPPING,تسوق,CAR SHOWROOMS,معارض السيارات,701.0,CAPITAL,العاصمة,50.53998022,26.18687182,"26.18687182, 50.53998022"
622.0,MAZDA CAR SHOWROOM,معرض مازدا للسيارات,SHOPPING,تسوق,CAR SHOWROOMS,معارض السيارات,701.0,CAPITAL,العاصمة,50.53673982,26.18879376,"26.18879376, 50.53673982"
623.0,MCLAREN BAHRAIN,مكلارين البحرين,SHOPPING,تسوق,CAR SHOWROOMS,معارض السيارات,701.0,CAPITAL,العاصمة,50.53953705,26.18765719,"26.18765719, 50.53953705"
624.0,SAEED ABDULLAH AL HADDAD & BROTHERS CAR SHOWROOM,معرض سعيد عبدالله الحداد وأخويه للسيارات,SHOPPING,تسوق,CAR SHOWROOMS,معارض السيارات,701.0,CAPITAL,العاصمة,50.53701903,26.18743707,"26.18743707, 50.53701903"
625.0,ZUMANA DECOR,زومانا للديكور,SHOPPING,تسوق,FURNITURE SHOPS,أثاث,701.0,CAPITAL,العاصمة,50.54847997,26.19159973,"26.19159973, 50.54847997"
626.0,AL MARAYA PHARMACY,صيدلية المرايا,HEALTH SERVICES,خدمات صحية,PHARMACIES,صيدليات,705.0,CAPITAL,العاصمة,50.5478628,26.18004701,"26.18004701, 50.5478628"
627.0,AL NAWRAS JEWELLERS,مجوهرات النورس,SHOPPING,تسوق,JEWELERS,مجوهرات,705.0,CAPITAL,العاصمة,50.54522751,26.18383736,"26.18383736, 50.54522751"
628.0,AL NOOR JEWELLERS,مجوهرات النور,SHOPPING,تسوق,JEWELERS,مجوهرات,705.0,CAPITAL,العاصمة,50.54520567,26.18383763,"26.18383763, 50.54520567"
629.0,AL RABAB JEWELLERS,مجوهرات الرباب,SHOPPING,تسوق,JEWELERS,مجوهرات,705.0,CAPITAL,العاصمة,50.54526054,26.18383628,"26.18383628, 50.54526054"
630.0,RAWAEA AL ZAHRA' JEWELLERY,مجوهرات روائع الزهراء,SHOPPING,تسوق,JEWELERS,مجوهرات,705.0,CAPITAL,العاصمة,50.54509668,26.1838403,"26.1838403, 50.54509668"
631.0,AFIFI KITCHENS,مطابخ عفيفي,SHOPPING,تسوق,FURNITURE SHOPS,أثاث,711.0,CAPITAL,العاصمة,50.56490672,26.2024418,"26.2024418, 50.56490672"
632.0,AL HALABI KITCHEN EQUIPMENTS,الحلبي لمعدات المطابخ,SHOPPING,تسوق,FURNITURE SHOPS,أثاث,711.0,CAPITAL,العاصمة,50.56510431,26.20243398,"26.20243398, 50.56510431"
633.0,AL HALABI KITCHEN EQUIPMENTS,الحلبي لمعدات المطابخ,SHOPPING,تسوق,FURNITURE SHOPS,أثاث,711.0,CAPITAL,العاصمة,50.56504234,26.20244895,"26.20244895, 50.56504234"
634.0,AL HUDA PHARMACY,صيدلية الهدى,HEALTH SERVICES,خدمات صحية,PHARMACIES,صيدليات,711.0,CAPITAL,العاصمة,50.55773884,26.18740492,"26.18740492, 50.55773884"
635.0,AL MASHRIQ KITCHENS FURNISHING,أثاث المشرق للمطابخ,SHOPPING,تسوق,FURNITURE SHOPS,أثاث,711.0,CAPITAL,العاصمة,50.56495963,26.2024397,"26.2024397, 50.56495963"
636.0,AMERICAN KITCHENS,المطابخ الأمريكية,SHOPPING,تسوق,FURNITURE SHOPS,أثاث,711.0,CAPITAL,العاصمة,50.56421538,26.20237329,"26.20237329, 50.56421538"
637.0,ARADOUSK KITCHEN AND CLOSET,أرادوسك للمطابخ والخزائن,SHOPPING,تسوق,FURNITURE SHOPS,أثاث,711.0,CAPITAL,العاصمة,50.56594843,26.202286,"26.202286, 50.56594843"
638.0,EPICA KITCHEN AND CLOSETS,مطابخ وخزائن إبيكا,SHOPPING,تسوق,FURNITURE SHOPS,أثاث,711.0,CAPITAL,العاصمة,50.56173112,26.20098351,"26.20098351, 50.56173112"
639.0,GERMAN KITCHENS FURNISHING,أثاث المطابخ الألمانية,SHOPPING,تسوق,FURNITURE SHOPS,أثاث,711.0,CAPITAL,العاصمة,50.56487116,26.20244147,"26.20244147, 50.56487116"
640.0,GULF PHARMACY,صيدلية الخليج,HEALTH SERVICES,خدمات صحية,PHARMACIES,صيدليات,711.0,CAPITAL,العاصمة,50.56062859,26.20010359,"26.20010359, 50.56062859"
641.0,HAJI GALLERY FURNITURE,مفروشات حاجي جاليري,SHOPPING,تسوق,FURNITURE SHOPS,أثاث,711.0,CAPITAL,العاصمة,50.55790587,26.19694196,"26.19694196, 50.55790587"
642.0,I CABINETS FURNISHING,آي كبينتس للأثاث,SHOPPING,تسوق,FURNITURE SHOPS,أثاث,711.0,CAPITAL,العاصمة,50.56457198,26.20242145,"26.20242145, 50.56457198"
643.0,INMA TEC KITCHEN EQUIPMENT,إنما تك لمعدات المطابخ,SHOPPING,تسوق,FURNITURE SHOPS,أثاث,711.0,CAPITAL,العاصمة,50.55728222,26.18930449,"26.18930449, 50.55728222"
644.0,ITALIAN KITCHENS FURNISHING,أثاث المطابخ الإيطالية,SHOPPING,تسوق,FURNITURE SHOPS,أثاث,711.0,CAPITAL,العاصمة,50.56501047,26.20243769,"26.20243769, 50.56501047"
645.0,KENZ FURNISHING,مفروشات كينز,SHOPPING,تسوق,FURNITURE SHOPS,أثاث,711.0,CAPITAL,العاصمة,50.56370324,26.20216002,"26.20216002, 50.56370324"
646.0,KOOHEJI HOME WOOD WORKS,كوهجي هوم للأعمال الخشبية,SHOPPING,تسوق,FURNITURE SHOPS,أثاث,711.0,CAPITAL,العاصمة,50.56522736,26.20242902,"26.20242902, 50.56522736"
647.0,LYXBERGMANN TRADING KITCHEN,مطبخ ليكسبيرجمان التجاري,SHOPPING,تسوق,FURNITURE SHOPS,أثاث,711.0,CAPITAL,العاصمة,50.56340628,26.18503147,"26.18503147, 50.56340628"
648.0,MAMMOTH MEDICAL MATTRESSES,مراتب ماموث الطبية,SHOPPING,تسوق,FURNITURE SHOPS,أثاث,711.0,CAPITAL,العاصمة,50.56371787,26.20209053,"26.20209053, 50.56371787"
649.0,MOBILIA UNO FURNITURE,مفروشات موبيليا أونو,SHOPPING,تسوق,FURNITURE SHOPS,أثاث,711.0,CAPITAL,العاصمة,50.55782652,26.19689862,"26.19689862, 50.55782652"
650.0,MY GARDEN FURNITURE,مفروشات حديقتي,SHOPPING,تسوق,FURNITURE SHOPS,أثاث,711.0,CAPITAL,العاصمة,50.55713157,26.1965742,"26.1965742, 50.55713157"
651.0,NUZUL WOOD WORKS,نزل للأعمال الخشبية,SHOPPING,تسوق,FURNITURE SHOPS,أثاث,711.0,CAPITAL,العاصمة,50.56279454,26.20175172,"26.20175172, 50.56279454"
652.0,RIA MOTORS,ريا موتورز,SHOPPING,تسوق,CAR SHOWROOMS,معارض السيارات,711.0,CAPITAL,العاصمة,50.56091632,26.20037003,"26.20037003, 50.56091632"
653.0,TITOLO INTERIOR DESIGNING AND TRADING,تيتولو للتصميم الداخلي والتجارة,SHOPPING,تسوق,FURNITURE SHOPS,أثاث,711.0,CAPITAL,العاصمة,50.56558358,26.20235613,"26.20235613, 50.56558358"
654.0,TITOLO SHOWROOM - HACKER KITCHEN,معرض تيتولو - مطابخ هاكر,SHOPPING,تسوق,FURNITURE SHOPS,أثاث,711.0,CAPITAL,العاصمة,50.56543962,26.20243534,"26.20243534, 50.56543962"
655.0,WOODCO CARPENTRY AND TRADING,وودكو للمطابخ والخزائن,SHOPPING,تسوق,FURNITURE SHOPS,أثاث,711.0,CAPITAL,العاصمة,50.56580724,26.20242649,"26.20242649, 50.56580724"
656.0,YOUSIF MAHMOOD HUSSAIN COMPANY,شركه يوسف محمود حسين,HEALTH SERVICES,خدمات صحية,PHARMACIES,صيدليات,711.0,CAPITAL,العاصمة,50.55727256,26.18934532,"26.18934532, 50.55727256"
657.0,ZAINAB AL SAYED INTERIOR DESIGN,زينب السيد للتصميم الداخلي,SHOPPING,تسوق,FURNITURE SHOPS,أثاث,711.0,CAPITAL,العاصمة,50.56530953,26.20242555,"26.20242555, 50.56530953"
658.0,AL RABIA PHARMACY,صيدلية الربيع,HEALTH SERVICES,خدمات صحية,PHARMACIES,صيدليات,721.0,CAPITAL,العاصمة,50.56294883,26.1759203,"26.1759203, 50.56294883"
659.0,SHOWAITER SWEETS,حلويات شويطر,SHOPPING,تسوق,BAHRAINI SWEET,حلوى بحرينية,721.0,CAPITAL,العاصمة,50.56116405,26.17394342,"26.17394342, 50.56116405"
660.0,CLOSETS FURNITURE,مفروشات الخزائن,SHOPPING,تسوق,FURNITURE SHOPS,أثاث,745.0,CAPITAL,العاصمة,50.57959123,26.1434113,"26.1434113, 50.57959123"
661.0,NATIONAL MOTOR COMPANY,الشركة الوطنية للسيارات,SHOPPING,تسوق,CAR SHOWROOMS,معارض السيارات,745.0,CAPITAL,العاصمة,50.58151969,26.14114295,"26.14114295, 50.58151969"
662.0,NATIONAL PHARMACY,الصيدلية الوطنية,HEALTH SERVICES,خدمات صحية,PHARMACIES,صيدليات,745.0,CAPITAL,العاصمة,50.57797456,26.14561244,"26.14561244, 50.57797456"
663.0,SAYEDATY KITCHEN,سيدتي للمطابخ,SHOPPING,تسوق,FURNITURE SHOPS,أثاث,745.0,CAPITAL,العاصمة,50.57990374,26.14299264,"26.14299264, 50.57990374"
664.0,ALSHULA CURTAINS AND CANOPIES AND DECORATION MATERIALS,الشعلة للستائر والمظلات ومواد الديكور,SHOPPING,تسوق,FURNITURE SHOPS,أثاث,101.0,MUHARRAQ,المحرق,50.66852053,26.25956269,"26.25956269, 50.66852053"
665.0,BEST CHOICE FURNISHING COMPANY,شركة أفضل خيار للمفروشات,SHOPPING,تسوق,FURNITURE SHOPS,أثاث,101.0,MUHARRAQ,المحرق,50.67141431,26.25751525,"26.25751525, 50.67141431"
666.0,BONTONI FURNITURE WORKSHOP,ورشة بونتوني للأثاث,SHOPPING,تسوق,FURNITURE SHOPS,أثاث,101.0,MUHARRAQ,المحرق,50.67185772,26.25854007,"26.25854007, 50.67185772"
667.0,BREEZ JEWELLERY WORKSHOP,ورشة بريز للمجوهرات,SHOPPING,تسوق,JEWELERS,مجوهرات,101.0,MUHARRAQ,المحرق,50.668652,26.25733876,"26.25733876, 50.668652"
668.0,BU JAMAL SWEETS FACTORY,معمل بوجمال للحلويات,SHOPPING,تسوق,BAHRAINI SWEET,حلوى بحرينية,101.0,MUHARRAQ,المحرق,50.66828596,26.25993953,"26.25993953, 50.66828596"
669.0,CARVED OAK DECOR,كارفد اوك للديكور,SHOPPING,تسوق,FURNITURE SHOPS,أثاث,101.0,MUHARRAQ,المحرق,50.6681642,26.25618332,"26.25618332, 50.6681642"
670.0,HAMAD TOWN PHARMACY WAREHOUSE,مستودع صيدلية مدينة حمد,HEALTH SERVICES,خدمات صحية,PHARMACIES,صيدليات,101.0,MUHARRAQ,المحرق,50.67254985,26.26024434,"26.26024434, 50.67254985"
671.0,HOME SPACE FURNITURE,مفروشات هوم سبيس,SHOPPING,تسوق,FURNITURE SHOPS,أثاث,101.0,MUHARRAQ,المحرق,50.66630405,26.25780146,"26.25780146, 50.66630405"
672.0,LOUIS ART FURNITURE,لويس آرت للمفروشات,SHOPPING,تسوق,FURNITURE SHOPS,أثاث,101.0,MUHARRAQ,المحرق,50.66560189,26.25660937,"26.25660937, 50.66560189"
673.0,SHOWAITER DELIGHTS,شويطر ديلايتس,SHOPPING,تسوق,BAHRAINI SWEET,حلوى بحرينية,101.0,MUHARRAQ,المحرق,50.66835073,26.25735097,"26.25735097, 50.66835073"
674.0,AL HIDD PHARMACY,صيدلية الحد,HEALTH SERVICES,خدمات صحية,PHARMACIES,صيدليات,102.0,MUHARRAQ,المحرق,50.65609776,26.24947712,"26.24947712, 50.65609776"
675.0,AL HARAMAIN PHARMACY,صيدلية الحرمين,HEALTH SERVICES,خدمات صحية,PHARMACIES,صيدليات,109.0,MUHARRAQ,المحرق,50.65174575,26.24251478,"26.24251478, 50.65174575"
676.0,YOUSUF MAHMOOD HUSSAIN PHARMACY,صيدلية يوسف محمود حسين,HEALTH SERVICES,خدمات صحية,PHARMACIES,صيدليات,109.0,MUHARRAQ,المحرق,50.65172356,26.24556019,"26.24556019, 50.65172356"
677.0,AL DEERAH PHARMACY,صيدلية الديرة,HEALTH SERVICES,خدمات صحية,PHARMACIES,صيدليات,110.0,MUHARRAQ,المحرق,50.6558741,26.23865459,"26.23865459, 50.6558741"
678.0,OXYGEN PHARMACY,صيدلية اوكسجين,HEALTH SERVICES,خدمات صحية,PHARMACIES,صيدليات,111.0,MUHARRAQ,المحرق,50.64760063,26.23034682,"26.23034682, 50.64760063"
679.0,GREEN PHARMACY,صيدلية جرين,HEALTH SERVICES,خدمات صحية,PHARMACIES,صيدليات,113.0,MUHARRAQ,المحرق,50.65188684,26.2392178,"26.2392178, 50.65188684"
680.0,HOUR CHOICE,ساعة الصفوة,SHOPPING,تسوق,JEWELERS,مجوهرات,113.0,MUHARRAQ,المحرق,50.65100564,26.23780353,"26.23780353, 50.65100564"
681.0,LIFE CARE PHARMACY,صيدلية لايف كير,HEALTH SERVICES,خدمات صحية,PHARMACIES,صيدليات,113.0,MUHARRAQ,المحرق,50.651348,26.23803131,"26.23803131, 50.651348"
682.0,MAJESTIC CARS SHOWROOM,معرض الفخامة للسيارات,SHOPPING,تسوق,CAR SHOWROOMS,معارض السيارات,115.0,MUHARRAQ,المحرق,50.66849222,26.21363704,"26.21363704, 50.66849222"
683.0,WAEL PHARMACY,صيدلية وائل,HEALTH SERVICES,خدمات صحية,PHARMACIES,صيدليات,115.0,MUHARRAQ,المحرق,50.67197174,26.21309876,"26.21309876, 50.67197174"
684.0,ALI BIN YOUSIF AL JUMAIRI FURNITURE SHOWROOM,معرض علي بن يوسف الجميري وأولاده للأثاث,SHOPPING,تسوق,FURNITURE SHOPS,أثاث,116.0,MUHARRAQ,المحرق,50.65630606,26.21519414,"26.21519414, 50.65630606"
685.0,PHARMA PLUS,فارما بلس,HEALTH SERVICES,خدمات صحية,PHARMACIES,صيدليات,202.0,MUHARRAQ,المحرق,50.6172748,26.26386618,"26.26386618, 50.6172748"
686.0,TADAWI PHARMACY,صيدلية تداوي,HEALTH SERVICES,خدمات صحية,PHARMACIES,صيدليات,202.0,MUHARRAQ,المحرق,50.61875996,26.26103523,"26.26103523, 50.61875996"
687.0,MAJEED JAFFAR PHARMACY,صيدلية مجيد جعفر,HEALTH SERVICES,خدمات صحية,PHARMACIES,صيدليات,203.0,MUHARRAQ,المحرق,50.60892741,26.26017525,"26.26017525, 50.60892741"
688.0,MAJESTY HOUSE FURNITURE,بيت الفخامة للمفروشات,SHOPPING,تسوق,FURNITURE SHOPS,أثاث,203.0,MUHARRAQ,المحرق,50.60915464,26.25765671,"26.25765671, 50.60915464"
689.0,AL BARAKA PHARMACY,صيدلية البركة,HEALTH SERVICES,خدمات صحية,PHARMACIES,صيدليات,204.0,MUHARRAQ,المحرق,50.61594908,26.26007527,"26.26007527, 50.61594908"
690.0,AL RAED FURNITURE,الرائد للمفروشات,SHOPPING,تسوق,FURNITURE SHOPS,أثاث,204.0,MUHARRAQ,المحرق,50.61687424,26.25792538,"26.25792538, 50.61687424"
691.0,ALAMANA FURNISHING,مفروشات الأمانة,SHOPPING,تسوق,FURNITURE SHOPS,أثاث,204.0,MUHARRAQ,المحرق,50.61696792,26.25769113,"26.25769113, 50.61696792"
692.0,COMFORT FURNITURE,مفروشات كومفورت,SHOPPING,تسوق,FURNITURE SHOPS,أثاث,204.0,MUHARRAQ,المحرق,50.61585976,26.2602671,"26.2602671, 50.61585976"
693.0,OASIS PHARMACY,صيدلية الواحة,HEALTH SERVICES,خدمات صحية,PHARMACIES,صيدليات,204.0,MUHARRAQ,المحرق,50.61728794,26.26203974,"26.26203974, 50.61728794"
694.0,AʻALI FURNITURE,مفروشات عالي,SHOPPING,تسوق,FURNITURE SHOPS,أثاث,205.0,MUHARRAQ,المحرق,50.61439304,26.26061507,"26.26061507, 50.61439304"
695.0,AL MOWASAH PHARMACY,صيدلية المواساة,HEALTH SERVICES,خدمات صحية,PHARMACIES,صيدليات,205.0,MUHARRAQ,المحرق,50.61508684,26.2606576,"26.2606576, 50.61508684"
696.0,ALAFDHAL FURNITURE,مفروشات الأفضل,SHOPPING,تسوق,FURNITURE SHOPS,أثاث,205.0,MUHARRAQ,المحرق,50.61450524,26.26152591,"26.26152591, 50.61450524"
697.0,GAZA FURNISHING,مفروشات غزة,SHOPPING,تسوق,FURNITURE SHOPS,أثاث,205.0,MUHARRAQ,المحرق,50.6144278,26.2615052,"26.2615052, 50.6144278"
698.0,MY HOME,ماي هوم,SHOPPING,تسوق,FURNITURE SHOPS,أثاث,205.0,MUHARRAQ,المحرق,50.6153202,26.26174819,"26.26174819, 50.6153202"
699.0,FADAK FURNITURE,مفروشات فدك,SHOPPING,تسوق,FURNITURE SHOPS,أثاث,206.0,MUHARRAQ,المحرق,50.61667215,26.25795289,"26.25795289, 50.61667215"
700.0,AL AFRAH CAR SHOWROOM,معرض الأفراح للسيارات,SHOPPING,تسوق,CAR SHOWROOMS,معارض السيارات,207.0,MUHARRAQ,المحرق,50.60796843,26.25445148,"26.25445148, 50.60796843"
701.0,AL FATEH CAR SHOWROOM,معرض الفاتح للسيارات,SHOPPING,تسوق,CAR SHOWROOMS,معارض السيارات,207.0,MUHARRAQ,المحرق,50.60736288,26.25132795,"26.25132795, 50.60736288"
702.0,AL SEEF AND ALDARA FURNITURE 2,مفروشات السيف والدرع 2,SHOPPING,تسوق,FURNITURE SHOPS,أثاث,207.0,MUHARRAQ,المحرق,50.60640804,26.25587395,"26.25587395, 50.60640804"
703.0,AL SHIRAWI CAR SHOWROOM,معرض الشيراوي للسيارات,SHOPPING,تسوق,CAR SHOWROOMS,معارض السيارات,207.0,MUHARRAQ,المحرق,50.60803348,26.25390997,"26.25390997, 50.60803348"
704.0,AL MAAʻALI UPHOLSTERY,تنجيدات المعالي,SHOPPING,تسوق,FURNITURE SHOPS,أثاث,208.0,MUHARRAQ,المحرق,50.61732578,26.25548206,"26.25548206, 50.61732578"
705.0,HASAN DARWISH UPHOLSTERY,تنجيدات حسن درويش,SHOPPING,تسوق,FURNITURE SHOPS,أثاث,208.0,MUHARRAQ,المحرق,50.61829066,26.25170015,"26.25170015, 50.61829066"
706.0,MARAM UPHOLSTERY,مرام للتنجيدات,SHOPPING,تسوق,FURNITURE SHOPS,أثاث,208.0,MUHARRAQ,المحرق,50.61710962,26.25550224,"26.25550224, 50.61710962"
707.0,SHOWAITER HALWA AND COFFEE CORNER,حلويات شويطر وركن القهوة,SHOPPING,تسوق,BAHRAINI SWEET,حلوى بحرينية,209.0,MUHARRAQ,المحرق,50.61260932,26.25379423,"26.25379423, 50.61260932"
708.0,ABDULLAH ALKOOHEJI FURNITURE,عبدالله الكوهجي لبيع الأثاث,SHOPPING,تسوق,FURNITURE SHOPS,أثاث,210.0,MUHARRAQ,المحرق,50.61888957,26.25770647,"26.25770647, 50.61888957"
709.0,AL MAAʻALI FURNITURE,مفروشات المعالي,SHOPPING,تسوق,FURNITURE SHOPS,أثاث,210.0,MUHARRAQ,المحرق,50.61902578,26.25255988,"26.25255988, 50.61902578"
710.0,AL TAQANI FOR REQUISITES OF CURTAIN,التقني لمستلزمات الستائر,SHOPPING,تسوق,FURNITURE SHOPS,أثاث,210.0,MUHARRAQ,المحرق,50.61693805,26.25036506,"26.25036506, 50.61693805"
711.0,ALAAJ FURNITURE SHOWROOM,معرض العاج للأثاث,SHOPPING,تسوق,FURNITURE SHOPS,أثاث,210.0,MUHARRAQ,المحرق,50.61702586,26.24858796,"26.24858796, 50.61702586"
712.0,ALSHAʻAB PHARMACY,صيدلية الشعب,HEALTH SERVICES,خدمات صحية,PHARMACIES,صيدليات,210.0,MUHARRAQ,المحرق,50.61753423,26.25561588,"26.25561588, 50.61753423"
713.0,FADAK FURNITURE,مفروشات فدك,SHOPPING,تسوق,FURNITURE SHOPS,أثاث,210.0,MUHARRAQ,المحرق,50.61884007,26.25319021,"26.25319021, 50.61884007"
714.0,FALCON CARPET EST,موسسة الصقر للسجاد,SHOPPING,تسوق,FURNITURE SHOPS,أثاث,210.0,MUHARRAQ,المحرق,50.61751309,26.2557182,"26.2557182, 50.61751309"
715.0,TABOOK FURNITURE,مفروشات تبوك,SHOPPING,تسوق,FURNITURE SHOPS,أثاث,210.0,MUHARRAQ,المحرق,50.61864598,26.25177116,"26.25177116, 50.61864598"
716.0,YOUSIF SHOWAITER SWEETS FACTORY,معمل حلويات يوسف شويطر,SHOPPING,تسوق,BAHRAINI SWEET,حلوى بحرينية,210.0,MUHARRAQ,المحرق,50.61695937,26.25035789,"26.25035789, 50.61695937"
717.0,AL MAHMEED PHARMACY,صيدلية المحميد,HEALTH SERVICES,خدمات صحية,PHARMACIES,صيدليات,211.0,MUHARRAQ,المحرق,50.60941717,26.25028902,"26.25028902, 50.60941717"
718.0,JAMAL SHOWAITER SWEET,حلويات جمال شويطر,SHOPPING,تسوق,BAHRAINI SWEET,حلوى بحرينية,211.0,MUHARRAQ,المحرق,50.61009649,26.25035741,"26.25035741, 50.61009649"
719.0,JAMAL SHOWAITER SWEETS FACTORY,مصنع حلويات جمال شويطر,SHOPPING,تسوق,BAHRAINI SWEET,حلوى بحرينية,211.0,MUHARRAQ,المحرق,50.61022598,26.25288747,"26.25288747, 50.61022598"
720.0,KHULOOD SHOWAITER SWEET,حلويات خلود شويطر,SHOPPING,تسوق,BAHRAINI SWEET,حلوى بحرينية,211.0,MUHARRAQ,المحرق,50.61016933,26.2503704,"26.2503704, 50.61016933"
721.0,MUROOJ AL MUHARRAQ SWEETS,حلويات مروج المحرق,SHOPPING,تسوق,BAHRAINI SWEET,حلوى بحرينية,211.0,MUHARRAQ,المحرق,50.61000122,26.2503462,"26.2503462, 50.61000122"
722.0,AL BAHAʻI PERSIAN CARPET,البهائي للسجاد الايراني,SHOPPING,تسوق,FURNITURE SHOPS,أثاث,212.0,MUHARRAQ,المحرق,50.6200135,26.25546777,"26.25546777, 50.6200135"
723.0,BAWARJ FURNISHING,مفروشات بوارج,SHOPPING,تسوق,FURNITURE SHOPS,أثاث,212.0,MUHARRAQ,المحرق,50.61913094,26.25763712,"26.25763712, 50.61913094"
724.0,CHINEESS BAHRAIN TRADING CENTER,مركز الصيني البحريني التجاري,SHOPPING,تسوق,FURNITURE SHOPS,أثاث,212.0,MUHARRAQ,المحرق,50.61932804,26.25048394,"26.25048394, 50.61932804"
725.0,DUAA JEWELLERY,مجوهرات دعاء,SHOPPING,تسوق,JEWELERS,مجوهرات,213.0,MUHARRAQ,المحرق,50.61096753,26.24881703,"26.24881703, 50.61096753"
726.0,ELAF JEWELLERY & PEARLS,إيلاف للمجوهرات والآليء,SHOPPING,تسوق,JEWELERS,مجوهرات,213.0,MUHARRAQ,المحرق,50.61093196,26.24891781,"26.24891781, 50.61093196"
727.0,FAIZA JEWELLERY,مجوهرات فايزة,SHOPPING,تسوق,JEWELERS,مجوهرات,213.0,MUHARRAQ,المحرق,50.61091965,26.24894415,"26.24894415, 50.61091965"
728.0,GREAT 5 STAR JEWELS,مجوهرات درجة الخمس نجوم,SHOPPING,تسوق,JEWELERS,مجوهرات,213.0,MUHARRAQ,المحرق,50.61557977,26.24969406,"26.24969406, 50.61557977"
729.0,KONOOZ JEWELLERY,مجوهرات كنوز,SHOPPING,تسوق,JEWELERS,مجوهرات,213.0,MUHARRAQ,المحرق,50.61090678,26.2489717,"26.2489717, 50.61090678"
730.0,MARIA JEWELLERY,مجوهرات ماريا,SHOPPING,تسوق,JEWELERS,مجوهرات,213.0,MUHARRAQ,المحرق,50.61094377,26.24886817,"26.24886817, 50.61094377"
731.0,RATILAL BAKWANJI JEWELLERY,مجوهرات راتيلال بكوانجي,SHOPPING,تسوق,JEWELERS,مجوهرات,213.0,MUHARRAQ,المحرق,50.61082983,26.24923036,"26.24923036, 50.61082983"
732.0,SHAYMA JEWELLERY,مجوهرات شيماء,SHOPPING,تسوق,JEWELERS,مجوهرات,213.0,MUHARRAQ,المحرق,50.61095447,26.24884091,"26.24884091, 50.61095447"
733.0,MUROOJ AL MUHARRAQ SWEETS,حلويات مروج المحرق,SHOPPING,تسوق,BAHRAINI SWEET,حلوى بحرينية,214.0,MUHARRAQ,المحرق,50.61509908,26.24738931,"26.24738931, 50.61509908"
734.0,AL HAMRA JEWELLERS,مجوهرات الحمراء,SHOPPING,تسوق,JEWELERS,مجوهرات,215.0,MUHARRAQ,المحرق,50.61076814,26.2490678,"26.2490678, 50.61076814"
735.0,AL JAWDAH JEWELLERS,مجوهرات الجودة,SHOPPING,تسوق,JEWELERS,مجوهرات,215.0,MUHARRAQ,المحرق,50.6108191,26.2489268,"26.2489268, 50.6108191"
736.0,AL MIRAH CARPET,الميرة للسجاد,SHOPPING,تسوق,FURNITURE SHOPS,أثاث,215.0,MUHARRAQ,المحرق,50.61056418,26.24896551,"26.24896551, 50.61056418"
737.0,AL NAWRA JEWELLERS,مجوهرات النوراء,SHOPPING,تسوق,JEWELERS,مجوهرات,215.0,MUHARRAQ,المحرق,50.61083985,26.24886939,"26.24886939, 50.61083985"
738.0,AL SIDDIQ JEWELLERS,مجوهرات الصديق,SHOPPING,تسوق,JEWELERS,مجوهرات,215.0,MUHARRAQ,المحرق,50.61088294,26.2488186,"26.2488186, 50.61088294"
739.0,AL ZAHRA' JEWELLERS,مجوهرات الزهراء,SHOPPING,تسوق,JEWELERS,مجوهرات,215.0,MUHARRAQ,المحرق,50.61082876,26.24890008,"26.24890008, 50.61082876"
740.0,ASILA JEWELLERS,مجوهرات أصيلة,SHOPPING,تسوق,JEWELERS,مجوهرات,215.0,MUHARRAQ,المحرق,50.61075349,26.24910836,"26.24910836, 50.61075349"
741.0,DAR ISTABRAQ JEWELLERY,دار استبرق للمجوهرات,SHOPPING,تسوق,JEWELERS,مجوهرات,215.0,MUHARRAQ,المحرق,50.61032514,26.2496085,"26.2496085, 50.61032514"
742.0,DEEBAJ FOR JEWELLERY DESIGN,ديباج لتشكيل المجوهرات,SHOPPING,تسوق,JEWELERS,مجوهرات,215.0,MUHARRAQ,المحرق,50.60995863,26.24911948,"26.24911948, 50.60995863"
743.0,FADAK JEWELLERS,مجوهرات فدك,SHOPPING,تسوق,JEWELERS,مجوهرات,215.0,MUHARRAQ,المحرق,50.61078264,26.2490277,"26.2490277, 50.61078264"
744.0,GHADAH JEWELLERS,مجوهرات غادة,SHOPPING,تسوق,JEWELERS,مجوهرات,215.0,MUHARRAQ,المحرق,50.61073979,26.24914626,"26.24914626, 50.61073979"
745.0,HUSSAIN MUHAMMAD SHOWAITER,حسين محمد شويطر,SHOPPING,تسوق,BAHRAINI SWEET,حلوى بحرينية,215.0,MUHARRAQ,المحرق,50.609731,26.25011616,"26.25011616, 50.609731"
746.0,JASSIM MUHAMMAD SHOWAITER SWEET COMPANY,شركة جاسم محمد شويطر واولاده للحلويات,SHOPPING,تسوق,BAHRAINI SWEET,حلوى بحرينية,215.0,MUHARRAQ,المحرق,50.6089317,26.24997479,"26.24997479, 50.6089317"
747.0,MUHARRAQ FURNITURE COMPANY,شركة المحرق للأثاث,SHOPPING,تسوق,FURNITURE SHOPS,أثاث,215.0,MUHARRAQ,المحرق,50.60920184,26.24663385,"26.24663385, 50.60920184"
748.0,MUHARRAQ JEWELLERY,مجوهرات المحرق,SHOPPING,تسوق,JEWELERS,مجوهرات,215.0,MUHARRAQ,المحرق,50.61079982,26.24898014,"26.24898014, 50.61079982"
749.0,MUROOJ AL MUHARRAQ SWEETS,حلويات مروج المحرق,SHOPPING,تسوق,BAHRAINI SWEET,حلوى بحرينية,215.0,MUHARRAQ,المحرق,50.6094439,26.25005499,"26.25005499, 50.6094439"
750.0,RUBY JEWELLERY 2,مجوهرات روبي 2,SHOPPING,تسوق,JEWELERS,مجوهرات,215.0,MUHARRAQ,المحرق,50.6104902,26.24996618,"26.24996618, 50.6104902"
751.0,SHAKER & ADEL SONS OF ABBAS KHALAF JEWELLERS,مجوهرات شاكر وعادل أبناء عباس خلف,SHOPPING,تسوق,JEWELERS,مجوهرات,215.0,MUHARRAQ,المحرق,50.6108519,26.24883603,"26.24883603, 50.6108519"
752.0,ALKHABEER FURNITURE,مفروشات الخبير,SHOPPING,تسوق,FURNITURE SHOPS,أثاث,216.0,MUHARRAQ,المحرق,50.61700382,26.2481478,"26.2481478, 50.61700382"
753.0,TECHNO STYLE,تيكنو ستايل,SHOPPING,تسوق,FURNITURE SHOPS,أثاث,216.0,MUHARRAQ,المحرق,50.61382822,26.24334002,"26.24334002, 50.61382822"
754.0,AL MUJTAMA PHARMACY,صيدلية المجتمع,HEALTH SERVICES,خدمات صحية,PHARMACIES,صيدليات,222.0,MUHARRAQ,المحرق,50.60939343,26.26428549,"26.26428549, 50.60939343"
755.0,AIRPORT PHARMACY,صيدلية المطار,HEALTH SERVICES,خدمات صحية,PHARMACIES,صيدليات,223.0,MUHARRAQ,المحرق,50.61574255,26.2668231,"26.2668231, 50.61574255"
756.0,AL ZAIN,الزين,SHOPPING,تسوق,JEWELERS,مجوهرات,224.0,MUHARRAQ,المحرق,50.63036326,26.26573548,"26.26573548, 50.63036326"
757.0,BOOTS PHARMACY,صيدلية بوتس,HEALTH SERVICES,خدمات صحية,PHARMACIES,صيدليات,224.0,MUHARRAQ,المحرق,50.630832,26.26686038,"26.26686038, 50.630832"
758.0,CARTIER BOUTIQUE,بوتيك كارتيه,SHOPPING,تسوق,JEWELERS,مجوهرات,224.0,MUHARRAQ,المحرق,50.62986603,26.26605269,"26.26605269, 50.62986603"
759.0,MONTREAL CAR SHOWROOM,معرض مونتريال للسيارات,SHOPPING,تسوق,CAR SHOWROOMS,معارض السيارات,224.0,MUHARRAQ,المحرق,50.6162622,26.26665848,"26.26665848, 50.6162622"
760.0,NASSER PHARMACY,صيدلية ناصر,HEALTH SERVICES,خدمات صحية,PHARMACIES,صيدليات,224.0,MUHARRAQ,المحرق,50.6305823,26.26703342,"26.26703342, 50.6305823"
761.0,ROLEX,روليكس,SHOPPING,تسوق,JEWELERS,مجوهرات,224.0,MUHARRAQ,المحرق,50.62997754,26.26598131,"26.26598131, 50.62997754"
762.0,SOUQ AL QAISARIYA,سوق القيصرية,SHOPPING,تسوق,JEWELERS,مجوهرات,224.0,MUHARRAQ,المحرق,50.63020661,26.26583661,"26.26583661, 50.63020661"
763.0,TAG HEUER JEWELLERY,تاج هيور للمجوهرات,SHOPPING,تسوق,JEWELERS,مجوهرات,224.0,MUHARRAQ,المحرق,50.63008902,26.26591852,"26.26591852, 50.63008902"
764.0,DANA CURTAINS AND UPHOLSTERY,الدانة للستائر والتنجيدات,SHOPPING,تسوق,FURNITURE SHOPS,أثاث,225.0,MUHARRAQ,المحرق,50.6069214,26.27128399,"26.27128399, 50.6069214"
765.0,DAWA AL BAHRAIN PHARMACY,صيدلية دواء البحرين,HEALTH SERVICES,خدمات صحية,PHARMACIES,صيدليات,225.0,MUHARRAQ,المحرق,50.60495661,26.27102173,"26.27102173, 50.60495661"
766.0,OXYGEN PHARMACY,صيدلية اوكسجين,HEALTH SERVICES,خدمات صحية,PHARMACIES,صيدليات,225.0,MUHARRAQ,المحرق,50.60829704,26.27144339,"26.27144339, 50.60829704"
767.0,AROOJ JEWELLERY,مجوهرات عروج,SHOPPING,تسوق,JEWELERS,مجوهرات,226.0,MUHARRAQ,المحرق,50.60754233,26.27152449,"26.27152449, 50.60754233"
768.0,AL BUSAITEEN PHARMACY,صيدلية البسيتين,HEALTH SERVICES,خدمات صحية,PHARMACIES,صيدليات,228.0,MUHARRAQ,المحرق,50.59810379,26.26422125,"26.26422125, 50.59810379"
769.0,DIMENSIONS PHARMACY,صيدلية أبعاد,HEALTH SERVICES,خدمات صحية,PHARMACIES,صيدليات,228.0,MUHARRAQ,المحرق,50.59917034,26.28040404,"26.28040404, 50.59917034"
770.0,PHARMASAFE PHARMACY,صيدلية فارماسايف,HEALTH SERVICES,خدمات صحية,PHARMACIES,صيدليات,228.0,MUHARRAQ,المحرق,50.59649308,26.27794831,"26.27794831, 50.59649308"
771.0,YOUSIF MAHMOOD HUSSAIN AND BAHRAIN PHARMACY,شركة يوسف محمود حسين و صيدلية البحرين,HEALTH SERVICES,خدمات صحية,PHARMACIES,صيدليات,228.0,MUHARRAQ,المحرق,50.59960042,26.27342347,"26.27342347, 50.59960042"
772.0,EDGE TO EDGE INTERIOR DECORATIONS,ايدج تو ايدج للديكور الداخلي,SHOPPING,تسوق,FURNITURE SHOPS,أثاث,231.0,MUHARRAQ,المحرق,50.62345653,26.28230203,"26.28230203, 50.62345653"
773.0,YOU PLUS AL DAIR PHARMACY,صيدلية يو بلس الدير,HEALTH SERVICES,خدمات صحية,PHARMACIES,صيدليات,231.0,MUHARRAQ,المحرق,50.62144798,26.28076061,"26.28076061, 50.62144798"
774.0,MUHAMMAD NAWAZ INTERIOR DECORATION,محمد نواز للديكور الداخلي,SHOPPING,تسوق,FURNITURE SHOPS,أثاث,232.0,MUHARRAQ,المحرق,50.62746458,26.28328561,"26.28328561, 50.62746458"
775.0,ROFIQUL ISLAM INTERIOR DECORATION,روفيقول إسلام للديكور الداخلي,SHOPPING,تسوق,FURNITURE SHOPS,أثاث,233.0,MUHARRAQ,المحرق,50.62755984,26.28318805,"26.28318805, 50.62755984"
776.0,OMAR FAROUQ DECOR,ديكور عمر فاروق,SHOPPING,تسوق,FURNITURE SHOPS,أثاث,235.0,MUHARRAQ,المحرق,50.63539873,26.28034507,"26.28034507, 50.63539873"
777.0,AL NAJMAH JEWELLERY,مجوهرات النجمة,SHOPPING,تسوق,JEWELERS,مجوهرات,236.0,MUHARRAQ,المحرق,50.63639722,26.27898493,"26.27898493, 50.63639722"
778.0,AL QUDS PHARMACY,صيدلية القدس,HEALTH SERVICES,خدمات صحية,PHARMACIES,صيدليات,236.0,MUHARRAQ,المحرق,50.64507721,26.27351829,"26.27351829, 50.64507721"
779.0,DIAMOND PHARMACY,صيدلية دايموند,HEALTH SERVICES,خدمات صحية,PHARMACIES,صيدليات,236.0,MUHARRAQ,المحرق,50.64078618,26.28365176,"26.28365176, 50.64078618"
780.0,WECARE PHARMACY - PHARMACARE,صيدلية وي كير - فارماكير,HEALTH SERVICES,خدمات صحية,PHARMACIES,صيدليات,236.0,MUHARRAQ,المحرق,50.63669554,26.27675429,"26.27675429, 50.63669554"
781.0,BLACK ZONE MOTOR,شركة بلاك زون للسيارات,SHOPPING,تسوق,CAR SHOWROOMS,معارض السيارات,240.0,MUHARRAQ,المحرق,50.62920755,26.25780275,"26.25780275, 50.62920755"
782.0,BOOTS PHARMACY,صيدلية بوتس,HEALTH SERVICES,خدمات صحية,PHARMACIES,صيدليات,240.0,MUHARRAQ,المحرق,50.62613441,26.25439492,"26.25439492, 50.62613441"
783.0,DAWA AL MUHARRAQ PHARMACY,صيدلية دواء المحرق,HEALTH SERVICES,خدمات صحية,PHARMACIES,صيدليات,240.0,MUHARRAQ,المحرق,50.62635663,26.25449584,"26.25449584, 50.62635663"
784.0,FORT PHARMACY,صيدلية القلعة,HEALTH SERVICES,خدمات صحية,PHARMACIES,صيدليات,240.0,MUHARRAQ,المحرق,50.62886771,26.25696385,"26.25696385, 50.62886771"
785.0,HOUR CHOICE,ساعة الصفوة,SHOPPING,تسوق,JEWELERS,مجوهرات,240.0,MUHARRAQ,المحرق,50.62664793,26.25423868,"26.25423868, 50.62664793"
786.0,MAZDA CAR SHOWROOM,معرض مازدا للسيارات,SHOPPING,تسوق,CAR SHOWROOMS,معارض السيارات,240.0,MUHARRAQ,المحرق,50.62866724,26.25607889,"26.25607889, 50.62866724"
787.0,ARAD PHARMACY,صيدلية عراد,HEALTH SERVICES,خدمات صحية,PHARMACIES,صيدليات,242.0,MUHARRAQ,المحرق,50.63412507,26.25524868,"26.25524868, 50.63412507"
788.0,EMPEROR PHARMACY,صيدلية الإمبراطور,HEALTH SERVICES,خدمات صحية,PHARMACIES,صيدليات,242.0,MUHARRAQ,المحرق,50.63023418,26.25420609,"26.25420609, 50.63023418"
789.0,AL ATLAS FURNITURE,مفروشات الأطلس,SHOPPING,تسوق,FURNITURE SHOPS,أثاث,243.0,MUHARRAQ,المحرق,50.64488218,26.25894686,"26.25894686, 50.64488218"
790.0,AL MOAYYED QUALITY CARE,المؤيد للجودة,SHOPPING,تسوق,CAR SHOWROOMS,معارض السيارات,243.0,MUHARRAQ,المحرق,50.64429885,26.2574269,"26.2574269, 50.64429885"
791.0,AL SHAWATRA SWEETS FACTORY,مصنع حلويات الشواطرة,SHOPPING,تسوق,BAHRAINI SWEET,حلوى بحرينية,243.0,MUHARRAQ,المحرق,50.64349784,26.25939884,"26.25939884, 50.64349784"
792.0,AL SHOMILI FURNITURE,الشوملي للأثاث,SHOPPING,تسوق,FURNITURE SHOPS,أثاث,243.0,MUHARRAQ,المحرق,50.64909901,26.25671067,"26.25671067, 50.64909901"
793.0,AL ZAYANI MOTORS,الزياني للسيارات,SHOPPING,تسوق,CAR SHOWROOMS,معارض السيارات,243.0,MUHARRAQ,المحرق,50.64090888,26.25989653,"26.25989653, 50.64090888"
794.0,CREATIVE CLOSETS,الخزائن المبتكرة,SHOPPING,تسوق,FURNITURE SHOPS,أثاث,243.0,MUHARRAQ,المحرق,50.64340853,26.25985186,"26.25985186, 50.64340853"
795.0,EBRAHIM KHALIL KANOO COMPANY - TOYOTA,شركة إبراهيم خليل كانو - تويوتا,SHOPPING,تسوق,CAR SHOWROOMS,معارض السيارات,243.0,MUHARRAQ,المحرق,50.64355986,26.25810019,"26.25810019, 50.64355986"
796.0,IBN SINA PHARMACY,صيدلية إبن سينا,HEALTH SERVICES,خدمات صحية,PHARMACIES,صيدليات,243.0,MUHARRAQ,المحرق,50.64858732,26.2561244,"26.2561244, 50.64858732"
797.0,KIA MOTORS - BIN HINDI CAR SHOWROOM,كيا موتورز - بن هندي للسيارات,SHOPPING,تسوق,CAR SHOWROOMS,معارض السيارات,243.0,MUHARRAQ,المحرق,50.64086977,26.25955328,"26.25955328, 50.64086977"
798.0,NATIONAL MOTOR COMPANY - AC DELCO SERVICE CENTER,الشركة الوطنية للسيارات - مركز خدمات ايه سي ديلكو,SHOPPING,تسوق,CAR SHOWROOMS,معارض السيارات,243.0,MUHARRAQ,المحرق,50.64759789,26.25615325,"26.25615325, 50.64759789"
799.0,SYDNEY KITCHENS,سيدني للمطابخ,SHOPPING,تسوق,FURNITURE SHOPS,أثاث,243.0,MUHARRAQ,المحرق,50.64315877,26.25980246,"26.25980246, 50.64315877"
800.0,DURRAT ARAD PHARMACY,صيدلية درة عراد,HEALTH SERVICES,خدمات صحية,PHARMACIES,صيدليات,244.0,MUHARRAQ,المحرق,50.6447907,26.25450894,"26.25450894, 50.6447907"
801.0,FARAH PHARMACY,صيدلية فرح,HEALTH SERVICES,خدمات صحية,PHARMACIES,صيدليات,244.0,MUHARRAQ,المحرق,50.64583464,26.25421308,"26.25421308, 50.64583464"
802.0,AL AIN JEWELLERY,مجوهرات العين,SHOPPING,تسوق,JEWELERS,مجوهرات,251.0,MUHARRAQ,المحرق,50.64759872,26.27411454,"26.27411454, 50.64759872"
803.0,DAR AL OTHOBA FURNITURE UPHOLSTERY,دار العذوبة لتنجيد الأثاث,SHOPPING,تسوق,FURNITURE SHOPS,أثاث,251.0,MUHARRAQ,المحرق,50.64785884,26.2740685,"26.2740685, 50.64785884"
804.0,GHAMDAN PALACE FOR UPHOLSTERY AND CURTAINS,قصر غمدان للتنجيد والستائر,SHOPPING,تسوق,FURNITURE SHOPS,أثاث,251.0,MUHARRAQ,المحرق,50.64938274,26.27414852,"26.27414852, 50.64938274"
805.0,SHEHAB ALDIN 99 DECOR COMPANY,شركة شهاب الدين 99 للديكور,SHOPPING,تسوق,FURNITURE SHOPS,أثاث,251.0,MUHARRAQ,المحرق,50.6517663,26.27383482,"26.27383482, 50.6517663"
806.0,AL NOOR GATE UPHOLSTERY,بوابة النور للتنجيدات,SHOPPING,تسوق,FURNITURE SHOPS,أثاث,252.0,MUHARRAQ,المحرق,50.65267333,26.27332966,"26.27332966, 50.65267333"
807.0,GALALI GATE UPHOLSTERY,تنجيدات بوابة قلالي,SHOPPING,تسوق,FURNITURE SHOPS,أثاث,252.0,MUHARRAQ,المحرق,50.64914423,26.27393993,"26.27393993, 50.64914423"
808.0,HIND UPHOLSTERY AND CURTAINS,هند للتنجيدات والستائر,SHOPPING,تسوق,FURNITURE SHOPS,أثاث,252.0,MUHARRAQ,المحرق,50.6495105,26.27393696,"26.27393696, 50.6495105"
809.0,AL HAKEEM PHARMACY,صيدلية الحكيم,HEALTH SERVICES,خدمات صحية,PHARMACIES,صيدليات,253.0,MUHARRAQ,المحرق,50.65593739,26.27041521,"26.27041521, 50.65593739"
810.0,AL HAKEEM PHARMACY,صيدلية الحكيم,HEALTH SERVICES,خدمات صحية,PHARMACIES,صيدليات,253.0,MUHARRAQ,المحرق,50.6560454,26.27040736,"26.27040736, 50.6560454"
811.0,AL SAFWA PHARMACY,صيدلية الصفوة,HEALTH SERVICES,خدمات صحية,PHARMACIES,صيدليات,253.0,MUHARRAQ,المحرق,50.65442159,26.27203643,"26.27203643, 50.65442159"
812.0,NAQSA FOR TRADITIONAL SWEETS,نقصة للحلويات الشعبية,SHOPPING,تسوق,BAHRAINI SWEET,حلوى بحرينية,253.0,MUHARRAQ,المحرق,50.65465613,26.27186971,"26.27186971, 50.65465613"
813.0,DYNAMIC UPHOLSTERY FOR UPHOLSTERY AND CURTAINS,التنجيد الديناميكي للتنجيد والستائر,SHOPPING,تسوق,FURNITURE SHOPS,أثاث,254.0,MUHARRAQ,المحرق,50.65650214,26.26985237,"26.26985237, 50.65650214"
814.0,KAWALJEET INTERIOR DECORATION,كوالجيت للديكور الداخلي,SHOPPING,تسوق,FURNITURE SHOPS,أثاث,254.0,MUHARRAQ,المحرق,50.65336365,26.26827731,"26.26827731, 50.65336365"
815.0,NADEEM UPHOLSTERY COMPANY,شركة نديم للتنجيد,SHOPPING,تسوق,FURNITURE SHOPS,أثاث,254.0,MUHARRAQ,المحرق,50.65396831,26.26765684,"26.26765684, 50.65396831"
816.0,QALALI COAST FOR INSTALLATION OF AWNINGS AND BLINDS,ساحل قلالي لتركيب المظلات والستائر,SHOPPING,تسوق,FURNITURE SHOPS,أثاث,254.0,MUHARRAQ,المحرق,50.65324743,26.26922896,"26.26922896, 50.65324743"
817.0,RIA AUTO CENTER,مركز ريا للسيارات,SHOPPING,تسوق,CAR SHOWROOMS,معارض السيارات,254.0,MUHARRAQ,المحرق,50.65348361,26.26787818,"26.26787818, 50.65348361"
818.0,WILLARD INTERIOR DECORATION,ويلارد للديكور الداخلي,SHOPPING,تسوق,FURNITURE SHOPS,أثاث,254.0,MUHARRAQ,المحرق,50.65689807,26.26419995,"26.26419995, 50.65689807"
819.0,HAJI GALLERY EXPRESS,معرض حاجي إكسبريس,SHOPPING,تسوق,FURNITURE SHOPS,أثاث,255.0,MUHARRAQ,المحرق,50.65468032,26.27810343,"26.27810343, 50.65468032"
820.0,TABARAK PHARMACY,صيدلية تبارك,HEALTH SERVICES,خدمات صحية,PHARMACIES,صيدليات,255.0,MUHARRAQ,المحرق,50.64523802,26.27944271,"26.27944271, 50.64523802"
821.0,WOOD ARTS WONDER FURNISHING,مفروشات عجائب الفنون الخشبية,SHOPPING,تسوق,FURNITURE SHOPS,أثاث,255.0,MUHARRAQ,المحرق,50.65739687,26.27590744,"26.27590744, 50.65739687"
822.0,HUMAN PHARMACY,صيدلية هيومن,HEALTH SERVICES,خدمات صحية,PHARMACIES,صيدليات,257.0,MUHARRAQ,المحرق,50.66552543,26.28979245,"26.28979245, 50.66552543"
823.0,KARE ID DESIGN COMPANY,شركة كير آي دي ديزاين,SHOPPING,تسوق,FURNITURE SHOPS,أثاث,257.0,MUHARRAQ,المحرق,50.66391282,26.28641163,"26.28641163, 50.66391282"
824.0,AMWAJ PHARMACY,صيدلية أمواج,HEALTH SERVICES,خدمات صحية,PHARMACIES,صيدليات,258.0,MUHARRAQ,المحرق,50.66265397,26.27727234,"26.27727234, 50.66265397"
825.0,AMWAJ PHARMACY,صيدلية أمواج,HEALTH SERVICES,خدمات صحية,PHARMACIES,صيدليات,258.0,MUHARRAQ,المحرق,50.66226829,26.27750788,"26.27750788, 50.66226829"
826.0,ZAD PHARMACY,صيدلية زاد,HEALTH SERVICES,خدمات صحية,PHARMACIES,صيدليات,258.0,MUHARRAQ,المحرق,50.66262618,26.27772021,"26.27772021, 50.66262618"
827.0,CAPITAL PHARMACY,صيدلية العاصمة,HEALTH SERVICES,خدمات صحية,PHARMACIES,صيدليات,263.0,MUHARRAQ,المحرق,50.62398769,26.30515138,"26.30515138, 50.62398769"
828.0,RAFE GALLERY FURNISHING,مفروشات رافع جاليري,SHOPPING,تسوق,FURNITURE SHOPS,أثاث,263.0,MUHARRAQ,المحرق,50.62743219,26.30560036,"26.30560036, 50.62743219"
829.0,SHOWAITER DELIGHTS,شويطر ديلايتس,SHOPPING,تسوق,BAHRAINI SWEET,حلوى بحرينية,263.0,MUHARRAQ,المحرق,50.62781717,26.30539531,"26.30539531, 50.62781717"
830.0,ALKOOHEJI JEWELLERY,مجوهرات الكوهجي,SHOPPING,تسوق,JEWELERS,مجوهرات,264.0,MUHARRAQ,المحرق,50.64314242,26.30340192,"26.30340192, 50.64314242"
831.0,AREA IRANIAN CARPETS,آريا للسجاد الإيراني,SHOPPING,تسوق,FURNITURE SHOPS,أثاث,264.0,MUHARRAQ,المحرق,50.62831198,26.30421215,"26.30421215, 50.62831198"
832.0,ASIA JEWELLERS,مجوهرات آسيا,SHOPPING,تسوق,JEWELERS,مجوهرات,264.0,MUHARRAQ,المحرق,50.64418087,26.3024623,"26.3024623, 50.64418087"
833.0,AZZA,عزة,SHOPPING,تسوق,JEWELERS,مجوهرات,264.0,MUHARRAQ,المحرق,50.64386489,26.30240259,"26.30240259, 50.64386489"
834.0,BIJOUX JEWELS,مجوهرات بيجوكس,SHOPPING,تسوق,JEWELERS,مجوهرات,264.0,MUHARRAQ,المحرق,50.6439174,26.30256517,"26.30256517, 50.6439174"
835.0,BVLGARI,بولغاري,SHOPPING,تسوق,JEWELERS,مجوهرات,264.0,MUHARRAQ,المحرق,50.64373053,26.30259799,"26.30259799, 50.64373053"
836.0,CORONET JEWELLERY,الإكليل للمجوهرات,SHOPPING,تسوق,JEWELERS,مجوهرات,264.0,MUHARRAQ,المحرق,50.64357017,26.30283041,"26.30283041, 50.64357017"
837.0,CROWN PHARMACY,صيدلية كراون,HEALTH SERVICES,خدمات صحية,PHARMACIES,صيدليات,264.0,MUHARRAQ,المحرق,50.63254689,26.29981365,"26.29981365, 50.63254689"
838.0,DAMAS JEWELLERY,مجوهرات داماس,SHOPPING,تسوق,JEWELERS,مجوهرات,264.0,MUHARRAQ,المحرق,50.64378506,26.30298037,"26.30298037, 50.64378506"
839.0,JAMAL SHOWAITER SWEET,حلويات جمال شويطر,SHOPPING,تسوق,BAHRAINI SWEET,حلوى بحرينية,264.0,MUHARRAQ,المحرق,50.6432095,26.30330605,"26.30330605, 50.6432095"
840.0,JAWHARAH JEWELLERY,جوهرة للمجوهرات,SHOPPING,تسوق,JEWELERS,مجوهرات,264.0,MUHARRAQ,المحرق,50.64331268,26.30336795,"26.30336795, 50.64331268"
841.0,LONGINES JEWELLERY,لونجنيس للمجوهرات,SHOPPING,تسوق,JEWELERS,مجوهرات,264.0,MUHARRAQ,المحرق,50.64363579,26.30342985,"26.30342985, 50.64363579"
842.0,NASSER PHARMACY,صيدلية ناصر,HEALTH SERVICES,خدمات صحية,PHARMACIES,صيدليات,264.0,MUHARRAQ,المحرق,50.64304006,26.30375025,"26.30375025, 50.64304006"
843.0,OMEGA JEWELLERY,أوميجا للمجوهرات,SHOPPING,تسوق,JEWELERS,مجوهرات,264.0,MUHARRAQ,المحرق,50.64339884,26.30395612,"26.30395612, 50.64339884"
844.0,PANDORA JEWELLERY,بندورا للمجوهرات,SHOPPING,تسوق,JEWELERS,مجوهرات,264.0,MUHARRAQ,المحرق,50.64318932,26.30399669,"26.30399669, 50.64318932"
845.0,RIVOLI,ريفولي,SHOPPING,تسوق,JEWELERS,مجوهرات,264.0,MUHARRAQ,المحرق,50.64312313,26.30436417,"26.30436417, 50.64312313"
846.0,SCANDI LOUNGE FURNITURE,سكاندي لاونج للمفروشات,SHOPPING,تسوق,FURNITURE SHOPS,أثاث,264.0,MUHARRAQ,المحرق,50.64332067,26.30463361,"26.30463361, 50.64332067"
847.0,SHOWAITER DELIGHTS,شويطر ديلايتس,SHOPPING,تسوق,BAHRAINI SWEET,حلوى بحرينية,264.0,MUHARRAQ,المحرق,50.64330999,26.30448594,"26.30448594, 50.64330999"
848.0,SHOWAITER DELIGHTS,شويطر ديلايتس,SHOPPING,تسوق,BAHRAINI SWEET,حلوى بحرينية,264.0,MUHARRAQ,المحرق,50.63766581,26.30470302,"26.30470302, 50.63766581"
849.0,SWAROVSKI JEWELLERY,سواروفسكي للمجوهرات,SHOPPING,تسوق,JEWELERS,مجوهرات,264.0,MUHARRAQ,المحرق,50.64346054,26.30428323,"26.30428323, 50.64346054"
850.0,TAG HEUER JEWELLERY,تاج هيور للمجوهرات,SHOPPING,تسوق,JEWELERS,مجوهرات,264.0,MUHARRAQ,المحرق,50.64342551,26.30412643,"26.30412643, 50.64342551"
851.0,UNIVERSITY PHARMACY,صيدلية الجامعة,HEALTH SERVICES,خدمات صحية,PHARMACIES,صيدليات,264.0,MUHARRAQ,المحرق,50.62800355,26.30246195,"26.30246195, 50.62800355"
852.0,YOU PLUS PHARMACY,صيدلية يو بلس,HEALTH SERVICES,خدمات صحية,PHARMACIES,صيدليات,264.0,MUHARRAQ,المحرق,50.64377934,26.30365282,"26.30365282, 50.64377934"
853.0,YOUSUF MAHMOOD HUSSAIN PHARMACY,صيدلية يوسف محمود حسين,HEALTH SERVICES,خدمات صحية,PHARMACIES,صيدليات,264.0,MUHARRAQ,المحرق,50.63899901,26.30135982,"26.30135982, 50.63899901"
854.0,ZARA HOME,زارا هوم,SHOPPING,تسوق,FURNITURE SHOPS,أثاث,264.0,MUHARRAQ,المحرق,50.64386553,26.30355078,"26.30355078, 50.64386553"
855.0,BLISSLAB PHARMACY,صيدلية بلسلاب,HEALTH SERVICES,خدمات صحية,PHARMACIES,صيدليات,269.0,MUHARRAQ,المحرق,50.67251125,26.26949859,"26.26949859, 50.67251125"
856.0,CAPITAL FURNISHING,مفروشات العاصمة,SHOPPING,تسوق,FURNITURE SHOPS,أثاث,439.0,NORTHERN,الشمالية,50.5345408,26.20343722,"26.20343722, 50.5345408"
857.0,CAPITAL PALACE FURNISHING,مفروشات قصر العاصمة,SHOPPING,تسوق,FURNITURE SHOPS,أثاث,439.0,NORTHERN,الشمالية,50.53417214,26.20356245,"26.20356245, 50.53417214"
858.0,DAIHATSU,دايهاتسو,SHOPPING,تسوق,CAR SHOWROOMS,معارض السيارات,441.0,NORTHERN,الشمالية,50.53446068,26.20285076,"26.20285076, 50.53446068"
859.0,ALASWAD TRADING ESTABLISHMENT,مؤسسة الأسود التجارية,SHOPPING,تسوق,FURNITURE SHOPS,أثاث,449.0,NORTHERN,الشمالية,50.51972977,26.21700124,"26.21700124, 50.51972977"
860.0,AL ZAHRA' FURNISHING,مفروشات الزهراء,SHOPPING,تسوق,FURNITURE SHOPS,أثاث,450.0,NORTHERN,الشمالية,50.51465347,26.21833601,"26.21833601, 50.51465347"
861.0,ID DESIGN,آي دي ديزاين,SHOPPING,تسوق,FURNITURE SHOPS,أثاث,450.0,NORTHERN,الشمالية,50.51493695,26.21823366,"26.21823366, 50.51493695"
862.0,JAFFAR PHARMACY,صيدلية جعفر,HEALTH SERVICES,خدمات صحية,PHARMACIES,صيدليات,450.0,NORTHERN,الشمالية,50.51403242,26.21851462,"26.21851462, 50.51403242"
863.0,SALMA PHARMACY,صيدلية سلمى,HEALTH SERVICES,خدمات صحية,PHARMACIES,صيدليات,457.0,NORTHERN,الشمالية,50.51327649,26.1936529,"26.1936529, 50.51327649"
864.0,ALASWAD TRADING ESTABLISHMENT,مؤسسة الأسود التجارية,SHOPPING,تسوق,FURNITURE SHOPS,أثاث,469.0,NORTHERN,الشمالية,50.51003538,26.219097,"26.219097, 50.51003538"
865.0,NASSER PHARMACY,صيدلية ناصر,HEALTH SERVICES,خدمات صحية,PHARMACIES,صيدليات,469.0,NORTHERN,الشمالية,50.51022112,26.2188737,"26.2188737, 50.51022112"
866.0,QUEEN GARDEN FURNITURE,أثاث حديقة الملكة,SHOPPING,تسوق,FURNITURE SHOPS,أثاث,473.0,NORTHERN,الشمالية,50.49968569,26.21821769,"26.21821769, 50.49968569"
867.0,ROBOTIC PHARMACY,صيدلية روبوتيك,HEALTH SERVICES,خدمات صحية,PHARMACIES,صيدليات,502.0,NORTHERN,الشمالية,50.50334733,26.22106328,"26.22106328, 50.50334733"
868.0,ROMA MOTORS,روما للسيارات,SHOPPING,تسوق,CAR SHOWROOMS,معارض السيارات,502.0,NORTHERN,الشمالية,50.50264689,26.22094156,"26.22094156, 50.50264689"
869.0,MY CAR MOTOR COMPANY,شركة ماي كار موتور,SHOPPING,تسوق,CAR SHOWROOMS,معارض السيارات,509.0,NORTHERN,الشمالية,50.48689904,26.21739611,"26.21739611, 50.48689904"
870.0,AL NAKHEEL PHARMACY,صيدلية النخيل,HEALTH SERVICES,خدمات صحية,PHARMACIES,صيدليات,513.0,NORTHERN,الشمالية,50.49947655,26.20353012,"26.20353012, 50.49947655"
871.0,DELMON PHARMACY,صيدلية دلمون,HEALTH SERVICES,خدمات صحية,PHARMACIES,صيدليات,515.0,NORTHERN,الشمالية,50.47997966,26.21603252,"26.21603252, 50.47997966"
872.0,SAR PHARMACY,صيدلية سار,HEALTH SERVICES,خدمات صحية,PHARMACIES,صيدليات,517.0,NORTHERN,الشمالية,50.48684408,26.19563705,"26.19563705, 50.48684408"
873.0,ARTIKEL FURNISHING,مفروشات ارتكل,SHOPPING,تسوق,FURNITURE SHOPS,أثاث,518.0,NORTHERN,الشمالية,50.48970214,26.22031212,"26.22031212, 50.48970214"
874.0,GULF PHARMACY,صيدلية الخليج,HEALTH SERVICES,خدمات صحية,PHARMACIES,صيدليات,525.0,NORTHERN,الشمالية,50.49903684,26.19945864,"26.19945864, 50.49903684"
875.0,HAMAD TOWN PHARMACY,صيدلية مدينة حمد,HEALTH SERVICES,خدمات صحية,PHARMACIES,صيدليات,527.0,NORTHERN,الشمالية,50.48360733,26.19010924,"26.19010924, 50.48360733"
876.0,ATLAS PHARMACY,صيدلية أطلس,HEALTH SERVICES,خدمات صحية,PHARMACIES,صيدليات,537.0,NORTHERN,الشمالية,50.46620655,26.21419256,"26.21419256, 50.46620655"
877.0,DR. BEHZAD PHARMACY,صيدلية الدكتور بهزاد,HEALTH SERVICES,خدمات صحية,PHARMACIES,صيدليات,552.0,NORTHERN,الشمالية,50.44725229,26.21594115,"26.21594115, 50.44725229"
878.0,NASSER PHARMACY,صيدلية ناصر,HEALTH SERVICES,خدمات صحية,PHARMACIES,صيدليات,571.0,NORTHERN,الشمالية,50.46723943,26.18978637,"26.18978637, 50.46723943"
879.0,BOOTS PHARMACY,صيدلية بوتس,HEALTH SERVICES,خدمات صحية,PHARMACIES,صيدليات,575.0,NORTHERN,الشمالية,50.48103766,26.17906582,"26.17906582, 50.48103766"
880.0,D.HAUS FURNISHING,مفروشات د.هاوز,SHOPPING,تسوق,FURNITURE SHOPS,أثاث,579.0,NORTHERN,الشمالية,50.4835917,26.17160156,"26.17160156, 50.4835917"
881.0,D.HAUS FURNITURE,مفروشات د.هاوز,SHOPPING,تسوق,FURNITURE SHOPS,أثاث,579.0,NORTHERN,الشمالية,50.47312743,26.16261516,"26.16261516, 50.47312743"
882.0,DISTRICT PHARMACY,صيدلية ديستريكت,HEALTH SERVICES,خدمات صحية,PHARMACIES,صيدليات,579.0,NORTHERN,الشمالية,50.48114659,26.17235797,"26.17235797, 50.48114659"
883.0,EBRAHIM KHALIL KANOO COMPANY - LEXUS,شركة إبراهيم خليل كانو - لكزس,SHOPPING,تسوق,CAR SHOWROOMS,معارض السيارات,579.0,NORTHERN,الشمالية,50.48129661,26.17246465,"26.17246465, 50.48129661"
884.0,EBRAHIM KHALIL KANOO COMPANY - TOYOTA,شركة إبراهيم خليل كانو - تويوتا,SHOPPING,تسوق,CAR SHOWROOMS,معارض السيارات,579.0,NORTHERN,الشمالية,50.48130145,26.17236209,"26.17236209, 50.48130145"
885.0,HEAL PHARMACY,صيدلية هيل,HEALTH SERVICES,خدمات صحية,PHARMACIES,صيدليات,579.0,NORTHERN,الشمالية,50.4841464,26.17101512,"26.17101512, 50.4841464"
886.0,NASSER PHARMACY,صيدلية ناصر,HEALTH SERVICES,خدمات صحية,PHARMACIES,صيدليات,579.0,NORTHERN,الشمالية,50.47289085,26.16306322,"26.16306322, 50.47289085"
887.0,POLIFORM FURNITURE,بوليفورم للأثاث,SHOPPING,تسوق,FURNITURE SHOPS,أثاث,579.0,NORTHERN,الشمالية,50.48335532,26.17117069,"26.17117069, 50.48335532"
888.0,SHERIE JEWELLERY,مجوهرات شيري,SHOPPING,تسوق,JEWELERS,مجوهرات,579.0,NORTHERN,الشمالية,50.47327836,26.16246981,"26.16246981, 50.47327836"
889.0,STARBOARD HOME AND LIFESTYLE,ستاربورد هوم ولايف ستايل,SHOPPING,تسوق,FURNITURE SHOPS,أثاث,579.0,NORTHERN,الشمالية,50.47082348,26.16925759,"26.16925759, 50.47082348"
890.0,THE RUG MARKET FURNITURE,سوق السجاد للمفروشات,SHOPPING,تسوق,FURNITURE SHOPS,أثاث,579.0,NORTHERN,الشمالية,50.48321137,26.17052442,"26.17052442, 50.48321137"
891.0,AL KHALID QUALITY KITCHEN,الخالد للمطابخ النوعية,SHOPPING,تسوق,FURNITURE SHOPS,أثاث,702.0,NORTHERN,الشمالية,50.5353734,26.18994624,"26.18994624, 50.5353734"
892.0,ABDULLAH AHMED BIN HINDI,عبدالله أحمد بن هندي,SHOPPING,تسوق,CAR SHOWROOMS,معارض السيارات,704.0,NORTHERN,الشمالية,50.52904661,26.18497734,"26.18497734, 50.52904661"
893.0,ABDULLAH AHMED ISA BIN HINDI,عبدالله أحمد عيسى بن هندي,SHOPPING,تسوق,CAR SHOWROOMS,معارض السيارات,704.0,NORTHERN,الشمالية,50.53335441,26.18566398,"26.18566398, 50.53335441"
894.0,AL MANNAI MOTORS,المناعي للسيارات,SHOPPING,تسوق,CAR SHOWROOMS,معارض السيارات,704.0,NORTHERN,الشمالية,50.53065294,26.17906302,"26.17906302, 50.53065294"
895.0,DANUBE HOME STORES,مخزن دانوب هوم,SHOPPING,تسوق,FURNITURE SHOPS,أثاث,704.0,NORTHERN,الشمالية,50.53894224,26.17815093,"26.17815093, 50.53894224"
896.0,DREAM HOME FURNITURE,مفروشات دريم هوم,SHOPPING,تسوق,FURNITURE SHOPS,أثاث,704.0,NORTHERN,الشمالية,50.53730782,26.18112289,"26.18112289, 50.53730782"
897.0,SAEED ABDULLAH AL HADDAD AND BROTHERS - MERCEDES,سعيد عبدالله الحداد وإخوانه - مرسيدس,SHOPPING,تسوق,CAR SHOWROOMS,معارض السيارات,704.0,NORTHERN,الشمالية,50.52830299,26.17875051,"26.17875051, 50.52830299"
898.0,AL MASKATI PHARMACY,صيدلية المسقطي,HEALTH SERVICES,خدمات صحية,PHARMACIES,صيدليات,712.0,NORTHERN,الشمالية,50.51849888,26.18593705,"26.18593705, 50.51849888"
899.0,GREEN APPLE PHARMACY,صيدلية التفاح الأخضر,HEALTH SERVICES,خدمات صحية,PHARMACIES,صيدليات,732.0,NORTHERN,الشمالية,50.52825403,26.15299325,"26.15299325, 50.52825403"
900.0,AʻALI FURNISHING,مفروشات عالي,SHOPPING,تسوق,FURNITURE SHOPS,أثاث,740.0,NORTHERN,الشمالية,50.51942477,26.15905575,"26.15905575, 50.51942477"
901.0,AʻALI LIFE CARE PHARMACY,صيدلية عالي لايف كير,HEALTH SERVICES,خدمات صحية,PHARMACIES,صيدليات,740.0,NORTHERN,الشمالية,50.52308254,26.16212176,"26.16212176, 50.52308254"
902.0,ELEGANT SILVER JEWELLERY,مجوهرات الفضة الأنيقة,SHOPPING,تسوق,JEWELERS,مجوهرات,740.0,NORTHERN,الشمالية,50.52390092,26.16223217,"26.16223217, 50.52390092"
903.0,LIFESTYLE FINE JEWELLERY,مجوهرات لايف ستايل فاين,SHOPPING,تسوق,JEWELERS,مجوهرات,740.0,NORTHERN,الشمالية,50.52390404,26.16174737,"26.16174737, 50.52390404"
904.0,RED RUBY JEWELLERY,مجوهرات الياقوت الأحمر,SHOPPING,تسوق,JEWELERS,مجوهرات,740.0,NORTHERN,الشمالية,50.52318285,26.16138451,"26.16138451, 50.52318285"
905.0,AL MARASEEM FURNITURE,المراسيم للأثاث,SHOPPING,تسوق,FURNITURE SHOPS,أثاث,1014.0,NORTHERN,الشمالية,50.49153898,26.14452748,"26.14452748, 50.49153898"
906.0,ARIKA FURNITURE,مفروشات أريكة,SHOPPING,تسوق,FURNITURE SHOPS,أثاث,1014.0,NORTHERN,الشمالية,50.47045424,26.16132657,"26.16132657, 50.47045424"
907.0,BLISSLAB PHARMACY,صيدلية بلسلاب,HEALTH SERVICES,خدمات صحية,PHARMACIES,صيدليات,1014.0,NORTHERN,الشمالية,50.47037631,26.15980154,"26.15980154, 50.47037631"
908.0,DAVINCI DECOR,دافينشي للديكور,SHOPPING,تسوق,FURNITURE SHOPS,أثاث,1014.0,NORTHERN,الشمالية,50.46793115,26.16652755,"26.16652755, 50.46793115"
909.0,MA MAISON FURNITURE,مفروشات ما ميزون,SHOPPING,تسوق,FURNITURE SHOPS,أثاث,1014.0,NORTHERN,الشمالية,50.46992518,26.16086416,"26.16086416, 50.46992518"
910.0,MONTREAL CAR SHOWROOM,معرض مونتريال للسيارات,SHOPPING,تسوق,CAR SHOWROOMS,معارض السيارات,1014.0,NORTHERN,الشمالية,50.48677143,26.14899332,"26.14899332, 50.48677143"
911.0,THE ROOM FURNITURE,الغرفة للأثاث المنزلي,SHOPPING,تسوق,FURNITURE SHOPS,أثاث,1014.0,NORTHERN,الشمالية,50.46989716,26.16469133,"26.16469133, 50.46989716"
912.0,ABU HASANAIN FURNITURE,مفروشات أبو حسنين,SHOPPING,تسوق,FURNITURE SHOPS,أثاث,1022.0,NORTHERN,الشمالية,50.47982011,26.12977641,"26.12977641, 50.47982011"
913.0,ABU HASANAIN FURNITURE & ELECTRICAL ITEMS,أبو حسنين للأثاث والالكترونيات,SHOPPING,تسوق,FURNITURE SHOPS,أثاث,1022.0,NORTHERN,الشمالية,50.47835459,26.12059001,"26.12059001, 50.47835459"
914.0,ALMALKIYA PHARMACY,صيدلية المالكية,HEALTH SERVICES,خدمات صحية,PHARMACIES,صيدليات,1032.0,NORTHERN,الشمالية,50.49805815,26.10287569,"26.10287569, 50.49805815"
915.0,AL RAZI PHARMACY,صيدلية الرازي,HEALTH SERVICES,خدمات صحية,PHARMACIES,صيدليات,1038.0,NORTHERN,الشمالية,50.48891448,26.0924776,"26.0924776, 50.48891448"
916.0,AL MURTAJA JEWELLERY,مجوهرات المرتجى,SHOPPING,تسوق,JEWELERS,مجوهرات,1203.0,NORTHERN,الشمالية,50.49825778,26.14188858,"26.14188858, 50.49825778"
917.0,AL SAFA PHARMACY,صيدلية الصفا,HEALTH SERVICES,خدمات صحية,PHARMACIES,صيدليات,1203.0,NORTHERN,الشمالية,50.49694894,26.14244731,"26.14244731, 50.49694894"
918.0,ALI ABDULLAH RAJAB JEWELLERS,مجوهرات علي عبدالله رجب,SHOPPING,تسوق,JEWELERS,مجوهرات,1203.0,NORTHERN,الشمالية,50.49575655,26.1420582,"26.1420582, 50.49575655"
919.0,AREEJ JEWELLERY,مجوهرات أريج,SHOPPING,تسوق,JEWELERS,مجوهرات,1203.0,NORTHERN,الشمالية,50.49684103,26.14203275,"26.14203275, 50.49684103"
920.0,DAR AL SHIFA PHARMACY,صيدلية دار الشفاء,HEALTH SERVICES,خدمات صحية,PHARMACIES,صيدليات,1203.0,NORTHERN,الشمالية,50.49891567,26.1396463,"26.1396463, 50.49891567"
921.0,HABARA JEWELLERS,مجوهرات حباره,SHOPPING,تسوق,JEWELERS,مجوهرات,1203.0,NORTHERN,الشمالية,50.49661255,26.14189987,"26.14189987, 50.49661255"
922.0,HAMAD TOWN PHARMACY,صيدلية مدينة حمد,HEALTH SERVICES,خدمات صحية,PHARMACIES,صيدليات,1203.0,NORTHERN,الشمالية,50.49390049,26.14327091,"26.14327091, 50.49390049"
923.0,RAMLAH JEWELLERY,مجوهرات رملة,SHOPPING,تسوق,JEWELERS,مجوهرات,1203.0,NORTHERN,الشمالية,50.49641384,26.14193672,"26.14193672, 50.49641384"
924.0,SAHI JEWELLERS,مجوهرات ساهي,SHOPPING,تسوق,JEWELERS,مجوهرات,1203.0,NORTHERN,الشمالية,50.49614098,26.14198732,"26.14198732, 50.49614098"
925.0,SHELL JEWELLERY,مجوهرات الصدفة,SHOPPING,تسوق,JEWELERS,مجوهرات,1203.0,NORTHERN,الشمالية,50.49701352,26.14269538,"26.14269538, 50.49701352"
926.0,MODERN PHARMACY,صيدلية الحديثة,HEALTH SERVICES,خدمات صحية,PHARMACIES,صيدليات,1215.0,NORTHERN,الشمالية,50.5064077,26.06234429,"26.06234429, 50.5064077"
927.0,AHMED AL ZAYANI & SONS MOTORS,أحمد الزياني واولاده للسيارات,SHOPPING,تسوق,CAR SHOWROOMS,معارض السيارات,635.0,SOUTHERN,الجنوبية,50.60135094,26.12898897,"26.12898897, 50.60135094"
928.0,VOLVO - MOTOR CITY,فولفو - موتور سيتي,SHOPPING,تسوق,CAR SHOWROOMS,معارض السيارات,635.0,SOUTHERN,الجنوبية,50.60219935,26.12659376,"26.12659376, 50.60219935"
929.0,AHMED SHARIF FURNITURE,مفروشات أحمد شريف,SHOPPING,تسوق,FURNITURE SHOPS,أثاث,646.0,SOUTHERN,الجنوبية,50.59576984,26.12640942,"26.12640942, 50.59576984"
930.0,AL MUNTAZAH FURNITURE,مفروشات المنتزه,SHOPPING,تسوق,FURNITURE SHOPS,أثاث,646.0,SOUTHERN,الجنوبية,50.58552921,26.13379053,"26.13379053, 50.58552921"
931.0,ALASWAD TRADING ESTABLISHMENT,مؤسسة الأسود التجارية,SHOPPING,تسوق,FURNITURE SHOPS,أثاث,646.0,SOUTHERN,الجنوبية,50.58584745,26.13418874,"26.13418874, 50.58584745"
932.0,ALASWAD TRADING ESTABLISHMENT,مؤسسة الأسود التجارية,SHOPPING,تسوق,FURNITURE SHOPS,أثاث,646.0,SOUTHERN,الجنوبية,50.58541445,26.13404135,"26.13404135, 50.58541445"
933.0,ASMAA FURNISHING,مفروشات أسماء,SHOPPING,تسوق,FURNITURE SHOPS,أثاث,646.0,SOUTHERN,الجنوبية,50.59702239,26.12748525,"26.12748525, 50.59702239"
934.0,ASRRAR KITCHENS WORLD,أسرار عالم المطابخ,SHOPPING,تسوق,FURNITURE SHOPS,أثاث,646.0,SOUTHERN,الجنوبية,50.59674091,26.12723397,"26.12723397, 50.59674091"
935.0,NASSER PHARMACY,صيدلية ناصر,HEALTH SERVICES,خدمات صحية,PHARMACIES,صيدليات,718.0,SOUTHERN,الجنوبية,50.54243338,26.167202,"26.167202, 50.54243338"
936.0,AL SAADAH JEWELLERS,مجوهرات السعادة,SHOPPING,تسوق,JEWELERS,مجوهرات,806.0,SOUTHERN,الجنوبية,50.54473291,26.18379243,"26.18379243, 50.54473291"
937.0,TAYLOS PHARMACY,صيدلية تايلوس,HEALTH SERVICES,خدمات صحية,PHARMACIES,صيدليات,809.0,SOUTHERN,الجنوبية,50.55408171,26.16797328,"26.16797328, 50.55408171"
938.0,AL SHIRAA JEWELLERY,الشراع للمجوهرات,SHOPPING,تسوق,JEWELERS,مجوهرات,810.0,SOUTHERN,الجنوبية,50.54825726,26.1712717,"26.1712717, 50.54825726"
939.0,ELEGANT SILVER JEWELLERY,مجوهرات الفضة الأنيقة,SHOPPING,تسوق,JEWELERS,مجوهرات,810.0,SOUTHERN,الجنوبية,50.54790627,26.17165342,"26.17165342, 50.54790627"
940.0,FAMILY PHARMACY,صيدلية العائلة,HEALTH SERVICES,خدمات صحية,PHARMACIES,صيدليات,810.0,SOUTHERN,الجنوبية,50.54635661,26.17256833,"26.17256833, 50.54635661"
941.0,NEFERTITI JEWELLERY,مجوهرات نفرتيتي,SHOPPING,تسوق,JEWELERS,مجوهرات,810.0,SOUTHERN,الجنوبية,50.54806014,26.17112843,"26.17112843, 50.54806014"
942.0,SAHI JEWELLERS,مجوهرات ساهي,SHOPPING,تسوق,JEWELERS,مجوهرات,810.0,SOUTHERN,الجنوبية,50.54822136,26.17109548,"26.17109548, 50.54822136"
943.0,ABU NABIL CARPET,أبو نبيل للسجاد,SHOPPING,تسوق,FURNITURE SHOPS,أثاث,812.0,SOUTHERN,الجنوبية,50.55653062,26.1701552,"26.1701552, 50.55653062"
944.0,ABU TARIQ CARPETS,أبو طارق للسجاد,SHOPPING,تسوق,FURNITURE SHOPS,أثاث,812.0,SOUTHERN,الجنوبية,50.55651113,26.17019213,"26.17019213, 50.55651113"
945.0,AL BAYAN PHARMACY,صيدلية البيان,HEALTH SERVICES,خدمات صحية,PHARMACIES,صيدليات,812.0,SOUTHERN,الجنوبية,50.55265272,26.17748212,"26.17748212, 50.55265272"
946.0,AL DORIYAH FOR CARPET,الدرية للسجاد,SHOPPING,تسوق,FURNITURE SHOPS,أثاث,812.0,SOUTHERN,الجنوبية,50.55638849,26.17009702,"26.17009702, 50.55638849"
947.0,AL HASAN JEWELLERY,مجوهرات الحسن,SHOPPING,تسوق,JEWELERS,مجوهرات,812.0,SOUTHERN,الجنوبية,50.55961063,26.17276071,"26.17276071, 50.55961063"
948.0,AL SALAM PHARMACY,صيدلية السلام,HEALTH SERVICES,خدمات صحية,PHARMACIES,صيدليات,812.0,SOUTHERN,الجنوبية,50.55251147,26.16919199,"26.16919199, 50.55251147"
949.0,AL SAUDI CARPETS & FURNITURE EXHIBITION,المعرض السعودي للسجاد والاثاث,SHOPPING,تسوق,FURNITURE SHOPS,أثاث,812.0,SOUTHERN,الجنوبية,50.55600449,26.17032293,"26.17032293, 50.55600449"
950.0,BROTHERS SELLING CARPET,الشقيقان لبيع السجاد,SHOPPING,تسوق,FURNITURE SHOPS,أثاث,812.0,SOUTHERN,الجنوبية,50.5564722,26.17007013,"26.17007013, 50.5564722"
951.0,GULF SHELL FURNITURE,أثاث صَدَفَةِ خليجِ,SHOPPING,تسوق,FURNITURE SHOPS,أثاث,812.0,SOUTHERN,الجنوبية,50.55590676,26.1703616,"26.1703616, 50.55590676"
952.0,MIRAJ CARPET,سجاد ميراج,SHOPPING,تسوق,FURNITURE SHOPS,أثاث,812.0,SOUTHERN,الجنوبية,50.55647632,26.17018086,"26.17018086, 50.55647632"
953.0,MOTORY CAR SHOWROOM,معرض موتري للسيارات,SHOPPING,تسوق,CAR SHOWROOMS,معارض السيارات,812.0,SOUTHERN,الجنوبية,50.54920754,26.17014009,"26.17014009, 50.54920754"
954.0,AL RAHMA PHARMACY,صيدلية الرحمة,HEALTH SERVICES,خدمات صحية,PHARMACIES,صيدليات,814.0,SOUTHERN,الجنوبية,50.55780223,26.16922035,"26.16922035, 50.55780223"
955.0,AL RESALAH INTERNATIONAL PHARMACY,صيدلية الرسالة الدولية,HEALTH SERVICES,خدمات صحية,PHARMACIES,صيدليات,814.0,SOUTHERN,الجنوبية,50.56355667,26.16639198,"26.16639198, 50.56355667"
956.0,FUTURE PHARMACY,صيدلية المستقبل,HEALTH SERVICES,خدمات صحية,PHARMACIES,صيدليات,814.0,SOUTHERN,الجنوبية,50.56492209,26.16822562,"26.16822562, 50.56492209"
957.0,AWAL PHARMACY,صيدلية أوال,HEALTH SERVICES,خدمات صحية,PHARMACIES,صيدليات,901.0,SOUTHERN,الجنوبية,50.56555603,26.12386316,"26.12386316, 50.56555603"
958.0,AL HUFOOF JEWELLERY,مجوهرات الهفوف,SHOPPING,تسوق,JEWELERS,مجوهرات,903.0,SOUTHERN,الجنوبية,50.56756056,26.11936282,"26.11936282, 50.56756056"
959.0,AL MOATAZ JEWELLERS,مجوهرات المعتز,SHOPPING,تسوق,JEWELERS,مجوهرات,903.0,SOUTHERN,الجنوبية,50.56849493,26.11902525,"26.11902525, 50.56849493"
960.0,AL SHARJA JEWELLERY,مجوهرات الشارقة,SHOPPING,تسوق,JEWELERS,مجوهرات,903.0,SOUTHERN,الجنوبية,50.56771687,26.11873458,"26.11873458, 50.56771687"
961.0,AL TASAHUL JEWELLERS,مجوهرات التساهل,SHOPPING,تسوق,JEWELERS,مجوهرات,903.0,SOUTHERN,الجنوبية,50.56765072,26.11923348,"26.11923348, 50.56765072"
962.0,ALI ABDULLAH RAJAB JEWELLERS,مجوهرات علي عبدالله رجب,SHOPPING,تسوق,JEWELERS,مجوهرات,903.0,SOUTHERN,الجنوبية,50.56754228,26.11941719,"26.11941719, 50.56754228"
963.0,APSARA JEWELLERS,مجوهرات ابسرا,SHOPPING,تسوق,JEWELERS,مجوهرات,903.0,SOUTHERN,الجنوبية,50.56774005,26.11876332,"26.11876332, 50.56774005"
964.0,BURJ AL DALO JEWELLERY,مجوهرات برج الدلو,SHOPPING,تسوق,JEWELERS,مجوهرات,903.0,SOUTHERN,الجنوبية,50.56766645,26.11917207,"26.11917207, 50.56766645"
965.0,DALO JEWELLERY,مجوهرات دلو,SHOPPING,تسوق,JEWELERS,مجوهرات,903.0,SOUTHERN,الجنوبية,50.56769554,26.11913723,"26.11913723, 50.56769554"
966.0,DAMAS JEWELLERY,مجوهرات داماس,SHOPPING,تسوق,JEWELERS,مجوهرات,903.0,SOUTHERN,الجنوبية,50.5683792,26.11900386,"26.11900386, 50.5683792"
967.0,FARAH JEWELLERY,مجوهرات فرح,SHOPPING,تسوق,JEWELERS,مجوهرات,903.0,SOUTHERN,الجنوبية,50.56771687,26.11873458,"26.11873458, 50.56771687"
968.0,GORDHANDAS JEWELLERY,مجوهرات قورداندس,SHOPPING,تسوق,JEWELERS,مجوهرات,903.0,SOUTHERN,الجنوبية,50.56758319,26.11931836,"26.11931836, 50.56758319"
969.0,HAWAR PHARMACY,صيدلية حوار,HEALTH SERVICES,خدمات صحية,PHARMACIES,صيدليات,903.0,SOUTHERN,الجنوبية,50.56673302,26.12120139,"26.12120139, 50.56673302"
970.0,RAWAN JEWELLERY,مجوهرات روان,SHOPPING,تسوق,JEWELERS,مجوهرات,903.0,SOUTHERN,الجنوبية,50.56786816,26.11880629,"26.11880629, 50.56786816"
971.0,REGENCY JEWELLERY,مجوهرات ريجنسي,SHOPPING,تسوق,JEWELERS,مجوهرات,903.0,SOUTHERN,الجنوبية,50.56792523,26.1188243,"26.1188243, 50.56792523"
972.0,SHAFIQA JEWELLERY,مجوهرات شفيقة,SHOPPING,تسوق,JEWELERS,مجوهرات,903.0,SOUTHERN,الجنوبية,50.56772872,26.11908631,"26.11908631, 50.56772872"
973.0,STYLE JEWELLERY,مجوهرات ستايل,SHOPPING,تسوق,JEWELERS,مجوهرات,903.0,SOUTHERN,الجنوبية,50.56801912,26.11880821,"26.11880821, 50.56801912"
974.0,SUPER JEWELLERS,مجوهرات سوبر,SHOPPING,تسوق,JEWELERS,مجوهرات,903.0,SOUTHERN,الجنوبية,50.56798773,26.11885157,"26.11885157, 50.56798773"
975.0,SUWAR PHARMACY,صيدلية سوار,HEALTH SERVICES,خدمات صحية,PHARMACIES,صيدليات,903.0,SOUTHERN,الجنوبية,50.5666921,26.12126524,"26.12126524, 50.5666921"
976.0,ALI ABDULLAH RAJAB JEWELLERS,مجوهرات علي عبدالله رجب,SHOPPING,تسوق,JEWELERS,مجوهرات,905.0,SOUTHERN,الجنوبية,50.56676229,26.12164902,"26.12164902, 50.56676229"
977.0,EBRAHIM KHALIL KANOO COMPANY - TOYOTA,شركة إبراهيم خليل كانو - تويوتا,SHOPPING,تسوق,CAR SHOWROOMS,معارض السيارات,905.0,SOUTHERN,الجنوبية,50.57005931,26.12264108,"26.12264108, 50.57005931"
978.0,LERA JEWELLERS,مجوهرات ليرا,SHOPPING,تسوق,JEWELERS,مجوهرات,905.0,SOUTHERN,الجنوبية,50.56732307,26.12029008,"26.12029008, 50.56732307"
979.0,LONDON JEWELLERY,مجوهرات لندن,SHOPPING,تسوق,JEWELERS,مجوهرات,905.0,SOUTHERN,الجنوبية,50.56685612,26.1212481,"26.1212481, 50.56685612"
980.0,WESAL JEWELLERS,مجوهرات وصال,SHOPPING,تسوق,JEWELERS,مجوهرات,907.0,SOUTHERN,الجنوبية,50.56895172,26.11904454,"26.11904454, 50.56895172"
981.0,BALSAM PHARMACY,صيدلية بلسم,HEALTH SERVICES,خدمات صحية,PHARMACIES,صيدليات,908.0,SOUTHERN,الجنوبية,50.54144707,26.12307476,"26.12307476, 50.54144707"
982.0,HEALTH PHARMACY,صيدلية الصحة,HEALTH SERVICES,خدمات صحية,PHARMACIES,صيدليات,911.0,SOUTHERN,الجنوبية,50.57593601,26.11657309,"26.11657309, 50.57593601"
983.0,CLOCK ROUNDABOUT PHARMACY,صيدلية دوار الساعة,HEALTH SERVICES,خدمات صحية,PHARMACIES,صيدليات,912.0,SOUTHERN,الجنوبية,50.54837657,26.12965692,"26.12965692, 50.54837657"
984.0,MONTANA MOTORS SHOWROOM,معرض مونتانا للسيارات,SHOPPING,تسوق,CAR SHOWROOMS,معارض السيارات,912.0,SOUTHERN,الجنوبية,50.54428647,26.13127791,"26.13127791, 50.54428647"
985.0,AL ANDALUS PHARMACY,صيدلية الأندلس,HEALTH SERVICES,خدمات صحية,PHARMACIES,صيدليات,913.0,SOUTHERN,الجنوبية,50.55412203,26.13328248,"26.13328248, 50.55412203"
986.0,AL ETEHAD PHARMACY,صيدلية الإتحاد,HEALTH SERVICES,خدمات صحية,PHARMACIES,صيدليات,913.0,SOUTHERN,الجنوبية,50.55595358,26.1348006,"26.1348006, 50.55595358"
987.0,AL HASAN JEWELLERY,مجوهرات الحسن,SHOPPING,تسوق,JEWELERS,مجوهرات,913.0,SOUTHERN,الجنوبية,50.55702752,26.12988614,"26.12988614, 50.55702752"
988.0,CIGALAH PHARMACY,صيدلية سقالة,HEALTH SERVICES,خدمات صحية,PHARMACIES,صيدليات,913.0,SOUTHERN,الجنوبية,50.5605549,26.13129432,"26.13129432, 50.5605549"
989.0,HUMAN PHARMACY,صيدلية هيومن,HEALTH SERVICES,خدمات صحية,PHARMACIES,صيدليات,913.0,SOUTHERN,الجنوبية,50.55818642,26.13033906,"26.13033906, 50.55818642"
990.0,BU YOUSIF TRADITIONAL SWEETS,بو يوسف للحلويات الشعبية,SHOPPING,تسوق,BAHRAINI SWEET,حلوى بحرينية,914.0,SOUTHERN,الجنوبية,50.55363863,26.13302723,"26.13302723, 50.55363863"
991.0,RIFFA PHARMACY,صيدلية الرفاع,HEALTH SERVICES,خدمات صحية,PHARMACIES,صيدليات,914.0,SOUTHERN,الجنوبية,50.55435267,26.12998419,"26.12998419, 50.55435267"
992.0,KINGDOM PHARMACY,صيدلية المملكة,HEALTH SERVICES,خدمات صحية,PHARMACIES,صيدليات,923.0,SOUTHERN,الجنوبية,50.56680322,26.13742964,"26.13742964, 50.56680322"
993.0,AL MURJAN PHARMACY,صيدلية المرجان,HEALTH SERVICES,خدمات صحية,PHARMACIES,صيدليات,925.0,SOUTHERN,الجنوبية,50.57338046,26.13033533,"26.13033533, 50.57338046"
994.0,BOOTS PHARMACY,صيدلية بوتس,HEALTH SERVICES,خدمات صحية,PHARMACIES,صيدليات,925.0,SOUTHERN,الجنوبية,50.57433851,26.1294546,"26.1294546, 50.57433851"
995.0,DOUX JEWELLERY,مجوهرات دوكس,SHOPPING,تسوق,JEWELERS,مجوهرات,925.0,SOUTHERN,الجنوبية,50.5748904,26.12964735,"26.12964735, 50.5748904"
996.0,LIFESTYLE FINE JEWELLERY,مجوهرات لايف ستايل فاين,SHOPPING,تسوق,JEWELERS,مجوهرات,925.0,SOUTHERN,الجنوبية,50.57423047,26.12928121,"26.12928121, 50.57423047"
997.0,NASSER PHARMACY,صيدلية ناصر,HEALTH SERVICES,خدمات صحية,PHARMACIES,صيدليات,925.0,SOUTHERN,الجنوبية,50.57487549,26.12859454,"26.12859454, 50.57487549"
998.0,RIVOLI,ريفولي,SHOPPING,تسوق,JEWELERS,مجوهرات,925.0,SOUTHERN,الجنوبية,50.57478511,26.12890739,"26.12890739, 50.57478511"
999.0,SAHI JEWELLERS,مجوهرات ساهي,SHOPPING,تسوق,JEWELERS,مجوهرات,925.0,SOUTHERN,الجنوبية,50.57439187,26.12933435,"26.12933435, 50.57439187"
1000.0,MARINA PHARMACY,صيدلية مارينا,HEALTH SERVICES,خدمات صحية,PHARMACIES,صيدليات,927.0,SOUTHERN,الجنوبية,50.57286916,26.12556419,"26.12556419, 50.57286916"
1001.0,SALMA PHARMACY,صيدلية سلمى,HEALTH SERVICES,خدمات صحية,PHARMACIES,صيدليات,927.0,SOUTHERN,الجنوبية,50.57687967,26.12423907,"26.12423907, 50.57687967"
1002.0,DEJLAH PHARMACY,صيدلية دجلة,HEALTH SERVICES,خدمات صحية,PHARMACIES,صيدليات,929.0,SOUTHERN,الجنوبية,50.58041044,26.11994477,"26.11994477, 50.58041044"
1003.0,HOME CENTER,هوم سنتر,SHOPPING,تسوق,FURNITURE SHOPS,أثاث,933.0,SOUTHERN,الجنوبية,50.56975247,26.13622528,"26.13622528, 50.56975247"
1004.0,AL RASHID KITCHEN,الراشد للمطابخ,SHOPPING,تسوق,FURNITURE SHOPS,أثاث,939.0,SOUTHERN,الجنوبية,50.58615569,26.1308651,"26.1308651, 50.58615569"
1005.0,COOPERATION PHARMACY,صيدلية مركز التعاون الدولي,HEALTH SERVICES,خدمات صحية,PHARMACIES,صيدليات,939.0,SOUTHERN,الجنوبية,50.5781683,26.13842139,"26.13842139, 50.5781683"
1006.0,CHAIRMAN CAR SHOWROOM,معرض الرئيس للسيارات,SHOPPING,تسوق,CAR SHOWROOMS,معارض السيارات,941.0,SOUTHERN,الجنوبية,50.57997268,26.1403912,"26.1403912, 50.57997268"
1007.0,EXPO MOTORS,اكسبو للسيارات,SHOPPING,تسوق,CAR SHOWROOMS,معارض السيارات,941.0,SOUTHERN,الجنوبية,50.5759663,26.14808243,"26.14808243, 50.5759663"
1008.0,SAHARI FOR USED CARS,صحاري للسيارات المستعملة,SHOPPING,تسوق,CAR SHOWROOMS,معارض السيارات,941.0,SOUTHERN,الجنوبية,50.57555068,26.14879896,"26.14879896, 50.57555068"
1009.0,TARGET PHARMACY,صيدلية تارجت,HEALTH SERVICES,خدمات صحية,PHARMACIES,صيدليات,941.0,SOUTHERN,الجنوبية,50.57866036,26.13947674,"26.13947674, 50.57866036"
1010.0,BLISSLAB PHARMACY,صيدلية بلسلاب,HEALTH SERVICES,خدمات صحية,PHARMACIES,صيدليات,943.0,SOUTHERN,الجنوبية,50.56562004,26.1021244,"26.1021244, 50.56562004"
1011.0,ARTIFEX WOOD WORKS COMPANY,شركة أرتيفكس للأعمال الخشبية,SHOPPING,تسوق,FURNITURE SHOPS,أثاث,948.0,SOUTHERN,الجنوبية,50.59587078,26.10271258,"26.10271258, 50.59587078"
1012.0,INNER STYLE CARPENTRY WORKSHOP,ورشة النمط الداخلي للنجارة,SHOPPING,تسوق,FURNITURE SHOPS,أثاث,948.0,SOUTHERN,الجنوبية,50.59787698,26.10093133,"26.10093133, 50.59787698"
1013.0,KANS INTERIOR COMPANY,شركة كانس للتصميم الداخلي,SHOPPING,تسوق,FURNITURE SHOPS,أثاث,948.0,SOUTHERN,الجنوبية,50.59416204,26.10185296,"26.10185296, 50.59416204"
1014.0,NAZA FURNISHING,مفروشات نازا,SHOPPING,تسوق,FURNITURE SHOPS,أثاث,948.0,SOUTHERN,الجنوبية,50.59436033,26.10180518,"26.10180518, 50.59436033"
1015.0,OVERDRIVE CAR SHOWROOM,معرض أوفردرايف للسيارات,SHOPPING,تسوق,CAR SHOWROOMS,معارض السيارات,948.0,SOUTHERN,الجنوبية,50.59960092,26.10494308,"26.10494308, 50.59960092"
1016.0,SPACE CREATORS CARPENTRY WORKSHOP,ورشة فضاء المبدعين للنجارة,SHOPPING,تسوق,FURNITURE SHOPS,أثاث,948.0,SOUTHERN,الجنوبية,50.59783888,26.10091127,"26.10091127, 50.59783888"
1017.0,STANDUP DECORATION,ستاند أب للديكور,SHOPPING,تسوق,FURNITURE SHOPS,أثاث,948.0,SOUTHERN,الجنوبية,50.59732103,26.10164644,"26.10164644, 50.59732103"
1018.0,AL MOHSIN DECOR COMPANY,شركة المحسن للديكور,SHOPPING,تسوق,FURNITURE SHOPS,أثاث,949.0,SOUTHERN,الجنوبية,50.5907711,26.11755753,"26.11755753, 50.5907711"
1019.0,FAKHRO PHARMACY,صيدلية فخرو,HEALTH SERVICES,خدمات صحية,PHARMACIES,صيدليات,952.0,SOUTHERN,الجنوبية,50.62581816,26.0808863,"26.0808863, 50.62581816"
1020.0,THE HOME STORE FURNITURE - STORE,مفروشات هوم ستور - مستودع,SHOPPING,تسوق,FURNITURE SHOPS,أثاث,952.0,SOUTHERN,الجنوبية,50.6237193,26.08116233,"26.08116233, 50.6237193"
1021.0,AL DEERAH PHARMACY,صيدلية الديرة,HEALTH SERVICES,خدمات صحية,PHARMACIES,صيدليات,957.0,SOUTHERN,الجنوبية,50.61204394,26.04688503,"26.04688503, 50.61204394"
1022.0,WELLBEING PHARMACY,صيدلية الرفاه,HEALTH SERVICES,خدمات صحية,PHARMACIES,صيدليات,957.0,SOUTHERN,الجنوبية,50.61173885,26.04588924,"26.04588924, 50.61173885"
1023.0,AL SHIFA PHARMACY,صيدلية الشفاء,HEALTH SERVICES,خدمات صحية,PHARMACIES,صيدليات,999.0,SOUTHERN,الجنوبية,50.61255726,25.84398715,"25.84398715, 50.61255726"
1024.0,ALWATAN PHARMACY,صيدلية الوطن,HEALTH SERVICES,خدمات صحية,PHARMACIES,صيدليات,1057.0,SOUTHERN,الجنوبية,50.48870971,26.04820667,"26.04820667, 50.48870971"
