n,name,l_sm,type,ltsnyf,subtype,ltsnyf_lfr_y,block,governorate,lmhfzt,x_longitude,y_latitude,location
1.0,AL MASSAH RESTAURANT,مطعم الماسه,RESTAURANTS,مطاعم,OTHER RESTAURANTS,مطاعم أخرى,301.0,CAPITAL,العاصمة,50.57879651,26.23073852,"26.23073852, 50.57879651"
2.0,HAMILTON RESTAURANT,مطعم هاملتون,RESTAURANTS,مطاعم,OTHER RESTAURANTS,مطاعم أخرى,301.0,CAPITAL,العاصمة,50.58138332,26.23073903,"26.23073903, 50.58138332"
3.0,SUQRAT RESTAURANT,مطعم سقراط,RESTAURANTS,مطاعم,OTHER RESTAURANTS,مطاعم أخرى,301.0,CAPITAL,العاصمة,50.57980913,26.22715786,"26.22715786, 50.57980913"
4.0,TITANIC RESTAURANT,مطعم تايتنك,RESTAURANTS,مطاعم,OTHER RESTAURANTS,مطاعم أخرى,301.0,CAPITAL,العاصمة,50.57951649,26.22675363,"26.22675363, 50.57951649"
5.0,AL FANOOS RESTAURANT,مطعم الفانوس,RESTAURANTS,مطاعم,ARABIC RESTAURANTS,مطاعم عربية,302.0,CAPITAL,العاصمة,50.5772003,26.22580791,"26.22580791, 50.5772003"
6.0,AL RABAN RESTAURANT,مطعم الربان,RESTAURANTS,مطاعم,OTHER RESTAURANTS,مطاعم أخرى,302.0,CAPITAL,العاصمة,50.57352147,26.22892893,"26.22892893, 50.57352147"
7.0,AL SAWAH RESTAURANT,مطعم السواح,RESTAURANTS,مطاعم,INDIAN RESTAURANTS,مطاعم هندية,302.0,CAPITAL,العاصمة,50.57514928,26.22983259,"26.22983259, 50.57514928"
8.0,AL TWAHI COFFEE SHOP,مقهى التواهي,RESTAURANTS,مطاعم,COFFEE SHOPS,مقاهي,302.0,CAPITAL,العاصمة,50.57349074,26.2242618,"26.2242618, 50.57349074"
9.0,AL ZAFARAN RESTAURANT,مطعم الزعفران,RESTAURANTS,مطاعم,OTHER RESTAURANTS,مطاعم أخرى,302.0,CAPITAL,العاصمة,50.57190535,26.22881915,"26.22881915, 50.57190535"
10.0,ALRAZZAQ RESTAURANT,مطعم الرزاق,RESTAURANTS,مطاعم,OTHER RESTAURANTS,مطاعم أخرى,302.0,CAPITAL,العاصمة,50.57285752,26.22439213,"26.22439213, 50.57285752"
11.0,BRONAI RESTAURANT,مطعم بروناي,RESTAURANTS,مطاعم,OTHER RESTAURANTS,مطاعم أخرى,302.0,CAPITAL,العاصمة,50.57325216,26.22830995,"26.22830995, 50.57325216"
12.0,JUBRAN RESTAURANT,مطعم جبران,RESTAURANTS,مطاعم,OTHER RESTAURANTS,مطاعم أخرى,302.0,CAPITAL,العاصمة,50.57423069,26.2290765,"26.2290765, 50.57423069"
13.0,KABABJI RESTAURANT,مطعم كبابجي,RESTAURANTS,مطاعم,OTHER RESTAURANTS,مطاعم أخرى,302.0,CAPITAL,العاصمة,50.57446156,26.22959246,"26.22959246, 50.57446156"
14.0,KARRAR RESTAURANT,مطعم كرار,RESTAURANTS,مطاعم,OTHER RESTAURANTS,مطاعم أخرى,302.0,CAPITAL,العاصمة,50.57229291,26.22694163,"26.22694163, 50.57229291"
15.0,KHETAM RESTAURANT,مطعم ختام,RESTAURANTS,مطاعم,OTHER RESTAURANTS,مطاعم أخرى,302.0,CAPITAL,العاصمة,50.573816,26.22893774,"26.22893774, 50.573816"
16.0,NOOR DUBAI RESTAURANT,مطعم نور دبي,RESTAURANTS,مطاعم,OTHER RESTAURANTS,مطاعم أخرى,302.0,CAPITAL,العاصمة,50.57386794,26.22895844,"26.22895844, 50.57386794"
17.0,PAKISTAN RESTAURANT,مطعم باكستان,RESTAURANTS,مطاعم,OTHER RESTAURANTS,مطاعم أخرى,302.0,CAPITAL,العاصمة,50.57306604,26.22833604,"26.22833604, 50.57306604"
18.0,TAJ MAHAL RESTAURANT,مطعم تاج محل,RESTAURANTS,مطاعم,INDIAN RESTAURANTS,مطاعم هندية,302.0,CAPITAL,العاصمة,50.57556137,26.22954037,"26.22954037, 50.57556137"
19.0,BIN DARWISH RESTAURANT,مطعم بن درويش,RESTAURANTS,مطاعم,OTHER RESTAURANTS,مطاعم أخرى,303.0,CAPITAL,العاصمة,50.57161437,26.22667027,"26.22667027, 50.57161437"
20.0,SILVER RESTAURANT,المطعم الفضي,RESTAURANTS,مطاعم,OTHER RESTAURANTS,مطاعم أخرى,303.0,CAPITAL,العاصمة,50.57214529,26.22611624,"26.22611624, 50.57214529"
21.0,TAYLOS RESTAURANT,مطعم تايلوس,RESTAURANTS,مطاعم,LEBANESE RESTAURANTS,مطاعم لبنانية,303.0,CAPITAL,العاصمة,50.57047952,26.22925874,"26.22925874, 50.57047952"
22.0,ABUNAWAS LOUNGE,ردهه أبو نواس,RESTAURANTS,مطاعم,INTERNATIONAL RESTAURANTS,مطاعم عالمية,304.0,CAPITAL,العاصمة,50.57689316,26.2317933,"26.2317933, 50.57689316"
23.0,AHMADI RESTAURANT,مطعم أحمدي,RESTAURANTS,مطاعم,OTHER RESTAURANTS,مطاعم أخرى,304.0,CAPITAL,العاصمة,50.57567409,26.23282398,"26.23282398, 50.57567409"
24.0,AHMED ABDULRAHIM COFFEE SHOP,مقهى أحمد عبدالرحيم,RESTAURANTS,مطاعم,COFFEE SHOPS,مقاهي,304.0,CAPITAL,العاصمة,50.57299619,26.23178651,"26.23178651, 50.57299619"
25.0,AL ASHRAF RESTAURANT,مطعم الأشراف,RESTAURANTS,مطاعم,OTHER RESTAURANTS,مطاعم أخرى,304.0,CAPITAL,العاصمة,50.57269953,26.23083169,"26.23083169, 50.57269953"
26.0,AL BASHA RESTAURANT,مطعم الباشا,RESTAURANTS,مطاعم,INTERNATIONAL RESTAURANTS,مطاعم عالمية,304.0,CAPITAL,العاصمة,50.5742544,26.23208971,"26.23208971, 50.5742544"
27.0,AL RUMMANAH RESTAURANT,مطعم الرمانه,RESTAURANTS,مطاعم,OTHER RESTAURANTS,مطاعم أخرى,304.0,CAPITAL,العاصمة,50.57873813,26.2317522,"26.2317522, 50.57873813"
28.0,AL SARYANI RESTAURANT,مطعم السرياني,RESTAURANTS,مطاعم,OTHER RESTAURANTS,مطاعم أخرى,304.0,CAPITAL,العاصمة,50.57184317,26.22898236,"26.22898236, 50.57184317"
29.0,AL TAEI RESTAURANT,مطعم التاي,RESTAURANTS,مطاعم,OTHER RESTAURANTS,مطاعم أخرى,304.0,CAPITAL,العاصمة,50.57881653,26.23547912,"26.23547912, 50.57881653"
30.0,AL WASMIYA RESTAURANT,مطعم الوسمية,RESTAURANTS,مطاعم,OTHER RESTAURANTS,مطاعم أخرى,304.0,CAPITAL,العاصمة,50.57761557,26.23239487,"26.23239487, 50.57761557"
31.0,AMMAR RESTAURANT,مطعم عمار,RESTAURANTS,مطاعم,OTHER RESTAURANTS,مطاعم أخرى,304.0,CAPITAL,العاصمة,50.57605446,26.2324234,"26.2324234, 50.57605446"
32.0,BAGHDAD RESTAURANT,مطعم بغداد,RESTAURANTS,مطاعم,OTHER RESTAURANTS,مطاعم أخرى,304.0,CAPITAL,العاصمة,50.57391124,26.23092638,"26.23092638, 50.57391124"
33.0,BAHRAIN HOUSE RESTAURANT,مطعم دار البحرين,RESTAURANTS,مطاعم,OTHER RESTAURANTS,مطاعم أخرى,304.0,CAPITAL,العاصمة,50.57423932,26.23160644,"26.23160644, 50.57423932"
34.0,BASKIN ROBBINS,باسكن روبنز,RESTAURANTS,مطاعم,ICE CREAM,أيس كريم,304.0,CAPITAL,العاصمة,50.57619598,26.23403004,"26.23403004, 50.57619598"
35.0,BINT AL SHAM PASTRIES & SHAWARMA,معجنات وشوارما بنت الشام,RESTAURANTS,مطاعم,ARABIC RESTAURANTS,مطاعم عربية,304.0,CAPITAL,العاصمة,50.57465742,26.23047982,"26.23047982, 50.57465742"
36.0,BORJ AL HAMAM PASTRIES,معجنات برج الحمام,RESTAURANTS,مطاعم,OTHER RESTAURANTS,مطاعم أخرى,304.0,CAPITAL,العاصمة,50.5737038,26.23241644,"26.23241644, 50.5737038"
37.0,BOURBAN STREET,شارع بوربان,RESTAURANTS,مطاعم,INTERNATIONAL RESTAURANTS,مطاعم عالمية,304.0,CAPITAL,العاصمة,50.57420729,26.23086318,"26.23086318, 50.57420729"
38.0,CALICUT RESTAURANT,مطعم كاليكوت,RESTAURANTS,مطاعم,OTHER RESTAURANTS,مطاعم أخرى,304.0,CAPITAL,العاصمة,50.57290641,26.22949898,"26.22949898, 50.57290641"
39.0,CHARCOAL GRILL,مطعم مشويات بالفحم,RESTAURANTS,مطاعم,INTERNATIONAL RESTAURANTS,مطاعم عالمية,304.0,CAPITAL,العاصمة,50.57560165,26.23354359,"26.23354359, 50.57560165"
40.0,COSTA COFFEE,كوستا كوفي,RESTAURANTS,مطاعم,COFFEE SHOPS,مقاهي,304.0,CAPITAL,العاصمة,50.57339744,26.23225458,"26.23225458, 50.57339744"
41.0,CRYSTAL RESTAURANT,مطعم كريستال,RESTAURANTS,مطاعم,OTHER RESTAURANTS,مطاعم أخرى,304.0,CAPITAL,العاصمة,50.57443693,26.23281613,"26.23281613, 50.57443693"
42.0,DOMINO'S PIZZA,دومينوز بيتزا,RESTAURANTS,مطاعم,PIZZA,بيتزا,304.0,CAPITAL,العاصمة,50.57701127,26.23373456,"26.23373456, 50.57701127"
43.0,FOOD CITY RESTAURANT,مطعم فود سيتي,RESTAURANTS,مطاعم,INTERNATIONAL RESTAURANTS,مطاعم عالمية,304.0,CAPITAL,العاصمة,50.57698788,26.23389897,"26.23389897, 50.57698788"
44.0,JASMIS COFFEE,مقهى جسميز,RESTAURANTS,مطاعم,COFFEE SHOPS,مقاهي,304.0,CAPITAL,العاصمة,50.57628882,26.23244465,"26.23244465, 50.57628882"
45.0,KAWA,كاوا,RESTAURANTS,مطاعم,JAPANESE RESTAURANTS,مطاعم يابانية,304.0,CAPITAL,العاصمة,50.57331541,26.2319299,"26.2319299, 50.57331541"
46.0,KENTUCKY FRIED CHICKEN - KFC,كنتاكي,RESTAURANTS,مطاعم,FAST FOOD RESTAURANTS,وجبات سريعة,304.0,CAPITAL,العاصمة,50.57613772,26.23399541,"26.23399541, 50.57613772"
47.0,KIRALY RESTAURANT,مطعم كيرالي,RESTAURANTS,مطاعم,OTHER RESTAURANTS,مطاعم أخرى,304.0,CAPITAL,العاصمة,50.57596421,26.23260616,"26.23260616, 50.57596421"
48.0,LA TAVERNA,لا تفيرنا,RESTAURANTS,مطاعم,ITALIAN RESTAURANTS,مطاعم إيطالية,304.0,CAPITAL,العاصمة,50.57310493,26.23190434,"26.23190434, 50.57310493"
49.0,MADRAS RESTAURANT,مطعم مدراس,RESTAURANTS,مطاعم,OTHER RESTAURANTS,مطاعم أخرى,304.0,CAPITAL,العاصمة,50.57237277,26.22920598,"26.22920598, 50.57237277"
50.0,MANAMA SOUQ RESTAURANT,مطعم سوق المنامة,RESTAURANTS,مطاعم,OTHER RESTAURANTS,مطاعم أخرى,304.0,CAPITAL,العاصمة,50.57606444,26.23166821,"26.23166821, 50.57606444"
51.0,MANAMA TAJ RESTAURANT,مطعم تاج المنامة,RESTAURANTS,مطاعم,OTHER RESTAURANTS,مطاعم أخرى,304.0,CAPITAL,العاصمة,50.57555367,26.23282645,"26.23282645, 50.57555367"
52.0,MANDALI RESTAURANT,مطعم مندلي,RESTAURANTS,مطاعم,OTHER RESTAURANTS,مطاعم أخرى,304.0,CAPITAL,العاصمة,50.57523094,26.23048843,"26.23048843, 50.57523094"
53.0,MCDONALD'S,ماكدونالدز,RESTAURANTS,مطاعم,FAST FOOD RESTAURANTS,وجبات سريعة,304.0,CAPITAL,العاصمة,50.57703049,26.23412945,"26.23412945, 50.57703049"
54.0,PARIJATA RESTAURANT,مطعم بريجاتا,RESTAURANTS,مطاعم,INDIAN RESTAURANTS,مطاعم هندية,304.0,CAPITAL,العاصمة,50.57761724,26.23156009,"26.23156009, 50.57761724"
55.0,PIZZA HUT,بيتزا هت,RESTAURANTS,مطاعم,PIZZA,بيتزا,304.0,CAPITAL,العاصمة,50.57376937,26.23162277,"26.23162277, 50.57376937"
56.0,SHAYONA RESTAURANT,مطعم شيونا,RESTAURANTS,مطاعم,OTHER RESTAURANTS,مطاعم أخرى,304.0,CAPITAL,العاصمة,50.57873835,26.23105664,"26.23105664, 50.57873835"
57.0,SUFRAT AL MUHARRAQ RESTAURANT,مطعم سفرة المحرق,RESTAURANTS,مطاعم,OTHER RESTAURANTS,مطاعم أخرى,304.0,CAPITAL,العاصمة,50.57802856,26.23161393,"26.23161393, 50.57802856"
58.0,TARBOUCHE,مطعم الطربوش,RESTAURANTS,مطاعم,LEBANESE RESTAURANTS,مطاعم لبنانية,304.0,CAPITAL,العاصمة,50.57328576,26.23189697,"26.23189697, 50.57328576"
59.0,TOP HOME RESTAURANT,المطعم الرئيسي,RESTAURANTS,مطاعم,OTHER RESTAURANTS,مطاعم أخرى,304.0,CAPITAL,العاصمة,50.57518737,26.23046383,"26.23046383, 50.57518737"
60.0,TOP MOST RESTAURANT,مطعم المستوى العالي,RESTAURANTS,مطاعم,OTHER RESTAURANTS,مطاعم أخرى,304.0,CAPITAL,العاصمة,50.57533101,26.23164133,"26.23164133, 50.57533101"
61.0,VISITOR COUNTRY RESTAURANT,مطعم فيزيتر كونتري,RESTAURANTS,مطاعم,INTERNATIONAL RESTAURANTS,مطاعم عالمية,304.0,CAPITAL,العاصمة,50.57466434,26.23146462,"26.23146462, 50.57466434"
62.0,AL MAHBOOB RESTAURANT,مطعم المحبوب,RESTAURANTS,مطاعم,OTHER RESTAURANTS,مطاعم أخرى,305.0,CAPITAL,العاصمة,50.58271514,26.23388793,"26.23388793, 50.58271514"
63.0,AL RUQYAN RESTAURANT,مطعم الرقيان,RESTAURANTS,مطاعم,OTHER RESTAURANTS,مطاعم أخرى,305.0,CAPITAL,العاصمة,50.58086518,26.23242463,"26.23242463, 50.58086518"
64.0,GLOORIA RESTAURANT,مطعم جلوريا,RESTAURANTS,مطاعم,OTHER RESTAURANTS,مطاعم أخرى,305.0,CAPITAL,العاصمة,50.58325728,26.23494119,"26.23494119, 50.58325728"
65.0,IBN SINA RESTAURANT,مطعم إبن سينا,RESTAURANTS,مطاعم,OTHER RESTAURANTS,مطاعم أخرى,305.0,CAPITAL,العاصمة,50.58267008,26.23375674,"26.23375674, 50.58267008"
66.0,AL WAOOD RESTAURANT,مطعم الوعود,RESTAURANTS,مطاعم,OTHER RESTAURANTS,مطاعم أخرى,306.0,CAPITAL,العاصمة,50.5857712,26.23316486,"26.23316486, 50.5857712"
67.0,NAINAWA PASTRIES,معجنات نينوى,RESTAURANTS,مطاعم,ARABIC RESTAURANTS,مطاعم عربية,306.0,CAPITAL,العاصمة,50.58608008,26.23706664,"26.23706664, 50.58608008"
68.0,PARADISE RESTAURANT,مطعم الفردوس,RESTAURANTS,مطاعم,INDIAN RESTAURANTS,مطاعم هندية,306.0,CAPITAL,العاصمة,50.58517204,26.23774982,"26.23774982, 50.58517204"
69.0,RAS RUMMAN RESTAURANT,مطعم رأس رمان,RESTAURANTS,مطاعم,OTHER RESTAURANTS,مطاعم أخرى,306.0,CAPITAL,العاصمة,50.58522402,26.2340924,"26.2340924, 50.58522402"
70.0,AL FAIQ RESTAURANT,مطعم الفايق,RESTAURANTS,مطاعم,OTHER RESTAURANTS,مطاعم أخرى,307.0,CAPITAL,العاصمة,50.58801524,26.23081962,"26.23081962, 50.58801524"
71.0,AL HANAA RESTAURANT,مطعم الهناء,RESTAURANTS,مطاعم,OTHER RESTAURANTS,مطاعم أخرى,307.0,CAPITAL,العاصمة,50.58431635,26.22787439,"26.22787439, 50.58431635"
72.0,AL HAYAT RESTAURANT,مطعم الحياة,RESTAURANTS,مطاعم,OTHER RESTAURANTS,مطاعم أخرى,307.0,CAPITAL,العاصمة,50.58609597,26.22826985,"26.22826985, 50.58609597"
73.0,AL WASEEM RESTAURANT,مطعم الوسيم,RESTAURANTS,مطاعم,OTHER RESTAURANTS,مطاعم أخرى,307.0,CAPITAL,العاصمة,50.58161662,26.2281688,"26.2281688, 50.58161662"
74.0,AL WASMIYA VILLAGE RESTAURANT,مطعم قرية الوسمية,RESTAURANTS,مطاعم,OTHER RESTAURANTS,مطاعم أخرى,307.0,CAPITAL,العاصمة,50.58205605,26.22886761,"26.22886761, 50.58205605"
75.0,ALSAAF HOUSE RESTAURANT,مطعم بيت السعف,RESTAURANTS,مطاعم,OTHER RESTAURANTS,مطاعم أخرى,307.0,CAPITAL,العاصمة,50.58307032,26.22800388,"26.22800388, 50.58307032"
76.0,CENTRAL RESTAURANT,المطعم المركزي,RESTAURANTS,مطاعم,INDIAN RESTAURANTS,مطاعم هندية,307.0,CAPITAL,العاصمة,50.580492,26.22785785,"26.22785785, 50.580492"
77.0,CHICKING RESTAURANT,مطعم شيكينغ,RESTAURANTS,مطاعم,FAST FOOD RESTAURANTS,وجبات سريعة,307.0,CAPITAL,العاصمة,50.58223402,26.22737132,"26.22737132, 50.58223402"
78.0,GOLDEN ROSE RESTAURANT,مطعم الورده الذهبية,RESTAURANTS,مطاعم,OTHER RESTAURANTS,مطاعم أخرى,307.0,CAPITAL,العاصمة,50.58588624,26.22835684,"26.22835684, 50.58588624"
79.0,HOMA RESTAURANT,مطعم هوما,RESTAURANTS,مطاعم,INDIAN RESTAURANTS,مطاعم هندية,307.0,CAPITAL,العاصمة,50.58184905,26.22756833,"26.22756833, 50.58184905"
80.0,KASHMIR RESTAURANT,مطعم كشمير,RESTAURANTS,مطاعم,OTHER RESTAURANTS,مطاعم أخرى,307.0,CAPITAL,العاصمة,50.58782033,26.22865174,"26.22865174, 50.58782033"
81.0,KHAZANA RESTAURANT,مطعم خزانة,RESTAURANTS,مطاعم,INTERNATIONAL RESTAURANTS,مطاعم عالمية,307.0,CAPITAL,العاصمة,50.58398627,26.22790804,"26.22790804, 50.58398627"
82.0,KORMA RESTAURANT,مطعم كورما,RESTAURANTS,مطاعم,INDIAN RESTAURANTS,مطاعم هندية,307.0,CAPITAL,العاصمة,50.58352249,26.22767028,"26.22767028, 50.58352249"
83.0,LEBANESE RESTAURANT,المطعم اللبناني,RESTAURANTS,مطاعم,LEBANESE RESTAURANTS,مطاعم لبنانية,307.0,CAPITAL,العاصمة,50.58410345,26.22794069,"26.22794069, 50.58410345"
84.0,MILAN INTERNATIONAL RESTAURANT,مطعم ميلان العالمي,RESTAURANTS,مطاعم,INTERNATIONAL RESTAURANTS,مطاعم عالمية,307.0,CAPITAL,العاصمة,50.58546927,26.22811473,"26.22811473, 50.58546927"
85.0,PARIS RESTAURANT,مطعم باريس,RESTAURANTS,مطاعم,INDIAN RESTAURANTS,مطاعم هندية,307.0,CAPITAL,العاصمة,50.58180552,26.22728738,"26.22728738, 50.58180552"
86.0,QAZWEEN BROASTED,بروستد قزوين,RESTAURANTS,مطاعم,OTHER RESTAURANTS,مطاعم أخرى,307.0,CAPITAL,العاصمة,50.58524792,26.22806722,"26.22806722, 50.58524792"
87.0,RANOOSH RESTAURANT,مطعم رنوش,RESTAURANTS,مطاعم,ARABIC RESTAURANTS,مطاعم عربية,307.0,CAPITAL,العاصمة,50.58296439,26.22760753,"26.22760753, 50.58296439"
88.0,SAGAR RESTAURANT,مطعم ساجار,RESTAURANTS,مطاعم,INDIAN RESTAURANTS,مطاعم هندية,307.0,CAPITAL,العاصمة,50.58365366,26.22770856,"26.22770856, 50.58365366"
89.0,SANGEETHA DELIGHTS RESTAURANT,مطعم سانغيتا ديلايتس,RESTAURANTS,مطاعم,INDIAN RESTAURANTS,مطاعم هندية,307.0,CAPITAL,العاصمة,50.58339846,26.22765959,"26.22765959, 50.58339846"
90.0,TEKAH AMIN RESTAURANT,مطعم تكة أمين,RESTAURANTS,مطاعم,ARABIC RESTAURANTS,مطاعم عربية,307.0,CAPITAL,العاصمة,50.58590199,26.22824401,"26.22824401, 50.58590199"
91.0,VRINDAVAN RESTAURANT,مطعم فرينديفان,RESTAURANTS,مطاعم,INDIAN RESTAURANTS,مطاعم هندية,307.0,CAPITAL,العاصمة,50.57978718,26.22676573,"26.22676573, 50.57978718"
92.0,WADI AL MULUK COFFEE SHOP,مقهى وادي الملوك,RESTAURANTS,مطاعم,COFFEE SHOPS,مقاهي,307.0,CAPITAL,العاصمة,50.58557499,26.22813742,"26.22813742, 50.58557499"
93.0,WARSOO RESTAURANT,مطعم وارسو,RESTAURANTS,مطاعم,OTHER RESTAURANTS,مطاعم أخرى,307.0,CAPITAL,العاصمة,50.58795153,26.23084602,"26.23084602, 50.58795153"
94.0,ZAWEIYAH LEBANANI RESTAURANT,مطعم الزاوية اللبنانية,RESTAURANTS,مطاعم,LEBANESE RESTAURANTS,مطاعم لبنانية,307.0,CAPITAL,العاصمة,50.58414019,26.2278197,"26.2278197, 50.58414019"
95.0,ABU AL HAUL SANDWICHES,سندويشات أبو الهول,RESTAURANTS,مطاعم,ARABIC RESTAURANTS,مطاعم عربية,308.0,CAPITAL,العاصمة,50.58512139,26.22789211,"26.22789211, 50.58512139"
96.0,AL ASKARI CAFETERIA,كافتيريا العسكري,RESTAURANTS,مطاعم,OTHER RESTAURANTS,مطاعم أخرى,308.0,CAPITAL,العاصمة,50.58525062,26.22507685,"26.22507685, 50.58525062"
97.0,AL DALLAH,الدلة,RESTAURANTS,مطاعم,INTERNATIONAL RESTAURANTS,مطاعم عالمية,308.0,CAPITAL,العاصمة,50.58493453,26.22555643,"26.22555643, 50.58493453"
98.0,AL MAWARDI COFFEE SHOP,المواردي كوفي شوب,RESTAURANTS,مطاعم,COFFEE SHOPS,مقاهي,308.0,CAPITAL,العاصمة,50.58668512,26.2255676,"26.2255676, 50.58668512"
99.0,AL NAFOORA RESTAURANT,مطعم النافورة,RESTAURANTS,مطاعم,OTHER RESTAURANTS,مطاعم أخرى,308.0,CAPITAL,العاصمة,50.58285603,26.22708358,"26.22708358, 50.58285603"
100.0,AL NAWADER CAFE,مقهى النوادر,RESTAURANTS,مطاعم,COFFEE SHOPS,مقاهي,308.0,CAPITAL,العاصمة,50.58589098,26.22789042,"26.22789042, 50.58589098"
101.0,AL RIFFAAIN RESTAURANT,مطعم الرفاعين,RESTAURANTS,مطاعم,TURKISH RESTAURANTS,مطاعم تركية,308.0,CAPITAL,العاصمة,50.58580193,26.22804292,"26.22804292, 50.58580193"
102.0,AL SUWAR RESTAURANT,مطعم السوار,RESTAURANTS,مطاعم,OTHER RESTAURANTS,مطاعم أخرى,308.0,CAPITAL,العاصمة,50.58537471,26.22659918,"26.22659918, 50.58537471"
103.0,ALAHFFAD RESTAURANT,مطعم الأحفاد,RESTAURANTS,مطاعم,OTHER RESTAURANTS,مطاعم أخرى,308.0,CAPITAL,العاصمة,50.58582047,26.22650881,"26.22650881, 50.58582047"
104.0,ALEXANDRIA GRILLS,مشويات الإسكندرية,RESTAURANTS,مطاعم,ARABIC RESTAURANTS,مطاعم عربية,308.0,CAPITAL,العاصمة,50.5882989,26.2268344,"26.2268344, 50.5882989"
105.0,ALMUWAFAQ RESTAURANT,مطعم الموفق,RESTAURANTS,مطاعم,OTHER RESTAURANTS,مطاعم أخرى,308.0,CAPITAL,العاصمة,50.5866216,26.22568636,"26.22568636, 50.5866216"
106.0,ARABIN OVEN PASTRIES & SHAWARMA,معجنات وشوارما الفرن العربي,RESTAURANTS,مطاعم,ARABIC RESTAURANTS,مطاعم عربية,308.0,CAPITAL,العاصمة,50.58553629,26.22579425,"26.22579425, 50.58553629"
107.0,AWAL RESTAURANT,مطعم أوال,RESTAURANTS,مطاعم,OTHER RESTAURANTS,مطاعم أخرى,308.0,CAPITAL,العاصمة,50.58421698,26.22716165,"26.22716165, 50.58421698"
108.0,BIBOO RESTAURANT,مطعم بيبو,RESTAURANTS,مطاعم,OTHER RESTAURANTS,مطاعم أخرى,308.0,CAPITAL,العاصمة,50.58280261,26.227252,"26.227252, 50.58280261"
109.0,BROSTED LAND RESTAURANT,مطعم أرض البروستد,RESTAURANTS,مطاعم,OTHER RESTAURANTS,مطاعم أخرى,308.0,CAPITAL,العاصمة,50.58845167,26.22830875,"26.22830875, 50.58845167"
110.0,CANDLE LIGHT RESTAURANT,مطعم ضوء الشمعة,RESTAURANTS,مطاعم,OTHER RESTAURANTS,مطاعم أخرى,308.0,CAPITAL,العاصمة,50.58283885,26.22713774,"26.22713774, 50.58283885"
111.0,CITY FIESTA CAFE,سيتي فيستا كافي,RESTAURANTS,مطاعم,COFFEE SHOPS,مقاهي,308.0,CAPITAL,العاصمة,50.5855593,26.2256463,"26.2256463, 50.5855593"
112.0,CLAIRES RESTAURANT,مطعم كليرز,RESTAURANTS,مطاعم,OTHER RESTAURANTS,مطاعم أخرى,308.0,CAPITAL,العاصمة,50.5878247,26.22611375,"26.22611375, 50.5878247"
113.0,DANYA RESTAURANT,مطعم دانية,RESTAURANTS,مطاعم,OTHER RESTAURANTS,مطاعم أخرى,308.0,CAPITAL,العاصمة,50.58793711,26.22613189,"26.22613189, 50.58793711"
114.0,HOT POT RESTAURANT,مطعم هوت بوت,RESTAURANTS,مطاعم,OTHER RESTAURANTS,مطاعم أخرى,308.0,CAPITAL,العاصمة,50.58355968,26.22524853,"26.22524853, 50.58355968"
115.0,HOT POT RESTAURANT,مطعم هوت بوت,RESTAURANTS,مطاعم,OTHER RESTAURANTS,مطاعم أخرى,308.0,CAPITAL,العاصمة,50.5836397,26.22536705,"26.22536705, 50.5836397"
116.0,HOTERS RESTAURANT,مطعم هوترز,RESTAURANTS,مطاعم,OTHER RESTAURANTS,مطاعم أخرى,308.0,CAPITAL,العاصمة,50.58808143,26.22585632,"26.22585632, 50.58808143"
117.0,MANDARINE CHINESE,مندرين الصيني,RESTAURANTS,مطاعم,CHINESE RESTAURANTS,مطاعم صينية,308.0,CAPITAL,العاصمة,50.58518256,26.2227317,"26.2227317, 50.58518256"
118.0,MAXIM RESTAURANT,مطعم مكسيم,RESTAURANTS,مطاعم,INDIAN RESTAURANTS,مطاعم هندية,308.0,CAPITAL,العاصمة,50.58283651,26.22733835,"26.22733835, 50.58283651"
119.0,MEENAKSHI RESTAURANT COMPANY,شركة مطعم ميناكشي,RESTAURANTS,مطاعم,INTERNATIONAL RESTAURANTS,مطاعم عالمية,308.0,CAPITAL,العاصمة,50.58646573,26.22620957,"26.22620957, 50.58646573"
120.0,NINE BALL CAFE,كافيه الكرات التسع,RESTAURANTS,مطاعم,COFFEE SHOPS,مقاهي,308.0,CAPITAL,العاصمة,50.58808632,26.22511502,"26.22511502, 50.58808632"
121.0,PAPILLON RESTAURANT,مطعم بابيلون,RESTAURANTS,مطاعم,INTERNATIONAL RESTAURANTS,مطاعم عالمية,308.0,CAPITAL,العاصمة,50.58384665,26.22758991,"26.22758991, 50.58384665"
122.0,RAMADAN KAREEM RESTAURANT,مطعم رمضان كريم,RESTAURANTS,مطاعم,OTHER RESTAURANTS,مطاعم أخرى,308.0,CAPITAL,العاصمة,50.58659533,26.22577938,"26.22577938, 50.58659533"
123.0,SOUTH PARK RESTAURANT,مطعم ساوث بارك,RESTAURANTS,مطاعم,OTHER RESTAURANTS,مطاعم أخرى,308.0,CAPITAL,العاصمة,50.58617123,26.22736494,"26.22736494, 50.58617123"
124.0,SUARIYAH RESTAURANT,مطعم سوريا,RESTAURANTS,مطاعم,OTHER RESTAURANTS,مطاعم أخرى,308.0,CAPITAL,العاصمة,50.58282079,26.22719468,"26.22719468, 50.58282079"
125.0,YAS CORNER RESTAURANT,مطعم زاوية ياس,RESTAURANTS,مطاعم,OTHER RESTAURANTS,مطاعم أخرى,308.0,CAPITAL,العاصمة,50.58791136,26.22591965,"26.22591965, 50.58791136"
126.0,AL YAQOOT RESTAURANT,مطعم الياقوت,RESTAURANTS,مطاعم,OTHER RESTAURANTS,مطاعم أخرى,309.0,CAPITAL,العاصمة,50.58133762,26.22700329,"26.22700329, 50.58133762"
127.0,GULF RUSSIAN RESTAURANT,مطعم الروسي الخليج,RESTAURANTS,مطاعم,INTERNATIONAL RESTAURANTS,مطاعم عالمية,309.0,CAPITAL,العاصمة,50.58458779,26.22206605,"26.22206605, 50.58458779"
128.0,SARAVANAA BHAVAN RESTAURANT,مطعم سرافانا بهافان,RESTAURANTS,مطاعم,INDIAN RESTAURANTS,مطاعم هندية,309.0,CAPITAL,العاصمة,50.58288997,26.22616787,"26.22616787, 50.58288997"
129.0,TABAKH PLUS RESTAURANT,مطعم طباخ بلس,RESTAURANTS,مطاعم,OTHER RESTAURANTS,مطاعم أخرى,309.0,CAPITAL,العاصمة,50.58380998,26.22407103,"26.22407103, 50.58380998"
130.0,AL AN RESTAURANT,مطعم الآن,RESTAURANTS,مطاعم,OTHER RESTAURANTS,مطاعم أخرى,311.0,CAPITAL,العاصمة,50.57162784,26.22130943,"26.22130943, 50.57162784"
131.0,AL DAR RESTAURANT,مطعم الدار,RESTAURANTS,مطاعم,OTHER RESTAURANTS,مطاعم أخرى,311.0,CAPITAL,العاصمة,50.57314241,26.22156574,"26.22156574, 50.57314241"
132.0,AL HAMRA RESTAURANT,مطعم الحمراء,RESTAURANTS,مطاعم,OTHER RESTAURANTS,مطاعم أخرى,311.0,CAPITAL,العاصمة,50.57244463,26.21970509,"26.21970509, 50.57244463"
133.0,AL KHAIR VALE RESTAURANT,مطعم الخير فالي,RESTAURANTS,مطاعم,OTHER RESTAURANTS,مطاعم أخرى,311.0,CAPITAL,العاصمة,50.57148402,26.22104666,"26.22104666, 50.57148402"
134.0,AL SITEEN CAFE,مقهى الستين,RESTAURANTS,مطاعم,COFFEE SHOPS,مقاهي,311.0,CAPITAL,العاصمة,50.56790907,26.21828132,"26.21828132, 50.56790907"
135.0,GREEN CAPSICUM RESTAURANT,مطعم الفلفل الأخضر,RESTAURANTS,مطاعم,OTHER RESTAURANTS,مطاعم أخرى,311.0,CAPITAL,العاصمة,50.57052245,26.2197154,"26.2197154, 50.57052245"
136.0,HAZAWI CAFE & RESTAURANT,مقهى ومطعم حزاوي,RESTAURANTS,مطاعم,COFFEE SHOPS,مقاهي,311.0,CAPITAL,العاصمة,50.56851013,26.21806308,"26.21806308, 50.56851013"
137.0,KALAVARA RESTAURANT,مطعم كالاوارا,RESTAURANTS,مطاعم,OTHER RESTAURANTS,مطاعم أخرى,311.0,CAPITAL,العاصمة,50.56809862,26.21823545,"26.21823545, 50.56809862"
138.0,LATIF RESTAURANT,مطعم لطيف,RESTAURANTS,مطاعم,OTHER RESTAURANTS,مطاعم أخرى,311.0,CAPITAL,العاصمة,50.57149416,26.22092571,"26.22092571, 50.57149416"
139.0,RUBY RESTAURANT,مطعم روبي,RESTAURANTS,مطاعم,OTHER RESTAURANTS,مطاعم أخرى,311.0,CAPITAL,العاصمة,50.57148918,26.22098512,"26.22098512, 50.57148918"
140.0,AL KAFEEL RESTAURANT,مطعم الكفيل,RESTAURANTS,مطاعم,ARABIC RESTAURANTS,مطاعم عربية,312.0,CAPITAL,العاصمة,50.56731965,26.21955958,"26.21955958, 50.56731965"
141.0,DAIRY QUEEN,ديري كوين,RESTAURANTS,مطاعم,FAST FOOD RESTAURANTS,وجبات سريعة,312.0,CAPITAL,العاصمة,50.56714564,26.21845272,"26.21845272, 50.56714564"
142.0,FELFEELA RESTAURANT,مطعم فلفلة,RESTAURANTS,مطاعم,ARABIC RESTAURANTS,مطاعم عربية,312.0,CAPITAL,العاصمة,50.56742369,26.21958567,"26.21958567, 50.56742369"
143.0,AL BAB ALTHAHABI PASTRIES,معجنات الباب الذهبي,RESTAURANTS,مطاعم,ARABIC RESTAURANTS,مطاعم عربية,314.0,CAPITAL,العاصمة,50.56921683,26.22865622,"26.22865622, 50.56921683"
144.0,AL RAFAHA RESTAURANT,مطعم الرفاهة,RESTAURANTS,مطاعم,OTHER RESTAURANTS,مطاعم أخرى,314.0,CAPITAL,العاصمة,50.56614378,26.22892004,"26.22892004, 50.56614378"
145.0,AL SOWAIFYA RESTAURANT,مطعم السويفية,RESTAURANTS,مطاعم,OTHER RESTAURANTS,مطاعم أخرى,314.0,CAPITAL,العاصمة,50.56581083,26.22829814,"26.22829814, 50.56581083"
146.0,AL TABREKAAT RESTAURANT,مطعم التبريكات,RESTAURANTS,مطاعم,OTHER RESTAURANTS,مطاعم أخرى,314.0,CAPITAL,العاصمة,50.56576855,26.22867223,"26.22867223, 50.56576855"
147.0,BORGMAN COFFEE SHOP,مقهى برجمان,RESTAURANTS,مطاعم,COFFEE SHOPS,مقاهي,314.0,CAPITAL,العاصمة,50.56627818,26.23064321,"26.23064321, 50.56627818"
148.0,COSTA COFFEE,كوستا كوفي,RESTAURANTS,مطاعم,COFFEE SHOPS,مقاهي,314.0,CAPITAL,العاصمة,50.56421862,26.22904191,"26.22904191, 50.56421862"
149.0,GUNGLE FOOD COURT,غابة المطاعم,RESTAURANTS,مطاعم,OTHER RESTAURANTS,مطاعم أخرى,314.0,CAPITAL,العاصمة,50.56437512,26.2288128,"26.2288128, 50.56437512"
150.0,JASMIS RESTAURANT,مطعم جسميز,RESTAURANTS,مطاعم,FAST FOOD RESTAURANTS,وجبات سريعة,314.0,CAPITAL,العاصمة,50.56442027,26.22895212,"26.22895212, 50.56442027"
151.0,MAES KITCHEN,مطبخ مايس,RESTAURANTS,مطاعم,SEAFOOD RESTAURANTS,مأكولات بحرية,314.0,CAPITAL,العاصمة,50.5646761,26.23019001,"26.23019001, 50.5646761"
152.0,OCEAN CAFE,كافيه المحيط,RESTAURANTS,مطاعم,COFFEE SHOPS,مقاهي,314.0,CAPITAL,العاصمة,50.56442601,26.2287226,"26.2287226, 50.56442601"
153.0,PIZZA LAND,بيتزا لاند,RESTAURANTS,مطاعم,PIZZA,بيتزا,314.0,CAPITAL,العاصمة,50.5670164,26.2297854,"26.2297854, 50.5670164"
154.0,QAEEDI GRILLS,مشويات قائدي,RESTAURANTS,مطاعم,OTHER RESTAURANTS,مطاعم أخرى,314.0,CAPITAL,العاصمة,50.56926928,26.22859835,"26.22859835, 50.56926928"
155.0,TARWE'A RESTAURANT AND CAFE,مطعم ومقهى الترويئه,RESTAURANTS,مطاعم,OTHER RESTAURANTS,مطاعم أخرى,314.0,CAPITAL,العاصمة,50.56553224,26.23167155,"26.23167155, 50.56553224"
156.0,AL BERDAOUNI RESTAURANT,مطعم البردوني,RESTAURANTS,مطاعم,LEBANESE RESTAURANTS,مطاعم لبنانية,315.0,CAPITAL,العاصمة,50.57436246,26.23448294,"26.23448294, 50.57436246"
157.0,AL LAMBE RESTAURANT,مطعم اللمبي,RESTAURANTS,مطاعم,OTHER RESTAURANTS,مطاعم أخرى,315.0,CAPITAL,العاصمة,50.57358718,26.23345447,"26.23345447, 50.57358718"
158.0,AL NOOR LOUNGE,قاعة النور,RESTAURANTS,مطاعم,COFFEE SHOPS,مقاهي,315.0,CAPITAL,العاصمة,50.57383862,26.23431523,"26.23431523, 50.57383862"
159.0,AL QAHAWAH,القهوة,RESTAURANTS,مطاعم,INTERNATIONAL RESTAURANTS,مطاعم عالمية,315.0,CAPITAL,العاصمة,50.57224191,26.23285716,"26.23285716, 50.57224191"
160.0,CHINA GARDEN,حديقة الصين,RESTAURANTS,مطاعم,SEAFOOD RESTAURANTS,مأكولات بحرية,315.0,CAPITAL,العاصمة,50.57167155,26.23322593,"26.23322593, 50.57167155"
161.0,GULF TAIPEI CHINESE RESTAURANT,مطعم تابيه الخليج الصيني,RESTAURANTS,مطاعم,CHINESE RESTAURANTS,مطاعم صينية,315.0,CAPITAL,العاصمة,50.56815856,26.23089837,"26.23089837, 50.56815856"
162.0,LE BISTRO RESTAURANT,مطعم لا بسترو,RESTAURANTS,مطاعم,INTERNATIONAL RESTAURANTS,مطاعم عالمية,315.0,CAPITAL,العاصمة,50.57407976,26.2343997,"26.2343997, 50.57407976"
163.0,LE VERSAILLES,لافرسايلس,RESTAURANTS,مطاعم,FRENCH RESTAURANTS,مطاعم فرنسية,315.0,CAPITAL,العاصمة,50.5737662,26.23436781,"26.23436781, 50.5737662"
164.0,NOON RESTAURANT,مطعم نون,RESTAURANTS,مطاعم,OTHER RESTAURANTS,مطاعم أخرى,315.0,CAPITAL,العاصمة,50.57356857,26.23339499,"26.23339499, 50.57356857"
165.0,SYDNEY TOURIST SERVICES,سيدني للخدمات السياحية,RESTAURANTS,مطاعم,OTHER RESTAURANTS,مطاعم أخرى,315.0,CAPITAL,العاصمة,50.56847658,26.23087568,"26.23087568, 50.56847658"
166.0,WENDYS CAFE,ويندز كافي,RESTAURANTS,مطاعم,COFFEE SHOPS,مقاهي,315.0,CAPITAL,العاصمة,50.57165069,26.23332046,"26.23332046, 50.57165069"
167.0,ABD EL WAHAB RESTAURANT,مطعم عبدالوهاب,RESTAURANTS,مطاعم,LEBANESE RESTAURANTS,مطاعم لبنانية,316.0,CAPITAL,العاصمة,50.58158285,26.23873633,"26.23873633, 50.58158285"
168.0,AL MANGAL RESTAURANT,مطعم المنقل,RESTAURANTS,مطاعم,ARABIC RESTAURANTS,مطاعم عربية,316.0,CAPITAL,العاصمة,50.58180516,26.23879432,"26.23879432, 50.58180516"
169.0,ALSAFIR RESTAURANT,مطعم السفير,RESTAURANTS,مطاعم,INTERNATIONAL RESTAURANTS,مطاعم عالمية,316.0,CAPITAL,العاصمة,50.58163438,26.23877232,"26.23877232, 50.58163438"
170.0,BICE RESTAURANT,مطعم بي آى سي إي,RESTAURANTS,مطاعم,ITALIAN RESTAURANTS,مطاعم إيطالية,316.0,CAPITAL,العاصمة,50.58169784,26.23880475,"26.23880475, 50.58169784"
171.0,CARIBOU COFFEE,مقهى كاريبو,RESTAURANTS,مطاعم,COFFEE SHOPS,مقاهي,316.0,CAPITAL,العاصمة,50.58176526,26.23884078,"26.23884078, 50.58176526"
172.0,CHTAURA FOOD GOURMET RESTAURANT,مطعم شتورة,RESTAURANTS,مطاعم,LEBANESE RESTAURANTS,مطاعم لبنانية,316.0,CAPITAL,العاصمة,50.58183267,26.2388804,"26.2388804, 50.58183267"
173.0,COSTA COFFEE,كوستا كوفي,RESTAURANTS,مطاعم,COFFEE SHOPS,مقاهي,316.0,CAPITAL,العاصمة,50.58162674,26.23868629,"26.23868629, 50.58162674"
174.0,COSTA COFFEE,كوستا كوفي,RESTAURANTS,مطاعم,COFFEE SHOPS,مقاهي,316.0,CAPITAL,العاصمة,50.58285208,26.23834851,"26.23834851, 50.58285208"
175.0,DAIRY QUEEN,ديري كوين,RESTAURANTS,مطاعم,FAST FOOD RESTAURANTS,وجبات سريعة,316.0,CAPITAL,العاصمة,50.57635531,26.2356092,"26.2356092, 50.57635531"
176.0,FOODY'S,فوديز,RESTAURANTS,مطاعم,FAST FOOD RESTAURANTS,وجبات سريعة,316.0,CAPITAL,العاصمة,50.58296418,26.2377938,"26.2377938, 50.58296418"
177.0,GOLESTAN,جولستان,RESTAURANTS,مطاعم,IRANIAN RESTAURANTS,مطاعم إيرانية,316.0,CAPITAL,العاصمة,50.58402717,26.23882203,"26.23882203, 50.58402717"
178.0,GOLESTAN RESTAURANT,مطعم كلستان,RESTAURANTS,مطاعم,IRANIAN RESTAURANTS,مطاعم إيرانية,316.0,CAPITAL,العاصمة,50.58169018,26.2387259,"26.2387259, 50.58169018"
179.0,HARDEES,هارديز,RESTAURANTS,مطاعم,FAST FOOD RESTAURANTS,وجبات سريعة,316.0,CAPITAL,العاصمة,50.57655835,26.23526331,"26.23526331, 50.57655835"
180.0,LINA'S CAFE,ليناز كافيه,RESTAURANTS,مطاعم,COFFEE SHOPS,مقاهي,316.0,CAPITAL,العاصمة,50.58174168,26.23876905,"26.23876905, 50.58174168"
181.0,MAKI RESTAURANTS,مطعم ماكي,RESTAURANTS,مطاعم,JAPANESE RESTAURANTS,مطاعم يابانية,316.0,CAPITAL,العاصمة,50.58153914,26.23903063,"26.23903063, 50.58153914"
182.0,MARBLE SLAB CREAMERY,ماربل سلاب كريميري,RESTAURANTS,مطاعم,ICE CREAM,أيس كريم,316.0,CAPITAL,العاصمة,50.58187256,26.23883751,"26.23883751, 50.58187256"
183.0,MRS VANELLI'S RESTAURANT,مطعم ميسيز فانيلياز,RESTAURANTS,مطاعم,ITALIAN RESTAURANTS,مطاعم إيطالية,316.0,CAPITAL,العاصمة,50.58166268,26.23863623,"26.23863623, 50.58166268"
184.0,NEW YORK COFFEE,نيويورك كوفي,RESTAURANTS,مطاعم,COFFEE SHOPS,مقاهي,316.0,CAPITAL,العاصمة,50.57723792,26.23513424,"26.23513424, 50.57723792"
185.0,PAPA JOHNS,بابا جونز,RESTAURANTS,مطاعم,PIZZA,بيتزا,316.0,CAPITAL,العاصمة,50.57627001,26.23571253,"26.23571253, 50.57627001"
186.0,SOIE RESTAURANT,مطعم سووي,RESTAURANTS,مطاعم,CHINESE RESTAURANTS,مطاعم صينية,316.0,CAPITAL,العاصمة,50.5817341,26.2386651,"26.2386651, 50.5817341"
187.0,STARBUCKS,ستاربكس,RESTAURANTS,مطاعم,COFFEE SHOPS,مقاهي,316.0,CAPITAL,العاصمة,50.57769061,26.23614074,"26.23614074, 50.57769061"
188.0,AL FANAR RESTAURANT,مطعم الفنر,RESTAURANTS,مطاعم,INTERNATIONAL RESTAURANTS,مطاعم عالمية,317.0,CAPITAL,العاصمة,50.59269817,26.24145435,"26.24145435, 50.59269817"
189.0,AL GHALIYA RESTAURANTS MANAGEMENTS,إدارة مطعم الغالية,RESTAURANTS,مطاعم,OTHER RESTAURANTS,مطاعم أخرى,317.0,CAPITAL,العاصمة,50.58878874,26.23928367,"26.23928367, 50.58878874"
190.0,AL WASMIYA RESTAURANT,مطعم الوسمية,RESTAURANTS,مطاعم,INTERNATIONAL RESTAURANTS,مطاعم عالمية,317.0,CAPITAL,العاصمة,50.58516644,26.23953539,"26.23953539, 50.58516644"
191.0,AL ZAHRANI CAFETERIA,كافتيريا الزهراني,RESTAURANTS,مطاعم,OTHER RESTAURANTS,مطاعم أخرى,317.0,CAPITAL,العاصمة,50.59064272,26.24038161,"26.24038161, 50.59064272"
192.0,BEIRUT RESTAURANT,مطعم بيروت,RESTAURANTS,مطاعم,OTHER RESTAURANTS,مطاعم أخرى,317.0,CAPITAL,العاصمة,50.59008327,26.23925975,"26.23925975, 50.59008327"
193.0,CAPPUCCINO,كابتشينو,RESTAURANTS,مطاعم,COFFEE SHOPS,مقاهي,317.0,CAPITAL,العاصمة,50.59064816,26.24307729,"26.24307729, 50.59064816"
194.0,CARIBOU COFFEE,مقهى كاريبو,RESTAURANTS,مطاعم,COFFEE SHOPS,مقاهي,317.0,CAPITAL,العاصمة,50.58853112,26.24115862,"26.24115862, 50.58853112"
195.0,CINE CAFE,سيني كافيه,RESTAURANTS,مطاعم,COFFEE SHOPS,مقاهي,317.0,CAPITAL,العاصمة,50.58887781,26.24137489,"26.24137489, 50.58887781"
196.0,COSTA COFFEE,كوستا كوفي,RESTAURANTS,مطاعم,COFFEE SHOPS,مقاهي,317.0,CAPITAL,العاصمة,50.5875691,26.24035271,"26.24035271, 50.5875691"
197.0,CURRY COUNTRY RESTAURANT,مطعم كاري كونتري,RESTAURANTS,مطاعم,INDIAN RESTAURANTS,مطاعم هندية,317.0,CAPITAL,العاصمة,50.58791546,26.24236731,"26.24236731, 50.58791546"
198.0,FUDDRUCKERS RESTAURANT,مطعم فودركرز,RESTAURANTS,مطاعم,AMERICAN RESTAURANTS,مطاعم أمريكية,317.0,CAPITAL,العاصمة,50.58879372,26.24133051,"26.24133051, 50.58879372"
199.0,FUJI SUSHI BAR,فوجي سوشي بار,RESTAURANTS,مطاعم,JAPANESE RESTAURANTS,مطاعم يابانية,317.0,CAPITAL,العاصمة,50.58885517,26.23928562,"26.23928562, 50.58885517"
200.0,KEI RESTAURANT,مطعم كاي,RESTAURANTS,مطاعم,JAPANESE RESTAURANTS,مطاعم يابانية,317.0,CAPITAL,العاصمة,50.58504652,26.23968343,"26.23968343, 50.58504652"
201.0,KONTIKI,كونتيكي,RESTAURANTS,مطاعم,OTHER RESTAURANTS,مطاعم أخرى,317.0,CAPITAL,العاصمة,50.59171206,26.24167107,"26.24167107, 50.59171206"
202.0,LA MOSAIQUE,لا موسيق,RESTAURANTS,مطاعم,INTERNATIONAL RESTAURANTS,مطاعم عالمية,317.0,CAPITAL,العاصمة,50.59050628,26.24338157,"26.24338157, 50.59050628"
203.0,LE CHOCOLAT CAFE & RESTAURANT,مقهى ومطعم لو شوكولا,RESTAURANTS,مطاعم,COFFEE SHOPS,مقاهي,317.0,CAPITAL,العاصمة,50.58866832,26.24126051,"26.24126051, 50.58866832"
204.0,MONDO,موندو,RESTAURANTS,مطاعم,ITALIAN RESTAURANTS,مطاعم إيطالية,317.0,CAPITAL,العاصمة,50.59180287,26.24115569,"26.24115569, 50.59180287"
205.0,OLIVIOS BRASSERIE,اوليفيوس بريسيري,RESTAURANTS,مطاعم,INTERNATIONAL RESTAURANTS,مطاعم عالمية,317.0,CAPITAL,العاصمة,50.59161819,26.24144958,"26.24144958, 50.59161819"
206.0,SEAFOOD MARKET RESTAURANT,مطعم سوق المأكولات البحرية,RESTAURANTS,مطاعم,SEAFOOD RESTAURANTS,مأكولات بحرية,317.0,CAPITAL,العاصمة,50.58858713,26.23927422,"26.23927422, 50.58858713"
207.0,STARBUCKS,ستاربكس,RESTAURANTS,مطاعم,COFFEE SHOPS,مقاهي,317.0,CAPITAL,العاصمة,50.58838072,26.24098178,"26.24098178, 50.58838072"
208.0,SUNSET RESTAURANT,مطعم الغروب,RESTAURANTS,مطاعم,INTERNATIONAL RESTAURANTS,مطاعم عالمية,317.0,CAPITAL,العاصمة,50.58967127,26.24213549,"26.24213549, 50.58967127"
209.0,WAVES,أمواج,RESTAURANTS,مطاعم,SEAFOOD RESTAURANTS,مأكولات بحرية,317.0,CAPITAL,العاصمة,50.59069277,26.2429835,"26.2429835, 50.59069277"
210.0,ABU JAMEEL RESTAURANT,مطعم أبو جميل,RESTAURANTS,مطاعم,OTHER RESTAURANTS,مطاعم أخرى,318.0,CAPITAL,العاصمة,50.59034512,26.23527153,"26.23527153, 50.59034512"
211.0,AL GHURABA RESTAURANT,مطعم الغرباء,RESTAURANTS,مطاعم,OTHER RESTAURANTS,مطاعم أخرى,318.0,CAPITAL,العاصمة,50.59135621,26.2301103,"26.2301103, 50.59135621"
212.0,AL HIJAZ BEAN RESTAURANT,مطعم فول الحجاز,RESTAURANTS,مطاعم,OTHER RESTAURANTS,مطاعم أخرى,318.0,CAPITAL,العاصمة,50.59364144,26.23453663,"26.23453663, 50.59364144"
213.0,AL JAMAHEER COFFEE SHOP,كوفي شوب الجماهير,RESTAURANTS,مطاعم,COFFEE SHOPS,مقاهي,318.0,CAPITAL,العاصمة,50.58998405,26.22895706,"26.22895706, 50.58998405"
214.0,AL KWAR RESTAURANT,مطعم الكوار,RESTAURANTS,مطاعم,IRANIAN RESTAURANTS,مطاعم إيرانية,318.0,CAPITAL,العاصمة,50.59009924,26.23549429,"26.23549429, 50.59009924"
215.0,AL MEMARI CAFETERIA,كافتيريا المعماري,RESTAURANTS,مطاعم,OTHER RESTAURANTS,مطاعم أخرى,318.0,CAPITAL,العاصمة,50.59418068,26.23357521,"26.23357521, 50.59418068"
216.0,AL OMANA RESTAURANT,مطعم الأمانة,RESTAURANTS,مطاعم,OTHER RESTAURANTS,مطاعم أخرى,318.0,CAPITAL,العاصمة,50.5952878,26.23065052,"26.23065052, 50.5952878"
217.0,AL OSRA RESTAURANT,مطعم الأسرة,RESTAURANTS,مطاعم,INTERNATIONAL RESTAURANTS,مطاعم عالمية,318.0,CAPITAL,العاصمة,50.59418926,26.23327452,"26.23327452, 50.59418926"
218.0,AL QANADEEL AL HAMRA RESTAURANT,مطعم القناديل الحمراء,RESTAURANTS,مطاعم,OTHER RESTAURANTS,مطاعم أخرى,318.0,CAPITAL,العاصمة,50.59061925,26.22939551,"26.22939551, 50.59061925"
219.0,AL TAJEEN AL MAGHRIBI RESTAURANT,مطعم الطاجين المغربي,RESTAURANTS,مطاعم,OTHER RESTAURANTS,مطاعم أخرى,318.0,CAPITAL,العاصمة,50.59504767,26.23184999,"26.23184999, 50.59504767"
220.0,ARABELLA CORNAR,أرابيلا كورنر,RESTAURANTS,مطاعم,OTHER RESTAURANTS,مطاعم أخرى,318.0,CAPITAL,العاصمة,50.59232556,26.23581848,"26.23581848, 50.59232556"
221.0,BADAWI RESTAURANT,مطعم بدوي,RESTAURANTS,مطاعم,ARABIC RESTAURANTS,مطاعم عربية,318.0,CAPITAL,العاصمة,50.59301181,26.23429662,"26.23429662, 50.59301181"
222.0,BASKIN ROBBINS,باسكن روبنز,RESTAURANTS,مطاعم,ICE CREAM,أيس كريم,318.0,CAPITAL,العاصمة,50.59542025,26.23166545,"26.23166545, 50.59542025"
223.0,CENTURY INTERNATIONAL RESTAURANT,مطعم سنشري إنترناشيونال,RESTAURANTS,مطاعم,INDIAN RESTAURANTS,مطاعم هندية,318.0,CAPITAL,العاصمة,50.58978772,26.23517841,"26.23517841, 50.58978772"
224.0,COWPOY RESTAURANT,مطعم كوبوي,RESTAURANTS,مطاعم,OTHER RESTAURANTS,مطاعم أخرى,318.0,CAPITAL,العاصمة,50.59174843,26.23387151,"26.23387151, 50.59174843"
225.0,DAG AYOOSH RESTAURANT,مطعم دق عيوش,RESTAURANTS,مطاعم,ARABIC RESTAURANTS,مطاعم عربية,318.0,CAPITAL,العاصمة,50.59566962,26.23001684,"26.23001684, 50.59566962"
226.0,EMPALA RESTAURANT,مطعم إمبالا,RESTAURANTS,مطاعم,OTHER RESTAURANTS,مطاعم أخرى,318.0,CAPITAL,العاصمة,50.591114,26.23079401,"26.23079401, 50.591114"
227.0,FAST FOOD RESTAURANT,مطعم الوجبة السريعة,RESTAURANTS,مطاعم,OTHER RESTAURANTS,مطاعم أخرى,318.0,CAPITAL,العاصمة,50.59125616,26.23583567,"26.23583567, 50.59125616"
228.0,FISH AND RICE RESTAURANT,مطعم سمك و رز,RESTAURANTS,مطاعم,FAST FOOD RESTAURANTS,وجبات سريعة,318.0,CAPITAL,العاصمة,50.59500634,26.23208051,"26.23208051, 50.59500634"
229.0,HAPPY YEMEN RESTAURANT,مطعم اليمن السعيد,RESTAURANTS,مطاعم,OTHER RESTAURANTS,مطاعم أخرى,318.0,CAPITAL,العاصمة,50.59387357,26.23424992,"26.23424992, 50.59387357"
230.0,HARD ROCK CAFE,هارد روك كافية,RESTAURANTS,مطاعم,AMERICAN RESTAURANTS,مطاعم أمريكية,318.0,CAPITAL,العاصمة,50.59554292,26.23067876,"26.23067876, 50.59554292"
231.0,HARDEES,هارديز,RESTAURANTS,مطاعم,FAST FOOD RESTAURANTS,وجبات سريعة,318.0,CAPITAL,العاصمة,50.59553095,26.23100143,"26.23100143, 50.59553095"
232.0,HOT AND COLD CAFETERIA,كافتيريا الحار والبارد,RESTAURANTS,مطاعم,OTHER RESTAURANTS,مطاعم أخرى,318.0,CAPITAL,العاصمة,50.59291392,26.23498933,"26.23498933, 50.59291392"
233.0,JASMIS RESTAURANT,مطعم جسميز,RESTAURANTS,مطاعم,FAST FOOD RESTAURANTS,وجبات سريعة,318.0,CAPITAL,العاصمة,50.59065181,26.23604978,"26.23604978, 50.59065181"
234.0,JOLLIBEE RESTAURANT,مطعم جوليبي,RESTAURANTS,مطاعم,FAST FOOD RESTAURANTS,وجبات سريعة,318.0,CAPITAL,العاصمة,50.59483316,26.23294218,"26.23294218, 50.59483316"
235.0,KENTUCKY FRIED CHICKEN - KFC,كنتاكي,RESTAURANTS,مطاعم,FAST FOOD RESTAURANTS,وجبات سريعة,318.0,CAPITAL,العاصمة,50.59553912,26.23091228,"26.23091228, 50.59553912"
236.0,KOLON RESTAURANT,مطعم كولون,RESTAURANTS,مطاعم,OTHER RESTAURANTS,مطاعم أخرى,318.0,CAPITAL,العاصمة,50.59388453,26.2325527,"26.2325527, 50.59388453"
237.0,LINA RESTAURANT,مطعم لينا,RESTAURANTS,مطاعم,OTHER RESTAURANTS,مطاعم أخرى,318.0,CAPITAL,العاصمة,50.59371831,26.2328394,"26.2328394, 50.59371831"
238.0,NAJMAT RAMSIS,نجمة رمسيس,RESTAURANTS,مطاعم,OTHER RESTAURANTS,مطاعم أخرى,318.0,CAPITAL,العاصمة,50.59123467,26.2290232,"26.2290232, 50.59123467"
239.0,NOORA RESTAURANT,مطعم نورة,RESTAURANTS,مطاعم,OTHER RESTAURANTS,مطاعم أخرى,318.0,CAPITAL,العاصمة,50.5907797,26.23150795,"26.23150795, 50.5907797"
240.0,PANORAMA RESTAURANT,مطعم بانوراما,RESTAURANTS,مطاعم,OTHER RESTAURANTS,مطاعم أخرى,318.0,CAPITAL,العاصمة,50.59524673,26.23016388,"26.23016388, 50.59524673"
241.0,PAPRIKAS RESTAURANT,مطعم بابريكاز,RESTAURANTS,مطاعم,INTERNATIONAL RESTAURANTS,مطاعم عالمية,318.0,CAPITAL,العاصمة,50.59062769,26.23096443,"26.23096443, 50.59062769"
242.0,PARATA HOUSE CAFETERIA,كافتيريا براتاهاوس,RESTAURANTS,مطاعم,OTHER RESTAURANTS,مطاعم أخرى,318.0,CAPITAL,العاصمة,50.58947963,26.23247465,"26.23247465, 50.58947963"
243.0,PARIS RESTAURANT AND GRILLS,مطعم ومشويات باريس,RESTAURANTS,مطاعم,OTHER RESTAURANTS,مطاعم أخرى,318.0,CAPITAL,العاصمة,50.59067451,26.22996149,"26.22996149, 50.59067451"
244.0,PONG THAI RESTAURANT,مطعم بونج التايلاندي,RESTAURANTS,مطاعم,OTHER RESTAURANTS,مطاعم أخرى,318.0,CAPITAL,العاصمة,50.59155992,26.23543492,"26.23543492, 50.59155992"
245.0,ROYAL OVEN PASTRIES,معجنات الفرن الملكي,RESTAURANTS,مطاعم,ARABIC RESTAURANTS,مطاعم عربية,318.0,CAPITAL,العاصمة,50.59146215,26.22915343,"26.22915343, 50.59146215"
246.0,SABAYDEE THAI RESTAURANT,مطعم سبايدي التايلاندي,RESTAURANTS,مطاعم,THAI RESTAURANTS,مطاعم تايلندية,318.0,CAPITAL,العاصمة,50.59494144,26.23259727,"26.23259727, 50.59494144"
247.0,SABHANA RESTAURANT,مطعم صبحانة,RESTAURANTS,مطاعم,OTHER RESTAURANTS,مطاعم أخرى,318.0,CAPITAL,العاصمة,50.59076505,26.23042726,"26.23042726, 50.59076505"
248.0,SEA ROCK RESTAURANT,مطعم بحر الاحجار,RESTAURANTS,مطاعم,ITALIAN RESTAURANTS,مطاعم إيطالية,318.0,CAPITAL,العاصمة,50.59512619,26.23229764,"26.23229764, 50.59512619"
249.0,SHAKILAH RESTAURANT,مطعم شكيلة,RESTAURANTS,مطاعم,OTHER RESTAURANTS,مطاعم أخرى,318.0,CAPITAL,العاصمة,50.59524192,26.23002587,"26.23002587, 50.59524192"
250.0,SHEZAN RESTAURANT,مطعم شيزان,RESTAURANTS,مطاعم,INTERNATIONAL RESTAURANTS,مطاعم عالمية,318.0,CAPITAL,العاصمة,50.59071814,26.23103013,"26.23103013, 50.59071814"
251.0,SUPREEM RESTAURANT,مطعم سوبريم,RESTAURANTS,مطاعم,OTHER RESTAURANTS,مطاعم أخرى,318.0,CAPITAL,العاصمة,50.59239876,26.23195594,"26.23195594, 50.59239876"
252.0,SUPREEM RESTAURANT,مطعم سيبريم,RESTAURANTS,مطاعم,OTHER RESTAURANTS,مطاعم أخرى,318.0,CAPITAL,العاصمة,50.59239994,26.23206119,"26.23206119, 50.59239994"
253.0,TURKISH MAZAYA OVEN,فرن المزايا التركية,RESTAURANTS,مطاعم,OTHER RESTAURANTS,مطاعم أخرى,318.0,CAPITAL,العاصمة,50.59540426,26.23176207,"26.23176207, 50.59540426"
254.0,VITAMIN RESTAURANT,مطعم فيتامين,RESTAURANTS,مطاعم,OTHER RESTAURANTS,مطاعم أخرى,318.0,CAPITAL,العاصمة,50.59249578,26.23595678,"26.23595678, 50.59249578"
255.0,ZAD AL SULTAN RESTAURANT,مطعم زاد السلطان,RESTAURANTS,مطاعم,OTHER RESTAURANTS,مطاعم أخرى,318.0,CAPITAL,العاصمة,50.59368837,26.22919459,"26.22919459, 50.59368837"
256.0,AL ABRAAJ RESTAURANT,مطعم الأبراج,RESTAURANTS,مطاعم,INTERNATIONAL RESTAURANTS,مطاعم عالمية,319.0,CAPITAL,العاصمة,50.59527558,26.23363885,"26.23363885, 50.59527558"
257.0,BAIT AL DONUT‎‏,بيت الدونت,RESTAURANTS,مطاعم,COFFEE SHOPS,مقاهي,319.0,CAPITAL,العاصمة,50.59327989,26.23550815,"26.23550815, 50.59327989"
258.0,BANANA ISLAND CAFETERIA,كافتيريا بنانا ايلاند,RESTAURANTS,مطاعم,OTHER RESTAURANTS,مطاعم أخرى,319.0,CAPITAL,العاصمة,50.59293797,26.23594775,"26.23594775, 50.59293797"
259.0,DRI DRI GELATO ICE CREAM,آيس كريم دري دري,RESTAURANTS,مطاعم,ICE CREAM,أيس كريم,319.0,CAPITAL,العاصمة,50.59324847,26.23614545,"26.23614545, 50.59324847"
260.0,ESKANDROON GRILLS,مشويات إسكندرون,RESTAURANTS,مطاعم,TURKISH RESTAURANTS,مطاعم تركية,319.0,CAPITAL,العاصمة,50.59716257,26.23376795,"26.23376795, 50.59716257"
261.0,HERFY,هرفي,RESTAURANTS,مطاعم,FAST FOOD RESTAURANTS,وجبات سريعة,319.0,CAPITAL,العاصمة,50.59554432,26.23398739,"26.23398739, 50.59554432"
262.0,ISFAHANI RESTAURANT,مطعم أصفهاني,RESTAURANTS,مطاعم,IRANIAN RESTAURANTS,مطاعم إيرانية,319.0,CAPITAL,العاصمة,50.59222137,26.2368309,"26.2368309, 50.59222137"
263.0,KOFFIATTO COFFEE,مقهى كوفياتو,RESTAURANTS,مطاعم,COFFEE SHOPS,مقاهي,319.0,CAPITAL,العاصمة,50.59386851,26.23471214,"26.23471214, 50.59386851"
264.0,MELH ALZAD IRAQ & ARABIAN FOOD,ملح الزاد للأكلات العراقية والعربية,RESTAURANTS,مطاعم,ARABIC RESTAURANTS,مطاعم عربية,319.0,CAPITAL,العاصمة,50.59508977,26.23540009,"26.23540009, 50.59508977"
265.0,PIZZA HUT,بيتزا هت,RESTAURANTS,مطاعم,PIZZA,بيتزا,319.0,CAPITAL,العاصمة,50.59546343,26.2333363,"26.2333363, 50.59546343"
266.0,SHAWARMA EXPRESS,شاورما إكسبرس,RESTAURANTS,مطاعم,FAST FOOD RESTAURANTS,وجبات سريعة,319.0,CAPITAL,العاصمة,50.59616834,26.23417008,"26.23417008, 50.59616834"
267.0,SUNSET CAFE,صنست كافيه,RESTAURANTS,مطاعم,COFFEE SHOPS,مقاهي,319.0,CAPITAL,العاصمة,50.597139,26.23560112,"26.23560112, 50.597139"
268.0,AL AHALI SANDWICHES,سندويشات الأهالي,RESTAURANTS,مطاعم,ARABIC RESTAURANTS,مطاعم عربية,320.0,CAPITAL,العاصمة,50.59714423,26.23333806,"26.23333806, 50.59714423"
269.0,AL ANGHAM RESTAURANT,مطعم الأنغام,RESTAURANTS,مطاعم,OTHER RESTAURANTS,مطاعم أخرى,320.0,CAPITAL,العاصمة,50.59616082,26.23226995,"26.23226995, 50.59616082"
270.0,AL DAR RESTAURANT,مطعم الدار,RESTAURANTS,مطاعم,ARABIC RESTAURANTS,مطاعم عربية,320.0,CAPITAL,العاصمة,50.59846246,26.23120752,"26.23120752, 50.59846246"
271.0,ALANI & AL RASHIDI FOOD COMPANY,العاني والراشدي للأغذية,RESTAURANTS,مطاعم,INTERNATIONAL RESTAURANTS,مطاعم عالمية,320.0,CAPITAL,العاصمة,50.59555275,26.23216672,"26.23216672, 50.59555275"
272.0,ANCHOR,أنكور,RESTAURANTS,مطاعم,INTERNATIONAL RESTAURANTS,مطاعم عالمية,320.0,CAPITAL,العاصمة,50.59698099,26.23174745,"26.23174745, 50.59698099"
273.0,ARERANG KOREAN RESTAURANT,مطعم اريرنج الكوري,RESTAURANTS,مطاعم,OTHER RESTAURANTS,مطاعم أخرى,320.0,CAPITAL,العاصمة,50.59746949,26.2324298,"26.2324298, 50.59746949"
274.0,ASWAR RESTAURANT,مطعم أسوار,RESTAURANTS,مطاعم,OTHER RESTAURANTS,مطاعم أخرى,320.0,CAPITAL,العاصمة,50.59543827,26.23239794,"26.23239794, 50.59543827"
275.0,ATEEQ CAFE,مقهى العتيق,RESTAURANTS,مطاعم,COFFEE SHOPS,مقاهي,320.0,CAPITAL,العاصمة,50.5970768,26.22406807,"26.22406807, 50.5970768"
276.0,CAESAR SWEETS AND PASTRIES,حلويات ومعجنات قيصر,RESTAURANTS,مطاعم,OTHER RESTAURANTS,مطاعم أخرى,320.0,CAPITAL,العاصمة,50.59583811,26.23045316,"26.23045316, 50.59583811"
277.0,FANTASY RESTAURANT,مطعم فانتاسي,RESTAURANTS,مطاعم,OTHER RESTAURANTS,مطاعم أخرى,320.0,CAPITAL,العاصمة,50.59739354,26.23241042,"26.23241042, 50.59739354"
278.0,GOLDEN PLATES RESTAURANT,مطعم الصحون الذهبية,RESTAURANTS,مطاعم,OTHER RESTAURANTS,مطاعم أخرى,320.0,CAPITAL,العاصمة,50.59675075,26.23286653,"26.23286653, 50.59675075"
279.0,HAVANA RESTAURANT,مطعم هافانا,RESTAURANTS,مطاعم,OTHER RESTAURANTS,مطاعم أخرى,320.0,CAPITAL,العاصمة,50.59752812,26.23053077,"26.23053077, 50.59752812"
280.0,IRAQIS RESTAURANT,مطعم العراقين,RESTAURANTS,مطاعم,ARABIC RESTAURANTS,مطاعم عربية,320.0,CAPITAL,العاصمة,50.59567939,26.23199118,"26.23199118, 50.59567939"
281.0,JASMIS RESTAURANT,مطعم جسميز,RESTAURANTS,مطاعم,FAST FOOD RESTAURANTS,وجبات سريعة,320.0,CAPITAL,العاصمة,50.59606552,26.22853159,"26.22853159, 50.59606552"
282.0,KALPAKA,كلباكا,RESTAURANTS,مطاعم,INDIAN RESTAURANTS,مطاعم هندية,320.0,CAPITAL,العاصمة,50.59656016,26.23015976,"26.23015976, 50.59656016"
283.0,MCDONALD'S,ماكدونالدز,RESTAURANTS,مطاعم,FAST FOOD RESTAURANTS,وجبات سريعة,320.0,CAPITAL,العاصمة,50.59591481,26.23319023,"26.23319023, 50.59591481"
284.0,MISHWAR LEBNAN RESTAURANT,مطعم مشوار لبنان,RESTAURANTS,مطاعم,ARABIC RESTAURANTS,مطاعم عربية,320.0,CAPITAL,العاصمة,50.59651075,26.22860658,"26.22860658, 50.59651075"
285.0,MUHAMMAD NOOR BUKHARI RESTAURANT,مطعم محمد نور بخاري,RESTAURANTS,مطاعم,ARABIC RESTAURANTS,مطاعم عربية,320.0,CAPITAL,العاصمة,50.59632878,26.23331189,"26.23331189, 50.59632878"
286.0,NATTINPURAM RESTAURANT,مطعم ناتينبورام,RESTAURANTS,مطاعم,INDIAN RESTAURANTS,مطاعم هندية,320.0,CAPITAL,العاصمة,50.59669246,26.23226036,"26.23226036, 50.59669246"
287.0,POLLO CAMPERO RESTAURANT,مطعم بولو كامبيرو,RESTAURANTS,مطاعم,FAST FOOD RESTAURANTS,وجبات سريعة,320.0,CAPITAL,العاصمة,50.5957708,26.23079172,"26.23079172, 50.5957708"
288.0,SEA CHEF RESTAURANT,مطعم سي شف,RESTAURANTS,مطاعم,SEAFOOD RESTAURANTS,مأكولات بحرية,320.0,CAPITAL,العاصمة,50.59742349,26.23356272,"26.23356272, 50.59742349"
289.0,SHANGH HUT,شانغ هت,RESTAURANTS,مطاعم,CHINESE RESTAURANTS,مطاعم صينية,320.0,CAPITAL,العاصمة,50.5969904,26.22448616,"26.22448616, 50.5969904"
290.0,SUN AND SAND RESTAURANTS,مطعم الشمس والرمل,RESTAURANTS,مطاعم,INTERNATIONAL RESTAURANTS,مطاعم عالمية,320.0,CAPITAL,العاصمة,50.59605442,26.22810449,"26.22810449, 50.59605442"
291.0,ZAYT ZAYTOON RESTAURANT,مطعم زيت زيتون,RESTAURANTS,مطاعم,LEBANESE RESTAURANTS,مطاعم لبنانية,320.0,CAPITAL,العاصمة,50.59580128,26.23316506,"26.23316506, 50.59580128"
292.0,AGHA RESTAURANT,مطعم أغا,RESTAURANTS,مطاعم,OTHER RESTAURANTS,مطاعم أخرى,321.0,CAPITAL,العاصمة,50.5925657,26.22718393,"26.22718393, 50.5925657"
293.0,AHMADANI RESTAURANT,مطعم أحمداني,RESTAURANTS,مطاعم,OTHER RESTAURANTS,مطاعم أخرى,321.0,CAPITAL,العاصمة,50.59125315,26.22503417,"26.22503417, 50.59125315"
294.0,AL AHALI SANDWICHES,سندويشات الأهالي,RESTAURANTS,مطاعم,ARABIC RESTAURANTS,مطاعم عربية,321.0,CAPITAL,العاصمة,50.58934869,26.22630581,"26.22630581, 50.58934869"
295.0,AL FATEH GRILLS,مشويات الفاتح,RESTAURANTS,مطاعم,OTHER RESTAURANTS,مطاعم أخرى,321.0,CAPITAL,العاصمة,50.58892276,26.22608925,"26.22608925, 50.58892276"
296.0,AL KHALIL BROASTED,بروستد الخليل,RESTAURANTS,مطاعم,OTHER RESTAURANTS,مطاعم أخرى,321.0,CAPITAL,العاصمة,50.59430952,26.22697201,"26.22697201, 50.59430952"
297.0,AL MASRI RESTAURANT,مطعم المصري,RESTAURANTS,مطاعم,OTHER RESTAURANTS,مطاعم أخرى,321.0,CAPITAL,العاصمة,50.5928926,26.22892991,"26.22892991, 50.5928926"
298.0,AL NUZHA RESTAURANT,مطعم النزهة,RESTAURANTS,مطاعم,OTHER RESTAURANTS,مطاعم أخرى,321.0,CAPITAL,العاصمة,50.59229042,26.22867297,"26.22867297, 50.59229042"
299.0,AL WADI RESTAURANT,مطعم الوادي,RESTAURANTS,مطاعم,OTHER RESTAURANTS,مطاعم أخرى,321.0,CAPITAL,العاصمة,50.59612442,26.22555073,"26.22555073, 50.59612442"
300.0,ALL IN ONE RESTAURANT,مطعم أول إن ون,RESTAURANTS,مطاعم,OTHER RESTAURANTS,مطاعم أخرى,321.0,CAPITAL,العاصمة,50.588654,26.22787588,"26.22787588, 50.588654"
301.0,ALRAHA CAFETERIA,كافتيريا الراحة,RESTAURANTS,مطاعم,OTHER RESTAURANTS,مطاعم أخرى,321.0,CAPITAL,العاصمة,50.59148386,26.22655581,"26.22655581, 50.59148386"
302.0,ALRAMADY RESTAURANT,مطعم الرمادي,RESTAURANTS,مطاعم,OTHER RESTAURANTS,مطاعم أخرى,321.0,CAPITAL,العاصمة,50.59239778,26.22838146,"26.22838146, 50.59239778"
303.0,BU ALI INTERNATIONAL RESTAURANTS COMPANY,شركة مطاعم بوعلي العالمية,RESTAURANTS,مطاعم,INTERNATIONAL RESTAURANTS,مطاعم عالمية,321.0,CAPITAL,العاصمة,50.59606245,26.22744157,"26.22744157, 50.59606245"
304.0,CHINESE GOLDEN FRIES HOUSE,البيت الذهبي الصيني للمقليات,RESTAURANTS,مطاعم,CHINESE RESTAURANTS,مطاعم صينية,321.0,CAPITAL,العاصمة,50.59186101,26.22752153,"26.22752153, 50.59186101"
305.0,DIVYA RESTAURANT,مطعم ديفيا,RESTAURANTS,مطاعم,OTHER RESTAURANTS,مطاعم أخرى,321.0,CAPITAL,العاصمة,50.59233031,26.22855201,"26.22855201, 50.59233031"
306.0,FATIMAH RESTAURANT,مطعم فاطمة,RESTAURANTS,مطاعم,OTHER RESTAURANTS,مطاعم أخرى,321.0,CAPITAL,العاصمة,50.59040637,26.22726982,"26.22726982, 50.59040637"
307.0,FAVOURITE RESTAURANT,المطعم المفضل,RESTAURANTS,مطاعم,OTHER RESTAURANTS,مطاعم أخرى,321.0,CAPITAL,العاصمة,50.59298191,26.22665496,"26.22665496, 50.59298191"
308.0,FISH EXPRESS,فيش إكسبرس,RESTAURANTS,مطاعم,SEAFOOD RESTAURANTS,مأكولات بحرية,321.0,CAPITAL,العاصمة,50.58825052,26.22416216,"26.22416216, 50.58825052"
309.0,HAPPY TOWN RESTAURANT,مطعم الصعايده,RESTAURANTS,مطاعم,OTHER RESTAURANTS,مطاعم أخرى,321.0,CAPITAL,العاصمة,50.58920446,26.22628783,"26.22628783, 50.58920446"
310.0,HAYAT AL BAHRAIN RESTAURANT,مطعم حياة البحرين,RESTAURANTS,مطاعم,INTERNATIONAL RESTAURANTS,مطاعم عالمية,321.0,CAPITAL,العاصمة,50.59596566,26.22552726,"26.22552726, 50.59596566"
311.0,JAN BURGER,جان برجر,RESTAURANTS,مطاعم,FAST FOOD RESTAURANTS,وجبات سريعة,321.0,CAPITAL,العاصمة,50.59437802,26.2251358,"26.2251358, 50.59437802"
312.0,JEHAN GRILLS,مشويات جهان,RESTAURANTS,مطاعم,ARABIC RESTAURANTS,مطاعم عربية,321.0,CAPITAL,العاصمة,50.58818408,26.22394249,"26.22394249, 50.58818408"
313.0,KARAIKUDI RESTAURANT,مطعم كاراكودي,RESTAURANTS,مطاعم,OTHER RESTAURANTS,مطاعم أخرى,321.0,CAPITAL,العاصمة,50.58992742,26.22872091,"26.22872091, 50.58992742"
314.0,LAS TABBAS RESTAURANT,مطعم لاس تباس,RESTAURANTS,مطاعم,INTERNATIONAL RESTAURANTS,مطاعم عالمية,321.0,CAPITAL,العاصمة,50.594183,26.22531683,"26.22531683, 50.594183"
315.0,MARAYA AL SHAM,مرايا الشام,RESTAURANTS,مطاعم,ARABIC RESTAURANTS,مطاعم عربية,321.0,CAPITAL,العاصمة,50.59634427,26.22600313,"26.22600313, 50.59634427"
316.0,MASHRAB ALTAIR RESTAURANT,مطعم مشرب الطير,RESTAURANTS,مطاعم,OTHER RESTAURANTS,مطاعم أخرى,321.0,CAPITAL,العاصمة,50.59036125,26.22877905,"26.22877905, 50.59036125"
317.0,NATHRY FOR MODHAPI & MANDI RESTAURANT,مطعم نثري للمندي والمضبي,RESTAURANTS,مطاعم,ARABIC RESTAURANTS,مطاعم عربية,321.0,CAPITAL,العاصمة,50.59669406,26.22623387,"26.22623387, 50.59669406"
318.0,NEW ALABUL GRILLS,مشويات الأبل الجديدة,RESTAURANTS,مطاعم,ARABIC RESTAURANTS,مطاعم عربية,321.0,CAPITAL,العاصمة,50.5922444,26.22884426,"26.22884426, 50.5922444"
319.0,OLD PALACE RESTAURANT,مطعم القصر القديم,RESTAURANTS,مطاعم,OTHER RESTAURANTS,مطاعم أخرى,321.0,CAPITAL,العاصمة,50.59310264,26.22518787,"26.22518787, 50.59310264"
320.0,ONE TOUCH RESTAURANT,مطعم اللمسة الواحدة,RESTAURANTS,مطاعم,OTHER RESTAURANTS,مطاعم أخرى,321.0,CAPITAL,العاصمة,50.59671208,26.22564284,"26.22564284, 50.59671208"
321.0,PHILIPPINES FRIENDS RESTAURANT,مطعم أصدقاء الفلبين,RESTAURANTS,مطاعم,SEAFOOD RESTAURANTS,مأكولات بحرية,321.0,CAPITAL,العاصمة,50.59241256,26.22748482,"26.22748482, 50.59241256"
322.0,RAJADHANI RESTAURANT,مطعم راجاداني,RESTAURANTS,مطاعم,INDIAN RESTAURANTS,مطاعم هندية,321.0,CAPITAL,العاصمة,50.59443764,26.22684759,"26.22684759, 50.59443764"
323.0,SAKINAH RESTAURANT,مطعم سكينة,RESTAURANTS,مطاعم,OTHER RESTAURANTS,مطاعم أخرى,321.0,CAPITAL,العاصمة,50.59220062,26.22856247,"26.22856247, 50.59220062"
324.0,SAMEEH PASTRIES,معجنات سميح,RESTAURANTS,مطاعم,ARABIC RESTAURANTS,مطاعم عربية,321.0,CAPITAL,العاصمة,50.58927266,26.22629633,"26.22629633, 50.58927266"
325.0,SEKATNA RESTAURANT,مطعم سكتنا,RESTAURANTS,مطاعم,OTHER RESTAURANTS,مطاعم أخرى,321.0,CAPITAL,العاصمة,50.59182257,26.22754555,"26.22754555, 50.59182257"
326.0,SHAFLOOT RESTAURANT,مطعم شفلوت,RESTAURANTS,مطاعم,OTHER RESTAURANTS,مطاعم أخرى,321.0,CAPITAL,العاصمة,50.58914322,26.2262802,"26.2262802, 50.58914322"
327.0,SHAMAEEL CAFETERIA,كافتيريا شمائل,RESTAURANTS,مطاعم,OTHER RESTAURANTS,مطاعم أخرى,321.0,CAPITAL,العاصمة,50.59283549,26.22601394,"26.22601394, 50.59283549"
328.0,SILAN RESTAURANT,مطعم سيلان,RESTAURANTS,مطاعم,OTHER RESTAURANTS,مطاعم أخرى,321.0,CAPITAL,العاصمة,50.59336119,26.22683481,"26.22683481, 50.59336119"
329.0,THEKRIYAT ZAMAN COFFEE SHOP,ذكريات زمان كوفي شوب,RESTAURANTS,مطاعم,COFFEE SHOPS,مقاهي,321.0,CAPITAL,العاصمة,50.59085463,26.22880577,"26.22880577, 50.59085463"
330.0,ZAYTOONAH RESTAURANT,مطعم زيتونه,RESTAURANTS,مطاعم,LEBANESE RESTAURANTS,مطاعم لبنانية,321.0,CAPITAL,العاصمة,50.59528681,26.22550234,"26.22550234, 50.59528681"
331.0,DARSEEN CAFE,كافيه دارسين,RESTAURANTS,مطاعم,COFFEE SHOPS,مقاهي,322.0,CAPITAL,العاصمة,50.5990457,26.23983779,"26.23983779, 50.5990457"
332.0,DERBY CAFE,دربي كافيه,RESTAURANTS,مطاعم,COFFEE SHOPS,مقاهي,322.0,CAPITAL,العاصمة,50.59951119,26.23227471,"26.23227471, 50.59951119"
333.0,GULF DOLPHIN,خليج الدولفين,RESTAURANTS,مطاعم,COFFEE SHOPS,مقاهي,322.0,CAPITAL,العاصمة,50.60041794,26.22777303,"26.22777303, 50.60041794"
334.0,LA TAVERNA SUL MARE RESTAURANT,مطعم لا تافيرنا سول ماري,RESTAURANTS,مطاعم,ITALIAN RESTAURANTS,مطاعم إيطالية,322.0,CAPITAL,العاصمة,50.60026049,26.22879756,"26.22879756, 50.60026049"
335.0,LAYALI ZAMAN,ليالي زمان,RESTAURANTS,مطاعم,ARABIC RESTAURANTS,مطاعم عربية,322.0,CAPITAL,العاصمة,50.59977578,26.23322998,"26.23322998, 50.59977578"
336.0,RAYES RESTAURANT,مطعم الريس,RESTAURANTS,مطاعم,LEBANESE RESTAURANTS,مطاعم لبنانية,322.0,CAPITAL,العاصمة,50.60045421,26.22855873,"26.22855873, 50.60045421"
337.0,AL BAIROTI RESTAURANT,مطعم البيروتي,RESTAURANTS,مطاعم,LEBANESE RESTAURANTS,مطاعم لبنانية,323.0,CAPITAL,العاصمة,50.58891899,26.23096651,"26.23096651, 50.58891899"
338.0,3 LINES RESTAURANT,مطعم ثري لاينز,RESTAURANTS,مطاعم,INTERNATIONAL RESTAURANTS,مطاعم عالمية,324.0,CAPITAL,العاصمة,50.60896916,26.21676846,"26.21676846, 50.60896916"
339.0,BASKIN ROBBINS,باسكن روبنز,RESTAURANTS,مطاعم,ICE CREAM,أيس كريم,324.0,CAPITAL,العاصمة,50.6084705,26.2240493,"26.2240493, 50.6084705"
340.0,BENNIGAN'S,بينجنز,RESTAURANTS,مطاعم,AMERICAN RESTAURANTS,مطاعم أمريكية,324.0,CAPITAL,العاصمة,50.60488624,26.21657354,"26.21657354, 50.60488624"
341.0,BLUEFIELD BURGER,بلوفيلد برغر,RESTAURANTS,مطاعم,FAST FOOD RESTAURANTS,وجبات سريعة,324.0,CAPITAL,العاصمة,50.60471201,26.21885865,"26.21885865, 50.60471201"
342.0,CARIBOU COFFEE,مقهى كاريبو,RESTAURANTS,مطاعم,COFFEE SHOPS,مقاهي,324.0,CAPITAL,العاصمة,50.60867076,26.22404316,"26.22404316, 50.60867076"
343.0,CHOCO LOCO,شوكولوكو,RESTAURANTS,مطاعم,COFFEE SHOPS,مقاهي,324.0,CAPITAL,العاصمة,50.6088844,26.21677062,"26.21677062, 50.6088844"
344.0,COSTA COFFEE,كوستا كوفي,RESTAURANTS,مطاعم,COFFEE SHOPS,مقاهي,324.0,CAPITAL,العاصمة,50.61502513,26.21908891,"26.21908891, 50.61502513"
345.0,CUCINA RESTAURANT,مطعم كوكينا,RESTAURANTS,مطاعم,ITALIAN RESTAURANTS,مطاعم إيطالية,324.0,CAPITAL,العاصمة,50.60481455,26.21696765,"26.21696765, 50.60481455"
346.0,DIAMOND FISH RESTAURANT,مطعم السمكة الماسية,RESTAURANTS,مطاعم,SEAFOOD RESTAURANTS,مأكولات بحرية,324.0,CAPITAL,العاصمة,50.60452001,26.21885215,"26.21885215, 50.60452001"
347.0,DOME CAFE,دوم كافيه,RESTAURANTS,مطاعم,COFFEE SHOPS,مقاهي,324.0,CAPITAL,العاصمة,50.61047376,26.2108733,"26.2108733, 50.61047376"
348.0,DOWN UNDER BURGERS AND FRIES RESTAURANT,مطعم دون اندر برجر وفريز,RESTAURANTS,مطاعم,FAST FOOD RESTAURANTS,وجبات سريعة,324.0,CAPITAL,العاصمة,50.61050956,26.22417525,"26.22417525, 50.61050956"
349.0,DUNKIN DONUTS,دانكن دونتس,RESTAURANTS,مطاعم,COFFEE SHOPS,مقاهي,324.0,CAPITAL,العاصمة,50.60924703,26.22406862,"26.22406862, 50.60924703"
350.0,ESTIKANA RESTAURANT,مطعم إستكانه,RESTAURANTS,مطاعم,ARABIC RESTAURANTS,مطاعم عربية,324.0,CAPITAL,العاصمة,50.60835633,26.21724556,"26.21724556, 50.60835633"
351.0,JASMIS COFFEE,مقهى جسميز,RESTAURANTS,مطاعم,COFFEE SHOPS,مقاهي,324.0,CAPITAL,العاصمة,50.61108469,26.22418207,"26.22418207, 50.61108469"
352.0,JASMIS RESTAURANT,مطعم جسميز,RESTAURANTS,مطاعم,FAST FOOD RESTAURANTS,وجبات سريعة,324.0,CAPITAL,العاصمة,50.61116933,26.22417714,"26.22417714, 50.61116933"
353.0,KENKO BAHRAIN RESTAURANT,مطعم كينكو البحرين,RESTAURANTS,مطاعم,JAPANESE RESTAURANTS,مطاعم يابانية,324.0,CAPITAL,العاصمة,50.61079239,26.22419035,"26.22419035, 50.61079239"
354.0,KLUB 360 RESTAURANT,مطعم كلوب 360,RESTAURANTS,مطاعم,OTHER RESTAURANTS,مطاعم أخرى,324.0,CAPITAL,العاصمة,50.61167836,26.21507036,"26.21507036, 50.61167836"
355.0,KOJO RESTAURANT,مطعم كوجو,RESTAURANTS,مطاعم,JAPANESE RESTAURANTS,مطاعم يابانية,324.0,CAPITAL,العاصمة,50.60461299,26.21876879,"26.21876879, 50.60461299"
356.0,KUAIZI RESTAURANT,مطعم كوايزي,RESTAURANTS,مطاعم,MALAYSIAN RESTAURANTS,مطاعم ماليزية,324.0,CAPITAL,العاصمة,50.61069388,26.22418435,"26.22418435, 50.61069388"
357.0,MC CAFE,ماك كافيه,RESTAURANTS,مطاعم,COFFEE SHOPS,مقاهي,324.0,CAPITAL,العاصمة,50.60946404,26.22412272,"26.22412272, 50.60946404"
358.0,MCDONALD'S,ماكدونالدز,RESTAURANTS,مطاعم,FAST FOOD RESTAURANTS,وجبات سريعة,324.0,CAPITAL,العاصمة,50.60947589,26.22406351,"26.22406351, 50.60947589"
359.0,MIDYECI AHMET RESTAURANT,مطعم ميدياكي أحمت,RESTAURANTS,مطاعم,TURKISH RESTAURANTS,مطاعم تركية,324.0,CAPITAL,العاصمة,50.61030407,26.22416227,"26.22416227, 50.61030407"
360.0,MUHAMMAD NOOR BUKHARI RESTAURANT,مطعم محمد نور بخاري,RESTAURANTS,مطاعم,ARABIC RESTAURANTS,مطاعم عربية,324.0,CAPITAL,العاصمة,50.61010705,26.22415027,"26.22415027, 50.61010705"
361.0,PIZZA HUT,بيتزا هت,RESTAURANTS,مطاعم,PIZZA,بيتزا,324.0,CAPITAL,العاصمة,50.60937842,26.22406133,"26.22406133, 50.60937842"
362.0,SHOW SHHA RESTAURANT,مطعم شو شه,RESTAURANTS,مطاعم,INDIAN RESTAURANTS,مطاعم هندية,324.0,CAPITAL,العاصمة,50.61130527,26.21210795,"26.21210795, 50.61130527"
363.0,STARBUCKS,ستاربكس,RESTAURANTS,مطاعم,COFFEE SHOPS,مقاهي,324.0,CAPITAL,العاصمة,50.60473155,26.21895426,"26.21895426, 50.60473155"
364.0,STARBUCKS,ستاربكس,RESTAURANTS,مطاعم,COFFEE SHOPS,مقاهي,324.0,CAPITAL,العاصمة,50.60973849,26.22410818,"26.22410818, 50.60973849"
365.0,TALAY THAI RESTAURANT,مطعم تالاي تاي,RESTAURANTS,مطاعم,THAI RESTAURANTS,مطاعم تايلندية,324.0,CAPITAL,العاصمة,50.61159535,26.21221756,"26.21221756, 50.61159535"
366.0,THAILAND GATE RESTAURANT,مطعم بوابة تايلاند,RESTAURANTS,مطاعم,THAI RESTAURANTS,مطاعم تايلندية,324.0,CAPITAL,العاصمة,50.61088452,26.22420398,"26.22420398, 50.61088452"
367.0,THINK GOURMET,ثينك جورميه,RESTAURANTS,مطاعم,OTHER RESTAURANTS,مطاعم أخرى,324.0,CAPITAL,العاصمة,50.60494281,26.21913999,"26.21913999, 50.60494281"
368.0,VIETNAMESE GATE RESTAURANT,مطعم بوابة الفيتنامي,RESTAURANTS,مطاعم,OTHER RESTAURANTS,مطاعم أخرى,324.0,CAPITAL,العاصمة,50.60473058,26.21900149,"26.21900149, 50.60473058"
369.0,WINGMAN RESTAURANT,مطعم وينج مان,RESTAURANTS,مطاعم,FAST FOOD RESTAURANTS,وجبات سريعة,324.0,CAPITAL,العاصمة,50.61000748,26.22414235,"26.22414235, 50.61000748"
370.0,AL BINDAIRA CAFE,مقهى البنديرة,RESTAURANTS,مطاعم,COFFEE SHOPS,مقاهي,326.0,CAPITAL,العاصمة,50.58924716,26.21855094,"26.21855094, 50.58924716"
371.0,ARIZONA CAFE,مقهى ايرزونا,RESTAURANTS,مطاعم,COFFEE SHOPS,مقاهي,326.0,CAPITAL,العاصمة,50.58958793,26.21860196,"26.21860196, 50.58958793"
372.0,BAAN SAENG,بان سينج,RESTAURANTS,مطاعم,THAI RESTAURANTS,مطاعم تايلندية,326.0,CAPITAL,العاصمة,50.58812565,26.21713344,"26.21713344, 50.58812565"
373.0,BANANA LEAF RESTAURANT,مطعم ورق الموز,RESTAURANTS,مطاعم,THAI RESTAURANTS,مطاعم تايلندية,326.0,CAPITAL,العاصمة,50.58856966,26.21827372,"26.21827372, 50.58856966"
374.0,BOUTIQUE CAFE,مقهى بوتيك,RESTAURANTS,مطاعم,COFFEE SHOPS,مقاهي,326.0,CAPITAL,العاصمة,50.58927294,26.21593768,"26.21593768, 50.58927294"
375.0,BURGER TOWN,برجر المدينة,RESTAURANTS,مطاعم,FAST FOOD RESTAURANTS,وجبات سريعة,326.0,CAPITAL,العاصمة,50.58878494,26.21931517,"26.21931517, 50.58878494"
376.0,CHINA EXPRESS,الصين إكسبرس,RESTAURANTS,مطاعم,CHINESE RESTAURANTS,مطاعم صينية,326.0,CAPITAL,العاصمة,50.58763664,26.21790163,"26.21790163, 50.58763664"
377.0,DON VITO CAFE,دون فيتو كافيه,RESTAURANTS,مطاعم,COFFEE SHOPS,مقاهي,326.0,CAPITAL,العاصمة,50.58838512,26.21833984,"26.21833984, 50.58838512"
378.0,EXTROVERT CAFE,اكستروفرت كافي,RESTAURANTS,مطاعم,COFFEE SHOPS,مقاهي,326.0,CAPITAL,العاصمة,50.58949728,26.21816181,"26.21816181, 50.58949728"
379.0,FRIENDS COFFEE SHOPS,مقهى فرندز,RESTAURANTS,مطاعم,COFFEE SHOPS,مقاهي,326.0,CAPITAL,العاصمة,50.58984193,26.2198148,"26.2198148, 50.58984193"
380.0,FUSION,مطعم فيوجن,RESTAURANTS,مطاعم,OTHER RESTAURANTS,مطاعم أخرى,326.0,CAPITAL,العاصمة,50.5894357,26.21883627,"26.21883627, 50.5894357"
381.0,KORMA RESTAURANT,مطعم كورما,RESTAURANTS,مطاعم,INDIAN RESTAURANTS,مطاعم هندية,326.0,CAPITAL,العاصمة,50.58858217,26.21656903,"26.21656903, 50.58858217"
382.0,LA MAISON DU CAFE,لا ميزون دو كافية,RESTAURANTS,مطاعم,COFFEE SHOPS,مقاهي,326.0,CAPITAL,العاصمة,50.58965869,26.2183448,"26.2183448, 50.58965869"
383.0,LE JARDIN,لي جاردان,RESTAURANTS,مطاعم,EUROPEAN RESTAURANTS,مطاعم أوروبية,326.0,CAPITAL,العاصمة,50.59097396,26.21697425,"26.21697425, 50.59097396"
384.0,MAGGIES CAFE,ماجيز كافي,RESTAURANTS,مطاعم,COFFEE SHOPS,مقاهي,326.0,CAPITAL,العاصمة,50.58917841,26.21968307,"26.21968307, 50.58917841"
385.0,OUT OF THE BLUE RESTAURANT,خارج المطعم الأزرق,RESTAURANTS,مطاعم,OTHER RESTAURANTS,مطاعم أخرى,326.0,CAPITAL,العاصمة,50.58893068,26.21867895,"26.21867895, 50.58893068"
386.0,RACHE CAFE,مقهى راشي,RESTAURANTS,مطاعم,COFFEE SHOPS,مقاهي,326.0,CAPITAL,العاصمة,50.59091657,26.21533253,"26.21533253, 50.59091657"
387.0,THE SAUSAGE CORNER,ذي سوسج كورنر,RESTAURANTS,مطاعم,FAST FOOD RESTAURANTS,وجبات سريعة,326.0,CAPITAL,العاصمة,50.58873675,26.21941929,"26.21941929, 50.58873675"
388.0,TOP TOP RESTAURANT,مطعم تيب توب,RESTAURANTS,مطاعم,OTHER RESTAURANTS,مطاعم أخرى,326.0,CAPITAL,العاصمة,50.5880026,26.21789939,"26.21789939, 50.5880026"
389.0,AL ABRAAJ RESTAURANT,مطعم الأبراج,RESTAURANTS,مطاعم,INTERNATIONAL RESTAURANTS,مطاعم عالمية,327.0,CAPITAL,العاصمة,50.58770762,26.21423732,"26.21423732, 50.58770762"
390.0,AL RUKEN AL MASSI RESTAURANT AND CAFE,مطعم ومقهى الركن الماسي,RESTAURANTS,مطاعم,OTHER RESTAURANTS,مطاعم أخرى,327.0,CAPITAL,العاصمة,50.58552956,26.21911877,"26.21911877, 50.58552956"
391.0,AL WASMI RESTAURANT,مطعم الوسمي,RESTAURANTS,مطاعم,OTHER RESTAURANTS,مطاعم أخرى,327.0,CAPITAL,العاصمة,50.58672359,26.21345073,"26.21345073, 50.58672359"
392.0,AMMAR TIME CAFE,مقهى عمار تايم,RESTAURANTS,مطاعم,COFFEE SHOPS,مقاهي,327.0,CAPITAL,العاصمة,50.58486463,26.2130514,"26.2130514, 50.58486463"
393.0,BANADORA RESTAURANT,مطعم بندورا,RESTAURANTS,مطاعم,OTHER RESTAURANTS,مطاعم أخرى,327.0,CAPITAL,العاصمة,50.58470875,26.21999466,"26.21999466, 50.58470875"
394.0,BASKIN ROBBINS,باسكن روبنز,RESTAURANTS,مطاعم,ICE CREAM,أيس كريم,327.0,CAPITAL,العاصمة,50.58878224,26.21420008,"26.21420008, 50.58878224"
395.0,CAIRO RESTAURANT,مطعم القاهرة,RESTAURANTS,مطاعم,ARABIC RESTAURANTS,مطاعم عربية,327.0,CAPITAL,العاصمة,50.5875871,26.21401494,"26.21401494, 50.5875871"
396.0,CANDLES CAFE,كاندلز كافيه,RESTAURANTS,مطاعم,COFFEE SHOPS,مقاهي,327.0,CAPITAL,العاصمة,50.58576505,26.21262608,"26.21262608, 50.58576505"
397.0,CARIBOU COFFEE,مقهى كاريبو,RESTAURANTS,مطاعم,COFFEE SHOPS,مقاهي,327.0,CAPITAL,العاصمة,50.58628767,26.2121026,"26.2121026, 50.58628767"
398.0,CASA BLU,كازا بلو,RESTAURANTS,مطاعم,COFFEE SHOPS,مقاهي,327.0,CAPITAL,العاصمة,50.58915633,26.21443838,"26.21443838, 50.58915633"
399.0,CHIN LI RESTAURANT,مطعم تشين لى,RESTAURANTS,مطاعم,CHINESE RESTAURANTS,مطاعم صينية,327.0,CAPITAL,العاصمة,50.58806082,26.21520812,"26.21520812, 50.58806082"
400.0,COSTA COFFEE,كوستا كوفي,RESTAURANTS,مطاعم,COFFEE SHOPS,مقاهي,327.0,CAPITAL,العاصمة,50.58671802,26.2127683,"26.2127683, 50.58671802"
401.0,DA RAE JUNG RESTAURANT,مطعم دا راي يونج,RESTAURANTS,مطاعم,THAI RESTAURANTS,مطاعم تايلندية,327.0,CAPITAL,العاصمة,50.58877789,26.21485662,"26.21485662, 50.58877789"
402.0,DUNKIN DONUTS,دانكن دونتس,RESTAURANTS,مطاعم,COFFEE SHOPS,مقاهي,327.0,CAPITAL,العاصمة,50.58479984,26.21225043,"26.21225043, 50.58479984"
403.0,FUDDRUCKERS RESTAURANT,مطعم فودركرز,RESTAURANTS,مطاعم,AMERICAN RESTAURANTS,مطاعم أمريكية,327.0,CAPITAL,العاصمة,50.58608938,26.21202511,"26.21202511, 50.58608938"
404.0,GREEN VALLEY RESTAURANT,مطعم الوادي الأخضر,RESTAURANTS,مطاعم,OTHER RESTAURANTS,مطاعم أخرى,327.0,CAPITAL,العاصمة,50.58585248,26.21296766,"26.21296766, 50.58585248"
405.0,HABARA FISH & SNACKS,حباري للوجبات الخفيفة والسمك,RESTAURANTS,مطاعم,FAST FOOD RESTAURANTS,وجبات سريعة,327.0,CAPITAL,العاصمة,50.58792241,26.2136859,"26.2136859, 50.58792241"
406.0,HARDEES,هارديز,RESTAURANTS,مطاعم,FAST FOOD RESTAURANTS,وجبات سريعة,327.0,CAPITAL,العاصمة,50.58764017,26.21358089,"26.21358089, 50.58764017"
407.0,HIGH TOP INTERNATIONAL RESTAURANT,مطعم هاي توب الدولي,RESTAURANTS,مطاعم,OTHER RESTAURANTS,مطاعم أخرى,327.0,CAPITAL,العاصمة,50.58535997,26.21768724,"26.21768724, 50.58535997"
408.0,KENTUCKY FRIED CHICKEN - KFC,كنتاكي,RESTAURANTS,مطاعم,FAST FOOD RESTAURANTS,وجبات سريعة,327.0,CAPITAL,العاصمة,50.58813075,26.21382051,"26.21382051, 50.58813075"
409.0,LE CHOCOLAT CAFE AND RESTAURANT,مقهى ومطعم لو شوكولا,RESTAURANTS,مطاعم,COFFEE SHOPS,مقاهي,327.0,CAPITAL,العاصمة,50.58842493,26.21399009,"26.21399009, 50.58842493"
410.0,NEW YORK COFFEE,نيويورك كوفي,RESTAURANTS,مطاعم,COFFEE SHOPS,مقاهي,327.0,CAPITAL,العاصمة,50.58928498,26.21450506,"26.21450506, 50.58928498"
411.0,PAPA JOHNS,بابا جونز,RESTAURANTS,مطاعم,PIZZA,بيتزا,327.0,CAPITAL,العاصمة,50.58849567,26.21402944,"26.21402944, 50.58849567"
412.0,POMODORINI RESTAURANT,مطعم بومودوريني,RESTAURANTS,مطاعم,ITALIAN RESTAURANTS,مطاعم إيطالية,327.0,CAPITAL,العاصمة,50.58673233,26.21287847,"26.21287847, 50.58673233"
413.0,STARBUCKS,ستاربكس,RESTAURANTS,مطاعم,COFFEE SHOPS,مقاهي,327.0,CAPITAL,العاصمة,50.58480098,26.21219141,"26.21219141, 50.58480098"
414.0,VERANDA CAFE,مقهى فيرندا,RESTAURANTS,مطاعم,COFFEE SHOPS,مقاهي,327.0,CAPITAL,العاصمة,50.58673812,26.2185989,"26.2185989, 50.58673812"
415.0,WANG THAI RESTAURANT,مطعم وانج تاي,RESTAURANTS,مطاعم,THAI RESTAURANTS,مطاعم تايلندية,327.0,CAPITAL,العاصمة,50.58811562,26.21498685,"26.21498685, 50.58811562"
416.0,AL MAROONI RESTAURANT,مطعم الماروني,RESTAURANTS,مطاعم,OTHER RESTAURANTS,مطاعم أخرى,328.0,CAPITAL,العاصمة,50.57686912,26.21793148,"26.21793148, 50.57686912"
417.0,AL SUQAYYAH RESTAURANT,مطعم السقية,RESTAURANTS,مطاعم,INTERNATIONAL RESTAURANTS,مطاعم عالمية,328.0,CAPITAL,العاصمة,50.5774891,26.21524357,"26.21524357, 50.5774891"
418.0,APPLE RESTAURANT,مطعم التفاحة,RESTAURANTS,مطاعم,ARABIC RESTAURANTS,مطاعم عربية,328.0,CAPITAL,العاصمة,50.57481125,26.21699965,"26.21699965, 50.57481125"
419.0,BAIT AL DONUT‎‏,بيت الدونت,RESTAURANTS,مطاعم,COFFEE SHOPS,مقاهي,328.0,CAPITAL,العاصمة,50.57752209,26.21275197,"26.21275197, 50.57752209"
420.0,CAFE AWAL,أوال كافيه,RESTAURANTS,مطاعم,COFFEE SHOPS,مقاهي,328.0,CAPITAL,العاصمة,50.5755605,26.21841557,"26.21841557, 50.5755605"
421.0,CHICKING FRIED CHICKEN RESTAURANT,مطعم دجاج شيكينغ,RESTAURANTS,مطاعم,FAST FOOD RESTAURANTS,وجبات سريعة,328.0,CAPITAL,العاصمة,50.57822568,26.21253789,"26.21253789, 50.57822568"
422.0,COSTA COFFEE,كوستا كوفي,RESTAURANTS,مطاعم,COFFEE SHOPS,مقاهي,328.0,CAPITAL,العاصمة,50.57873254,26.21265819,"26.21265819, 50.57873254"
423.0,GRILL AND CHILL,جريل أند شل,RESTAURANTS,مطاعم,FAST FOOD RESTAURANTS,وجبات سريعة,328.0,CAPITAL,العاصمة,50.5781714,26.21277177,"26.21277177, 50.5781714"
424.0,JOEY'S PIZZA,جويز بيتزا,RESTAURANTS,مطاعم,PIZZA,بيتزا,328.0,CAPITAL,العاصمة,50.57720475,26.21265936,"26.21265936, 50.57720475"
425.0,NESTLE TOLL HOUSE CAFE,مقهى نستله تول هاوس,RESTAURANTS,مطاعم,COFFEE SHOPS,مقاهي,328.0,CAPITAL,العاصمة,50.57759455,26.21249097,"26.21249097, 50.57759455"
426.0,PAPA JOHNS,بابا جونز,RESTAURANTS,مطاعم,PIZZA,بيتزا,328.0,CAPITAL,العاصمة,50.57814081,26.21290357,"26.21290357, 50.57814081"
427.0,PASTA EXPRESS,باستا إكسبرس,RESTAURANTS,مطاعم,ITALIAN RESTAURANTS,مطاعم إيطالية,328.0,CAPITAL,العاصمة,50.57849542,26.21223264,"26.21223264, 50.57849542"
428.0,ARIZONA,أريزونا,RESTAURANTS,مطاعم,COFFEE SHOPS,مقاهي,329.0,CAPITAL,العاصمة,50.56606232,26.21488035,"26.21488035, 50.56606232"
429.0,BUSHRA RESTAURANT,مطعم بشرى,RESTAURANTS,مطاعم,OTHER RESTAURANTS,مطاعم أخرى,329.0,CAPITAL,العاصمة,50.56995272,26.2167447,"26.2167447, 50.56995272"
430.0,LAYALI ZEZENYA CAFE,كافيه ليالي زيزينيا,RESTAURANTS,مطاعم,COFFEE SHOPS,مقاهي,329.0,CAPITAL,العاصمة,50.56624857,26.21522559,"26.21522559, 50.56624857"
431.0,SHUBBRA RESTAURANT AND GRILLS,مطعم ومشويات شبرة,RESTAURANTS,مطاعم,ARABIC RESTAURANTS,مطاعم عربية,329.0,CAPITAL,العاصمة,50.5698071,26.21656299,"26.21656299, 50.5698071"
432.0,BASKIN ROBBINS,باسكن روبنز,RESTAURANTS,مطاعم,ICE CREAM,أيس كريم,330.0,CAPITAL,العاصمة,50.57229747,26.21083671,"26.21083671, 50.57229747"
433.0,BU ALI INTERNATIONAL RESTAURANTS COMPANY,شركة مطاعم بوعلي العالمية,RESTAURANTS,مطاعم,INTERNATIONAL RESTAURANTS,مطاعم عالمية,330.0,CAPITAL,العاصمة,50.57577655,26.20959295,"26.20959295, 50.57577655"
434.0,FRESCO JUICE BAR AND CAFE,ركن فريسكو للعصائر والقهوة,RESTAURANTS,مطاعم,COFFEE SHOPS,مقاهي,330.0,CAPITAL,العاصمة,50.57307144,26.21023996,"26.21023996, 50.57307144"
435.0,MALGOOM RESTAURANT,مطعم ملغوم,RESTAURANTS,مطاعم,OTHER RESTAURANTS,مطاعم أخرى,330.0,CAPITAL,العاصمة,50.57327316,26.21030029,"26.21030029, 50.57327316"
436.0,SHATHA RESTAURANT,مطعم شذى,RESTAURANTS,مطاعم,CHINESE RESTAURANTS,مطاعم صينية,330.0,CAPITAL,العاصمة,50.57316672,26.21025817,"26.21025817, 50.57316672"
437.0,SHAWARMA EXPRESS,شاورما إكسبرس,RESTAURANTS,مطاعم,FAST FOOD RESTAURANTS,وجبات سريعة,330.0,CAPITAL,العاصمة,50.57578207,26.21001893,"26.21001893, 50.57578207"
438.0,SHEMSHAK,شمشك,RESTAURANTS,مطاعم,IRANIAN RESTAURANTS,مطاعم إيرانية,330.0,CAPITAL,العاصمة,50.57500821,26.20909547,"26.20909547, 50.57500821"
439.0,VIEW CORNER,زاوية الرؤية,RESTAURANTS,مطاعم,OTHER RESTAURANTS,مطاعم أخرى,330.0,CAPITAL,العاصمة,50.5757332,26.20923719,"26.20923719, 50.5757332"
440.0,AL HAKAWATI COFFEE,مقهى الحكواتي,RESTAURANTS,مطاعم,COFFEE SHOPS,مقاهي,331.0,CAPITAL,العاصمة,50.57575129,26.20609104,"26.20609104, 50.57575129"
441.0,CHICKEYS RESTAURANT,مطعم شكيز,RESTAURANTS,مطاعم,FAST FOOD RESTAURANTS,وجبات سريعة,331.0,CAPITAL,العاصمة,50.57576083,26.20498496,"26.20498496, 50.57576083"
442.0,COLD STONE CREAMERY,كولد ستون كريميري,RESTAURANTS,مطاعم,ICE CREAM,أيس كريم,331.0,CAPITAL,العاصمة,50.57501898,26.20409043,"26.20409043, 50.57501898"
443.0,CRUST AND CREMA CAFE,مقهى كرست آند كريما,RESTAURANTS,مطاعم,COFFEE SHOPS,مقاهي,331.0,CAPITAL,العاصمة,50.57504933,26.20391733,"26.20391733, 50.57504933"
444.0,DESI SPICE RESTAURANT AND CAFE,مطعم ومقهى دبسي سبايس,RESTAURANTS,مطاعم,OTHER RESTAURANTS,مطاعم أخرى,331.0,CAPITAL,العاصمة,50.57403788,26.20875645,"26.20875645, 50.57403788"
445.0,INNOVATION COFFEE,مقهى الابتكار,RESTAURANTS,مطاعم,COFFEE SHOPS,مقاهي,331.0,CAPITAL,العاصمة,50.57533972,26.20413725,"26.20413725, 50.57533972"
446.0,JASMIS RESTAURANT,مطعم جسميز,RESTAURANTS,مطاعم,FAST FOOD RESTAURANTS,وجبات سريعة,331.0,CAPITAL,العاصمة,50.57576206,26.20484251,"26.20484251, 50.57576206"
447.0,LITTLE CAESARS RESTAURANT,مطعم لتل سيزر,RESTAURANTS,مطاعم,PIZZA,بيتزا,331.0,CAPITAL,العاصمة,50.57575692,26.20543795,"26.20543795, 50.57575692"
448.0,MACCHIATO CAFE,ماكياتو كافيه,RESTAURANTS,مطاعم,COFFEE SHOPS,مقاهي,331.0,CAPITAL,العاصمة,50.57424882,26.20374656,"26.20374656, 50.57424882"
449.0,MARZIPAN RESTAURANT,مطعم مرزبان,RESTAURANTS,مطاعم,INTERNATIONAL RESTAURANTS,مطاعم عالمية,331.0,CAPITAL,العاصمة,50.57546848,26.20397966,"26.20397966, 50.57546848"
450.0,MIAMI RESTAURANT,مطعم ميامي,RESTAURANTS,مطاعم,INTERNATIONAL RESTAURANTS,مطاعم عالمية,331.0,CAPITAL,العاصمة,50.5757088,26.20443439,"26.20443439, 50.5757088"
451.0,TIM HORTONS CAFE,مقهى تيم هورتونز,RESTAURANTS,مطاعم,COFFEE SHOPS,مقاهي,331.0,CAPITAL,العاصمة,50.5749636,26.20432343,"26.20432343, 50.5749636"
452.0,WOK STATION RESTAURANT,مطعم ووك ستيشن,RESTAURANTS,مطاعم,INTERNATIONAL RESTAURANTS,مطاعم عالمية,331.0,CAPITAL,العاصمة,50.57460936,26.20385878,"26.20385878, 50.57460936"
453.0,YAS ISFAHANI RESTAURANT,مطعم ياس أصفهاني,RESTAURANTS,مطاعم,IRANIAN RESTAURANTS,مطاعم إيرانية,331.0,CAPITAL,العاصمة,50.5746332,26.20427938,"26.20427938, 50.5746332"
454.0,YASALAM RESTAURANT,مطعم ياسلام,RESTAURANTS,مطاعم,INTERNATIONAL RESTAURANTS,مطاعم عالمية,331.0,CAPITAL,العاصمة,50.57479838,26.2038871,"26.2038871, 50.57479838"
455.0,3 LINES RESTAURANT,مطعم ثري لاينز,RESTAURANTS,مطاعم,FAST FOOD RESTAURANTS,وجبات سريعة,332.0,CAPITAL,العاصمة,50.57622264,26.20935673,"26.20935673, 50.57622264"
456.0,HUNGRY BUNNY RESTAURANT,مطعم الأرنب الجائع,RESTAURANTS,مطاعم,FAST FOOD RESTAURANTS,وجبات سريعة,332.0,CAPITAL,العاصمة,50.57654223,26.21029472,"26.21029472, 50.57654223"
457.0,KANAFANY CAFE,كنفاني كافيه,RESTAURANTS,مطاعم,COFFEE SHOPS,مقاهي,332.0,CAPITAL,العاصمة,50.57650681,26.21029475,"26.21029475, 50.57650681"
458.0,KARAMI RESTAURANT,مطعم كرامي,RESTAURANTS,مطاعم,ARABIC RESTAURANTS,مطاعم عربية,332.0,CAPITAL,العاصمة,50.57669881,26.2100373,"26.2100373, 50.57669881"
459.0,SHOWPIECE RESTAURANT,مطعم شوبيز,RESTAURANTS,مطاعم,TURKISH RESTAURANTS,مطاعم تركية,332.0,CAPITAL,العاصمة,50.57638462,26.21036534,"26.21036534, 50.57638462"
460.0,STARBUCKS,ستاربكس,RESTAURANTS,مطاعم,COFFEE SHOPS,مقاهي,332.0,CAPITAL,العاصمة,50.57675404,26.20644092,"26.20644092, 50.57675404"
461.0,YELLOW LEMON RESTAURANT,مطعم الليمون الأصفر,RESTAURANTS,مطاعم,OTHER RESTAURANTS,مطاعم أخرى,332.0,CAPITAL,العاصمة,50.57622233,26.2094918,"26.2094918, 50.57622233"
462.0,COKI CORNER RESTAURANT,مطعم زاوية كوكي,RESTAURANTS,مطاعم,OTHER RESTAURANTS,مطاعم أخرى,333.0,CAPITAL,العاصمة,50.587773,26.20029151,"26.20029151, 50.587773"
463.0,MCDONALD'S,ماكدونالدز,RESTAURANTS,مطاعم,FAST FOOD RESTAURANTS,وجبات سريعة,334.0,CAPITAL,العاصمة,50.58714809,26.21108625,"26.21108625, 50.58714809"
464.0,OPERA,أوبرا,RESTAURANTS,مطاعم,INTERNATIONAL RESTAURANTS,مطاعم عالمية,334.0,CAPITAL,العاصمة,50.58880084,26.21026,"26.21026, 50.58880084"
465.0,ADRNAH GRILLS,مشويات ادرنه,RESTAURANTS,مطاعم,ARABIC RESTAURANTS,مطاعم عربية,335.0,CAPITAL,العاصمة,50.59259879,26.20039893,"26.20039893, 50.59259879"
466.0,AL MALLAS RESTAURANT,مطعم الملاس,RESTAURANTS,مطاعم,OTHER RESTAURANTS,مطاعم أخرى,335.0,CAPITAL,العاصمة,50.59445318,26.200064,"26.200064, 50.59445318"
467.0,BURGER LINE,برجر لاين,RESTAURANTS,مطاعم,FAST FOOD RESTAURANTS,وجبات سريعة,335.0,CAPITAL,العاصمة,50.59194649,26.20162831,"26.20162831, 50.59194649"
468.0,WAHEED PASTRIES,معجنات وحيد,RESTAURANTS,مطاعم,ARABIC RESTAURANTS,مطاعم عربية,335.0,CAPITAL,العاصمة,50.59199318,26.2013572,"26.2013572, 50.59199318"
469.0,ARAB STREET RESTAURANT,مطعم شارع العرب,RESTAURANTS,مطاعم,OTHER RESTAURANTS,مطاعم أخرى,336.0,CAPITAL,العاصمة,50.5869153,26.21273248,"26.21273248, 50.5869153"
470.0,BURGER LAND,برجر لاند,RESTAURANTS,مطاعم,ARABIC RESTAURANTS,مطاعم عربية,336.0,CAPITAL,العاصمة,50.58675725,26.21230683,"26.21230683, 50.58675725"
471.0,CAESAR RESTAURANT,مطعم قيصر,RESTAURANTS,مطاعم,OTHER RESTAURANTS,مطاعم أخرى,336.0,CAPITAL,العاصمة,50.5903384,26.21305005,"26.21305005, 50.5903384"
472.0,CAESARS RESTAURANT,مطعم قيصر,RESTAURANTS,مطاعم,OTHER RESTAURANTS,مطاعم أخرى,336.0,CAPITAL,العاصمة,50.59025819,26.21334315,"26.21334315, 50.59025819"
473.0,CARUOCA RESTAURANT AND CAFE,مطعم ومقهى كاريوكا,RESTAURANTS,مطاعم,OTHER RESTAURANTS,مطاعم أخرى,336.0,CAPITAL,العاصمة,50.59252944,26.20798398,"26.20798398, 50.59252944"
474.0,CASA MEXICANA,كازا مكسيكان,RESTAURANTS,مطاعم,INTERNATIONAL RESTAURANTS,مطاعم عالمية,336.0,CAPITAL,العاصمة,50.58752874,26.21261206,"26.21261206, 50.58752874"
475.0,CYPRUS TAVERNA RESTAURANT,مطعم قبرص تافيرنا,RESTAURANTS,مطاعم,CYPRIOT RESTAURANTS,مطاعم قبرصية,336.0,CAPITAL,العاصمة,50.5882802,26.21151458,"26.21151458, 50.5882802"
476.0,ISIS CAFE,إيزيس كافية,RESTAURANTS,مطاعم,COFFEE SHOPS,مقاهي,336.0,CAPITAL,العاصمة,50.59257366,26.20675108,"26.20675108, 50.59257366"
477.0,KUDU,كودو,RESTAURANTS,مطاعم,FAST FOOD RESTAURANTS,وجبات سريعة,336.0,CAPITAL,العاصمة,50.58651143,26.21194526,"26.21194526, 50.58651143"
478.0,LAYALI AL MAHROOSAH COFFEE SHOP,مقهى ليالي المحروسة,RESTAURANTS,مطاعم,COFFEE SHOPS,مقاهي,336.0,CAPITAL,العاصمة,50.59036041,26.20962571,"26.20962571, 50.59036041"
479.0,LEBANON OVEN,الفرن اللبناني,RESTAURANTS,مطاعم,LEBANESE RESTAURANTS,مطاعم لبنانية,336.0,CAPITAL,العاصمة,50.58679896,26.21241993,"26.21241993, 50.58679896"
480.0,PARSIAN RESTAURANT,مطعم بارسيان,RESTAURANTS,مطاعم,IRANIAN RESTAURANTS,مطاعم إيرانية,336.0,CAPITAL,العاصمة,50.59047449,26.20947042,"26.20947042, 50.59047449"
481.0,SENIOR PACOS,سينيور باكوس,RESTAURANTS,مطاعم,MEXICAN RESTAURANTS,مطاعم مكسيكية,336.0,CAPITAL,العاصمة,50.59146858,26.20795498,"26.20795498, 50.59146858"
482.0,SYMPHONY RESTAURANT,مطعم السيمفوني,RESTAURANTS,مطاعم,OTHER RESTAURANTS,مطاعم أخرى,336.0,CAPITAL,العاصمة,50.5871588,26.21218458,"26.21218458, 50.5871588"
483.0,AL KARAWAN PASTRIES,معجنات الكروان,RESTAURANTS,مطاعم,ARABIC RESTAURANTS,مطاعم عربية,337.0,CAPITAL,العاصمة,50.59481839,26.20448281,"26.20448281, 50.59481839"
484.0,AL ZAAD RESTAURANT,مطعم الزاد,RESTAURANTS,مطاعم,OTHER RESTAURANTS,مطاعم أخرى,337.0,CAPITAL,العاصمة,50.59417009,26.20056558,"26.20056558, 50.59417009"
485.0,APACHE,أباتشي,RESTAURANTS,مطاعم,OTHER RESTAURANTS,مطاعم أخرى,337.0,CAPITAL,العاصمة,50.5964404,26.20205166,"26.20205166, 50.5964404"
486.0,BANGKOK RESTAURANT,مطعم بانكوك,RESTAURANTS,مطاعم,OTHER RESTAURANTS,مطاعم أخرى,337.0,CAPITAL,العاصمة,50.59629815,26.20455548,"26.20455548, 50.59629815"
487.0,CAVE DU ROI,كاف دو روا,RESTAURANTS,مطاعم,FRENCH RESTAURANTS,مطاعم فرنسية,337.0,CAPITAL,العاصمة,50.59378193,26.20225058,"26.20225058, 50.59378193"
488.0,FO LI CHINESE RESTAURANT,مطعم فو لي الصيني,RESTAURANTS,مطاعم,CHINESE RESTAURANTS,مطاعم صينية,337.0,CAPITAL,العاصمة,50.5961316,26.20494985,"26.20494985, 50.5961316"
489.0,GRAND ROYAL BUFFET RESTAURANT,مطعم البوفيه الملكي الكبير,RESTAURANTS,مطاعم,OTHER RESTAURANTS,مطاعم أخرى,337.0,CAPITAL,العاصمة,50.59720813,26.20247345,"26.20247345, 50.59720813"
490.0,HAIDARABAD HOUSE RESTAURANT,مطعم حيدراباد هاوس,RESTAURANTS,مطاعم,INDIAN RESTAURANTS,مطاعم هندية,337.0,CAPITAL,العاصمة,50.59678419,26.20357811,"26.20357811, 50.59678419"
491.0,KOWLOON RESTAURANT,مطعم كولون,RESTAURANTS,مطاعم,CHINESE RESTAURANTS,مطاعم صينية,337.0,CAPITAL,العاصمة,50.59645121,26.20423944,"26.20423944, 50.59645121"
492.0,PANASIAN RESTAURANT,مطعم بان إيشيان,RESTAURANTS,مطاعم,OTHER RESTAURANTS,مطاعم أخرى,337.0,CAPITAL,العاصمة,50.59648295,26.20194609,"26.20194609, 50.59648295"
493.0,THE GREAT WALL RESTAURANT,مطعم سور الصين العظيم,RESTAURANTS,مطاعم,OTHER RESTAURANTS,مطاعم أخرى,337.0,CAPITAL,العاصمة,50.59410497,26.20315866,"26.20315866, 50.59410497"
494.0,338 CELLO LOUNGE RESTAURANT,مطعم 338 تشيللو لاونج,RESTAURANTS,مطاعم,OTHER RESTAURANTS,مطاعم أخرى,338.0,CAPITAL,العاصمة,50.59230171,26.2127595,"26.2127595, 50.59230171"
495.0,ʻAISHA BAHLOUL RESTAURANT,مطعم عائشة بهلول,RESTAURANTS,مطاعم,ARABIC RESTAURANTS,مطاعم عربية,338.0,CAPITAL,العاصمة,50.59381388,26.21390801,"26.21390801, 50.59381388"
496.0,AKAYA RESTAURANT,مطعم اكايا,RESTAURANTS,مطاعم,JAPANESE RESTAURANTS,مطاعم يابانية,338.0,CAPITAL,العاصمة,50.59473356,26.21196895,"26.21196895, 50.59473356"
497.0,AL ANDALUS LOUNGE CAFE,مقهى صالة الأندلس,RESTAURANTS,مطاعم,COFFEE SHOPS,مقاهي,338.0,CAPITAL,العاصمة,50.59448928,26.21480819,"26.21480819, 50.59448928"
498.0,AL WAHA RESTAURANT,مطعم الواحة,RESTAURANTS,مطاعم,INTERNATIONAL RESTAURANTS,مطاعم عالمية,338.0,CAPITAL,العاصمة,50.59540167,26.21550727,"26.21550727, 50.59540167"
499.0,ANTIQUES RESTAURANT,مطعم آنتيكس,RESTAURANTS,مطاعم,OTHER RESTAURANTS,مطاعم أخرى,338.0,CAPITAL,العاصمة,50.59573861,26.21246027,"26.21246027, 50.59573861"
500.0,ASHAS RESTAURANT,مطعم أشاس,RESTAURANTS,مطاعم,INDIAN RESTAURANTS,مطاعم هندية,338.0,CAPITAL,العاصمة,50.59591923,26.21304211,"26.21304211, 50.59591923"
501.0,BALACONA RESTAURANT,مطعم بلكونه,RESTAURANTS,مطاعم,INTERNATIONAL RESTAURANTS,مطاعم عالمية,338.0,CAPITAL,العاصمة,50.59640221,26.21300828,"26.21300828, 50.59640221"
502.0,BANGLORE RESTAURANT AND CAFE,مطعم ومقهى بانغلور,RESTAURANTS,مطاعم,OTHER RESTAURANTS,مطاعم أخرى,338.0,CAPITAL,العاصمة,50.59498334,26.21209867,"26.21209867, 50.59498334"
503.0,BEEFKO GROUP RESTAURANT,مطعم مجموعة بيفكو,RESTAURANTS,مطاعم,OTHER RESTAURANTS,مطاعم أخرى,338.0,CAPITAL,العاصمة,50.59215546,26.21463139,"26.21463139, 50.59215546"
504.0,BIG TEXAS BARBECUE AND STEAKHOUSE RESTAURANT,مطعم بيج تكساس باربيكيو أند ستيك هاوس,RESTAURANTS,مطاعم,AMERICAN RESTAURANTS,مطاعم أمريكية,338.0,CAPITAL,العاصمة,50.59447384,26.21315263,"26.21315263, 50.59447384"
505.0,BLACK TRUFFLES RESTAURANT,مطعم بلاك ترافل,RESTAURANTS,مطاعم,OTHER RESTAURANTS,مطاعم أخرى,338.0,CAPITAL,العاصمة,50.5966778,26.2130956,"26.2130956, 50.5966778"
506.0,BLUE RESTAURANT,مطعم بلو,RESTAURANTS,مطاعم,OTHER RESTAURANTS,مطاعم أخرى,338.0,CAPITAL,العاصمة,50.59443728,26.21386273,"26.21386273, 50.59443728"
507.0,BOSSA NOVA RESTAURANT AND LOUNGE,مطعم بوسا نوفا,RESTAURANTS,مطاعم,INTERNATIONAL RESTAURANTS,مطاعم عالمية,338.0,CAPITAL,العاصمة,50.59480148,26.21207151,"26.21207151, 50.59480148"
508.0,BOTANICA RESTAURANT,مطعم بوتانيكا,RESTAURANTS,مطاعم,OTHER RESTAURANTS,مطاعم أخرى,338.0,CAPITAL,العاصمة,50.59303813,26.21353992,"26.21353992, 50.59303813"
509.0,BOULEVARD RESTAURANT,مطعم بوليفارد,RESTAURANTS,مطاعم,AMERICAN RESTAURANTS,مطاعم أمريكية,338.0,CAPITAL,العاصمة,50.59555273,26.2128265,"26.2128265, 50.59555273"
510.0,BUFFALO WINGS AND RINGS RESTAURANT,مطعم بوفالو وينغز اند رينغز,RESTAURANTS,مطاعم,AMERICAN RESTAURANTS,مطاعم أمريكية,338.0,CAPITAL,العاصمة,50.59370083,26.21336859,"26.21336859, 50.59370083"
511.0,CAFE ITALIA,كافيه إيطاليا,RESTAURANTS,مطاعم,ITALIAN RESTAURANTS,مطاعم إيطالية,338.0,CAPITAL,العاصمة,50.5923915,26.21273994,"26.21273994, 50.5923915"
512.0,CAFETERIA AWTAD,كافتيريا أوتاد,RESTAURANTS,مطاعم,OTHER RESTAURANTS,مطاعم أخرى,338.0,CAPITAL,العاصمة,50.59106984,26.21469943,"26.21469943, 50.59106984"
513.0,CAMELOT RESTAURANT,مطعم كاميلوت,RESTAURANTS,مطاعم,EUROPEAN RESTAURANTS,مطاعم أوروبية,338.0,CAPITAL,العاصمة,50.59203749,26.21262259,"26.21262259, 50.59203749"
514.0,CATEGNA TOURIST RESTAURANT,مطعم كاتينا السياحي,RESTAURANTS,مطاعم,INTERNATIONAL RESTAURANTS,مطاعم عالمية,338.0,CAPITAL,العاصمة,50.59530766,26.21214256,"26.21214256, 50.59530766"
515.0,CENTURY INTERNATIONAL RESTAURANT,مطعم سنشري إنترناشيونال,RESTAURANTS,مطاعم,INDIAN RESTAURANTS,مطاعم هندية,338.0,CAPITAL,العاصمة,50.59156558,26.21517794,"26.21517794, 50.59156558"
516.0,CHAPTER ONE RESTAURANT AND CAFE,مطعم ومقهى شابتر وان,RESTAURANTS,مطاعم,INDIAN RESTAURANTS,مطاعم هندية,338.0,CAPITAL,العاصمة,50.59241928,26.21313348,"26.21313348, 50.59241928"
517.0,CHONG CHAN TING CHINESE RESTAURANT,مطعم تشونغ تشان تينغ الصيني,RESTAURANTS,مطاعم,CHINESE RESTAURANTS,مطاعم صينية,338.0,CAPITAL,العاصمة,50.59108642,26.21399383,"26.21399383, 50.59108642"
518.0,CLOUD LOUNGE RESTAURANT,مطعم كلاود لاونج,RESTAURANTS,مطاعم,OTHER RESTAURANTS,مطاعم أخرى,338.0,CAPITAL,العاصمة,50.59234666,26.21262775,"26.21262775, 50.59234666"
519.0,COCOS RESTAURANT,مطعم كوكوز,RESTAURANTS,مطاعم,COFFEE SHOPS,مقاهي,338.0,CAPITAL,العاصمة,50.59304239,26.21447079,"26.21447079, 50.59304239"
520.0,CODE 338 CAFE,كافيه كود 338,RESTAURANTS,مطاعم,COFFEE SHOPS,مقاهي,338.0,CAPITAL,العاصمة,50.59230174,26.21460744,"26.21460744, 50.59230174"
521.0,CORK AND BOTTLE RESTAURANT,مطعم كورك آند بوتل,RESTAURANTS,مطاعم,OTHER RESTAURANTS,مطاعم أخرى,338.0,CAPITAL,العاصمة,50.59231075,26.21301753,"26.21301753, 50.59231075"
522.0,CRICKETERS RESTAURANT AND LOUNGE,مطعم كريكيت لاونج,RESTAURANTS,مطاعم,EUROPEAN RESTAURANTS,مطاعم أوروبية,338.0,CAPITAL,العاصمة,50.59557869,26.21325377,"26.21325377, 50.59557869"
523.0,DAR FLORENCE RESTAURANT,مطعم دار فلورنسا,RESTAURANTS,مطاعم,INTERNATIONAL RESTAURANTS,مطاعم عالمية,338.0,CAPITAL,العاصمة,50.59348686,26.2135144,"26.2135144, 50.59348686"
524.0,ESCOBAR RESTAURANT,مطعم إيسكوبار,RESTAURANTS,مطاعم,OTHER RESTAURANTS,مطاعم أخرى,338.0,CAPITAL,العاصمة,50.59327337,26.21329332,"26.21329332, 50.59327337"
525.0,FATTO RESTAURANT,مطعم فاتو,RESTAURANTS,مطاعم,ITALIAN RESTAURANTS,مطاعم إيطالية,338.0,CAPITAL,العاصمة,50.59318672,26.21414425,"26.21414425, 50.59318672"
526.0,FUSIONS,فيوجن,RESTAURANTS,مطاعم,INTERNATIONAL RESTAURANTS,مطاعم عالمية,338.0,CAPITAL,العاصمة,50.59546554,26.21518726,"26.21518726, 50.59546554"
527.0,GALLERY 21 RESTAURANT,مطعم جاليري 21,RESTAURANTS,مطاعم,OTHER RESTAURANTS,مطاعم أخرى,338.0,CAPITAL,العاصمة,50.59562027,26.21345997,"26.21345997, 50.59562027"
528.0,GUNAYDIN RESTAURANT,مطعم جونايدين,RESTAURANTS,مطاعم,TURKISH RESTAURANTS,مطاعم تركية,338.0,CAPITAL,العاصمة,50.59411717,26.213902,"26.213902, 50.59411717"
529.0,HAIFA CAFETERIA,كافتيريا حيفا,RESTAURANTS,مطاعم,OTHER RESTAURANTS,مطاعم أخرى,338.0,CAPITAL,العاصمة,50.59085927,26.21481106,"26.21481106, 50.59085927"
530.0,HASH HOUSE RESTAURANT,مطعم هاش هاوس,RESTAURANTS,مطاعم,THAI RESTAURANTS,مطاعم تايلندية,338.0,CAPITAL,العاصمة,50.5928883,26.21464216,"26.21464216, 50.5928883"
531.0,HOL N ONE,هول إن ون,RESTAURANTS,مطاعم,COFFEE SHOPS,مقاهي,338.0,CAPITAL,العاصمة,50.59563931,26.20758886,"26.20758886, 50.59563931"
532.0,HOWDY RESTAURANT,مطعم هودي,RESTAURANTS,مطاعم,MEXICAN RESTAURANTS,مطاعم مكسيكية,338.0,CAPITAL,العاصمة,50.59457391,26.21331775,"26.21331775, 50.59457391"
533.0,IRIS RESTAURANT,مطعم إيريس,RESTAURANTS,مطاعم,INTERNATIONAL RESTAURANTS,مطاعم عالمية,338.0,CAPITAL,العاصمة,50.59443492,26.2116793,"26.2116793, 50.59443492"
534.0,IRISH VILLAGE RESTAURANT,مطعم القرية الأيرلندية,RESTAURANTS,مطاعم,IRISH RESTAURANTS,مطاعم أيرلندية,338.0,CAPITAL,العاصمة,50.59224795,26.21231674,"26.21231674, 50.59224795"
535.0,JAN BURGER,جان برجر,RESTAURANTS,مطاعم,FAST FOOD RESTAURANTS,وجبات سريعة,338.0,CAPITAL,العاصمة,50.59107629,26.21468313,"26.21468313, 50.59107629"
536.0,JIM'S RESTAURANT,مطعم جيمس,RESTAURANTS,مطاعم,EUROPEAN RESTAURANTS,مطاعم أوروبية,338.0,CAPITAL,العاصمة,50.59187261,26.21481662,"26.21481662, 50.59187261"
537.0,JJS IRISH RESTAURANT,مطعم جي جيز الأيرلندي,RESTAURANTS,مطاعم,IRISH RESTAURANTS,مطاعم أيرلندية,338.0,CAPITAL,العاصمة,50.59197042,26.21215828,"26.21215828, 50.59197042"
538.0,KULLARS RESTAURANT,مطعم كولارز,RESTAURANTS,مطاعم,INDIAN RESTAURANTS,مطاعم هندية,338.0,CAPITAL,العاصمة,50.5934088,26.21363444,"26.21363444, 50.5934088"
539.0,KYRO LOUNGE RESTAURANT,مطعم كايرو لاونج,RESTAURANTS,مطاعم,OTHER RESTAURANTS,مطاعم أخرى,338.0,CAPITAL,العاصمة,50.59681962,26.21344312,"26.21344312, 50.59681962"
540.0,LA PERGOLA RESTAURANT,مطعم لا برجولا,RESTAURANTS,مطاعم,ITALIAN RESTAURANTS,مطاعم إيطالية,338.0,CAPITAL,العاصمة,50.59567989,26.21530771,"26.21530771, 50.59567989"
541.0,LANTERNS RESTAURANT,مطعم لانترنز,RESTAURANTS,مطاعم,OTHER RESTAURANTS,مطاعم أخرى,338.0,CAPITAL,العاصمة,50.59289607,26.21320102,"26.21320102, 50.59289607"
542.0,LAYALI FAIROUZ RESTAURANT& CAFE,مطعم ليالي فيروز,RESTAURANTS,مطاعم,LEBANESE RESTAURANTS,مطاعم لبنانية,338.0,CAPITAL,العاصمة,50.59343929,26.21266322,"26.21266322, 50.59343929"
543.0,LILOU ARTISAN PATISSERIE,حلويات ليلو ارتيزان,RESTAURANTS,مطاعم,COFFEE SHOPS,مقاهي,338.0,CAPITAL,العاصمة,50.59096173,26.21424313,"26.21424313, 50.59096173"
544.0,LINKS 338 RESTAURANT,مطعم لنكس 338,RESTAURANTS,مطاعم,OTHER RESTAURANTS,مطاعم أخرى,338.0,CAPITAL,العاصمة,50.59519798,26.21252541,"26.21252541, 50.59519798"
545.0,LORTO RESTAURANT,مطعم لورتو,RESTAURANTS,مطاعم,ITALIAN RESTAURANTS,مطاعم إيطالية,338.0,CAPITAL,العاصمة,50.59446071,26.21388602,"26.21388602, 50.59446071"
546.0,LOUD TAO RESTAURANT,مطعم لاود تاو,RESTAURANTS,مطاعم,JAPANESE RESTAURANTS,مطاعم يابانية,338.0,CAPITAL,العاصمة,50.59681328,26.21297557,"26.21297557, 50.59681328"
547.0,MAHONIA RESTAURANT,مطعم ماهونيا,RESTAURANTS,مطاعم,INTERNATIONAL RESTAURANTS,مطاعم عالمية,338.0,CAPITAL,العاصمة,50.59445694,26.21173265,"26.21173265, 50.59445694"
548.0,MAKE A WISH 11.11 RESTAURANT,مطعم 11.11 ميك أ وش,RESTAURANTS,مطاعم,INTERNATIONAL RESTAURANTS,مطاعم عالمية,338.0,CAPITAL,العاصمة,50.59331743,26.21387705,"26.21387705, 50.59331743"
549.0,MASSO RESTAURANT,مطعم ماسو,RESTAURANTS,مطاعم,ITALIAN RESTAURANTS,مطاعم إيطالية,338.0,CAPITAL,العاصمة,50.59594745,26.20770859,"26.20770859, 50.59594745"
550.0,MCGETTIGANS RESTAURANT,مطعم ماكجيتيجانز,RESTAURANTS,مطاعم,IRISH RESTAURANTS,مطاعم أيرلندية,338.0,CAPITAL,العاصمة,50.59472015,26.21403586,"26.21403586, 50.59472015"
551.0,MEISEI RESTAURANT,مطعم ميسي,RESTAURANTS,مطاعم,JAPANESE RESTAURANTS,مطاعم يابانية,338.0,CAPITAL,العاصمة,50.59424363,26.21198124,"26.21198124, 50.59424363"
552.0,MI CASA RESTAURANT,مطعم مي كاسا,RESTAURANTS,مطاعم,MEXICAN RESTAURANTS,مطاعم مكسيكية,338.0,CAPITAL,العاصمة,50.59538186,26.21232526,"26.21232526, 50.59538186"
553.0,MIRAI RESTAURANT,مطعم ميراي,RESTAURANTS,مطاعم,JAPANESE RESTAURANTS,مطاعم يابانية,338.0,CAPITAL,العاصمة,50.59268298,26.21482975,"26.21482975, 50.59268298"
554.0,MONSOON RESTAURANT,مطعم مونسون,RESTAURANTS,مطاعم,JAPANESE RESTAURANTS,مطاعم يابانية,338.0,CAPITAL,العاصمة,50.59189874,26.21363796,"26.21363796, 50.59189874"
555.0,MONTE ROSA BAHRAIN RUSTURANT,مطعم مونتي روزا البحرين,RESTAURANTS,مطاعم,EUROPEAN RESTAURANTS,مطاعم أوروبية,338.0,CAPITAL,العاصمة,50.59448237,26.21267868,"26.21267868, 50.59448237"
556.0,MOON STAR RESTAURANT,مطعم نجمة القمر,RESTAURANTS,مطاعم,INDIAN RESTAURANTS,مطاعم هندية,338.0,CAPITAL,العاصمة,50.59556834,26.21235608,"26.21235608, 50.59556834"
557.0,MOOSCO RESTAURANT,مطعم موسكو,RESTAURANTS,مطاعم,OTHER RESTAURANTS,مطاعم أخرى,338.0,CAPITAL,العاصمة,50.59108986,26.21464878,"26.21464878, 50.59108986"
558.0,MUBASHIR GOLD CAFETERIA,كافتيريا مباشر جولد,RESTAURANTS,مطاعم,OTHER RESTAURANTS,مطاعم أخرى,338.0,CAPITAL,العاصمة,50.59046243,26.21481063,"26.21481063, 50.59046243"
559.0,MUSIC HALL LOUNGE AND RESTAURANT,مطعم لاونج ميوزك هول,RESTAURANTS,مطاعم,OTHER RESTAURANTS,مطاعم أخرى,338.0,CAPITAL,العاصمة,50.59201209,26.2128399,"26.2128399, 50.59201209"
560.0,MY CAFE RESTAURANT,مطعم ماي كافيه,RESTAURANTS,مطاعم,INTERNATIONAL RESTAURANTS,مطاعم عالمية,338.0,CAPITAL,العاصمة,50.59448298,26.21165398,"26.21165398, 50.59448298"
561.0,NOOK KITCHENBAR RESTAURANT,مطعم نوك كيتشنبار,RESTAURANTS,مطاعم,OTHER RESTAURANTS,مطاعم أخرى,338.0,CAPITAL,العاصمة,50.5930676,26.21293495,"26.21293495, 50.5930676"
562.0,O LIBAN RESTAURANT,مطعم أو ليبان,RESTAURANTS,مطاعم,LEBANESE RESTAURANTS,مطاعم لبنانية,338.0,CAPITAL,العاصمة,50.59681864,26.21280501,"26.21280501, 50.59681864"
563.0,OLIVETO,اوليفيتو,RESTAURANTS,مطاعم,ITALIAN RESTAURANTS,مطاعم إيطالية,338.0,CAPITAL,العاصمة,50.59324613,26.21076821,"26.21076821, 50.59324613"
564.0,RABWAT ALSHAM RESTAURANT,مطعم ربوة الشام,RESTAURANTS,مطاعم,ARABIC RESTAURANTS,مطاعم عربية,338.0,CAPITAL,العاصمة,50.59089729,26.21481896,"26.21481896, 50.59089729"
565.0,RICCO RESTAURANT,مطعم ريكو,RESTAURANTS,مطاعم,ITALIAN RESTAURANTS,مطاعم إيطالية,338.0,CAPITAL,العاصمة,50.59358297,26.21337065,"26.21337065, 50.59358297"
566.0,ROCHE RESTAURANT AND CAFE,مطعم ومقهى روشيه,RESTAURANTS,مطاعم,OTHER RESTAURANTS,مطاعم أخرى,338.0,CAPITAL,العاصمة,50.59317292,26.21395788,"26.21395788, 50.59317292"
567.0,ROYAL THAI,الملكية التايلاندية,RESTAURANTS,مطاعم,THAI RESTAURANTS,مطاعم تايلندية,338.0,CAPITAL,العاصمة,50.59448928,26.21480819,"26.21480819, 50.59448928"
568.0,RT BLOCK RESTAURANT AND LOUNGE,مطعم آر تي بلوك,RESTAURANTS,مطاعم,OTHER RESTAURANTS,مطاعم أخرى,338.0,CAPITAL,العاصمة,50.59580305,26.21257827,"26.21257827, 50.59580305"
569.0,SANTORINI RESTAURANT,مطعم سانتوريني,RESTAURANTS,مطاعم,EUROPEAN RESTAURANTS,مطاعم أوروبية,338.0,CAPITAL,العاصمة,50.59504656,26.2121571,"26.2121571, 50.59504656"
570.0,SATAL RESTAURANT,مطعم سطل,RESTAURANTS,مطاعم,SEAFOOD RESTAURANTS,مأكولات بحرية,338.0,CAPITAL,العاصمة,50.59384634,26.21341439,"26.21341439, 50.59384634"
571.0,SATO,ساتو,RESTAURANTS,مطاعم,JAPANESE RESTAURANTS,مطاعم يابانية,338.0,CAPITAL,العاصمة,50.59448928,26.21480819,"26.21480819, 50.59448928"
572.0,SHABU SHABU AND GRILL BUFFET RESTAURANT,مطعم شابو شابو بوفيه ومشويات,RESTAURANTS,مطاعم,CHINESE RESTAURANTS,مطاعم صينية,338.0,CAPITAL,العاصمة,50.59089415,26.2138812,"26.2138812, 50.59089415"
573.0,SLIDER STATION RESTAURANT,مطعم سلايدر ستيشن,RESTAURANTS,مطاعم,AMERICAN RESTAURANTS,مطاعم أمريكية,338.0,CAPITAL,العاصمة,50.59324596,26.21405483,"26.21405483, 50.59324596"
574.0,STARBUCKS,ستاربكس,RESTAURANTS,مطاعم,COFFEE SHOPS,مقاهي,338.0,CAPITAL,العاصمة,50.59378584,26.21397602,"26.21397602, 50.59378584"
575.0,TAKHT JAMSHEED RESTAURANT,مطعم تخت جمشيد,RESTAURANTS,مطاعم,IRANIAN RESTAURANTS,مطاعم إيرانية,338.0,CAPITAL,العاصمة,50.5956847,26.21533029,"26.21533029, 50.5956847"
576.0,TAMBURU RESTAURANT,مطعم تمبورا,RESTAURANTS,مطاعم,INDIAN RESTAURANTS,مطاعم هندية,338.0,CAPITAL,العاصمة,50.59043765,26.2147194,"26.2147194, 50.59043765"
577.0,TANGO 338 RESTAURANT,مطعم تانجو 338,RESTAURANTS,مطاعم,ARABIC RESTAURANTS,مطاعم عربية,338.0,CAPITAL,العاصمة,50.59587706,26.21307923,"26.21307923, 50.59587706"
578.0,THAILAND RESTAURANT,مطعم تايلاند,RESTAURANTS,مطاعم,OTHER RESTAURANTS,مطاعم أخرى,338.0,CAPITAL,العاصمة,50.59222914,26.21480939,"26.21480939, 50.59222914"
579.0,THE FOUNDRY RESTAURANT,مطعم ذا فاوندري,RESTAURANTS,مطاعم,FRENCH RESTAURANTS,مطاعم فرنسية,338.0,CAPITAL,العاصمة,50.59475519,26.21179395,"26.21179395, 50.59475519"
580.0,THE ICON RESTAURANT AND LOUNG,مطعم ذى أيكون لاونج,RESTAURANTS,مطاعم,INTERNATIONAL RESTAURANTS,مطاعم عالمية,338.0,CAPITAL,العاصمة,50.59441925,26.21195817,"26.21195817, 50.59441925"
581.0,THE MEAT CO RESTAURANT,مطعم ذا ميت كو,RESTAURANTS,مطاعم,OTHER RESTAURANTS,مطاعم أخرى,338.0,CAPITAL,العاصمة,50.59217241,26.21506002,"26.21506002, 50.59217241"
582.0,TORINO STEAK HOUSE RESTAURANT,مطعم تورينو ستيك هاوس,RESTAURANTS,مطاعم,INTERNATIONAL RESTAURANTS,مطاعم عالمية,338.0,CAPITAL,العاصمة,50.594355,26.21225805,"26.21225805, 50.594355"
583.0,TRIOS RESTAURANT,مطعم تريوس,RESTAURANTS,مطاعم,INTERNATIONAL RESTAURANTS,مطاعم عالمية,338.0,CAPITAL,العاصمة,50.59681217,26.21329808,"26.21329808, 50.59681217"
584.0,UPSTAIRS DOWNSTAIRS,اب ستيرز داون ستيرز,RESTAURANTS,مطاعم,EUROPEAN RESTAURANTS,مطاعم أوروبية,338.0,CAPITAL,العاصمة,50.59206393,26.21287914,"26.21287914, 50.59206393"
585.0,VINS RESTAURANT,مطعم فينز,RESTAURANTS,مطاعم,EUROPEAN RESTAURANTS,مطاعم أوروبية,338.0,CAPITAL,العاصمة,50.59177854,26.213129,"26.213129, 50.59177854"
586.0,VOLTO RESTAURANT AND LOUNGE,مطعم وصالة فولتو,RESTAURANTS,مطاعم,OTHER RESTAURANTS,مطاعم أخرى,338.0,CAPITAL,العاصمة,50.59111863,26.21342311,"26.21342311, 50.59111863"
587.0,WADI AL SARRAJ SANDWICHES,سندويشات وادي السراج,RESTAURANTS,مطاعم,ARABIC RESTAURANTS,مطاعم عربية,338.0,CAPITAL,العاصمة,50.59103071,26.21483235,"26.21483235, 50.59103071"
588.0,ZAHLAWIYA RESTAURANT,مطعم الزحلاوي,RESTAURANTS,مطاعم,LEBANESE RESTAURANTS,مطاعم لبنانية,338.0,CAPITAL,العاصمة,50.59077189,26.21479761,"26.21479761, 50.59077189"
589.0,ZAHLE RESTAURANT,مطعم زحلة,RESTAURANTS,مطاعم,LEBANESE RESTAURANTS,مطاعم لبنانية,338.0,CAPITAL,العاصمة,50.59567989,26.21530771,"26.21530771, 50.59567989"
590.0,AHAL AL MAʻAMEER RESTAURANT,مطعم أهل المعامير,RESTAURANTS,مطاعم,OTHER RESTAURANTS,مطاعم أخرى,339.0,CAPITAL,العاصمة,50.59965319,26.20394399,"26.20394399, 50.59965319"
591.0,AL ARISHA LEBANESE RESTAURANT,مطعم العريشة,RESTAURANTS,مطاعم,LEBANESE RESTAURANTS,مطاعم لبنانية,339.0,CAPITAL,العاصمة,50.59805466,26.205281,"26.205281, 50.59805466"
592.0,AL FRAENAH COFFEE SHOP CORNER,مقهى ركن الفراعنة,RESTAURANTS,مطاعم,COFFEE SHOPS,مقاهي,339.0,CAPITAL,العاصمة,50.59633546,26.20531449,"26.20531449, 50.59633546"
593.0,CAPTAIN CAFE,كابتن كافيه,RESTAURANTS,مطاعم,COFFEE SHOPS,مقاهي,339.0,CAPITAL,العاصمة,50.59654642,26.20571547,"26.20571547, 50.59654642"
594.0,CHARCOAL GRILL,مطعم مشويات بالفحم,RESTAURANTS,مطاعم,INTERNATIONAL RESTAURANTS,مطاعم عالمية,339.0,CAPITAL,العاصمة,50.59670015,26.20482684,"26.20482684, 50.59670015"
595.0,COPPER CHIMNEY RESTAURANT,مطعم كوبر شمني,RESTAURANTS,مطاعم,INDIAN RESTAURANTS,مطاعم هندية,339.0,CAPITAL,العاصمة,50.59761237,26.20241791,"26.20241791, 50.59761237"
596.0,HONG KONG,هونج كونج,RESTAURANTS,مطاعم,CHINESE RESTAURANTS,مطاعم صينية,339.0,CAPITAL,العاصمة,50.59692746,26.20398623,"26.20398623, 50.59692746"
597.0,IMPERIAL RESTAURANT,المطعم الملكي,RESTAURANTS,مطاعم,INTERNATIONAL RESTAURANTS,مطاعم عالمية,339.0,CAPITAL,العاصمة,50.59701294,26.20492162,"26.20492162, 50.59701294"
598.0,PIZZA MARGHERITA,بيتزا مارجريتا,RESTAURANTS,مطاعم,PIZZA,بيتزا,339.0,CAPITAL,العاصمة,50.59618577,26.20550602,"26.20550602, 50.59618577"
599.0,ROMA RESTAURANT,مطعم روما,RESTAURANTS,مطاعم,ITALIAN RESTAURANTS,مطاعم إيطالية,339.0,CAPITAL,العاصمة,50.59973858,26.20445136,"26.20445136, 50.59973858"
600.0,SAHAR RESTAURANT,مطعم سحر,RESTAURANTS,مطاعم,OTHER RESTAURANTS,مطاعم أخرى,339.0,CAPITAL,العاصمة,50.59678868,26.20442055,"26.20442055, 50.59678868"
601.0,STYLE CAFE RESTAURANT,مطعم ستايل كافيه,RESTAURANTS,مطاعم,COFFEE SHOPS,مقاهي,339.0,CAPITAL,العاصمة,50.59703851,26.20591188,"26.20591188, 50.59703851"
602.0,ALEXANDRA SAUSAGE HOUSE RESTAURANT,مطعم الكسندرا بيت سجق,RESTAURANTS,مطاعم,FAST FOOD RESTAURANTS,وجبات سريعة,340.0,CAPITAL,العاصمة,50.60051473,26.21380268,"26.21380268, 50.60051473"
603.0,BURGER LAND,برجر لاند,RESTAURANTS,مطاعم,ARABIC RESTAURANTS,مطاعم عربية,340.0,CAPITAL,العاصمة,50.60273037,26.21577704,"26.21577704, 50.60273037"
604.0,DONER MASTER RESTAURANT,مطعم دونر ماستر,RESTAURANTS,مطاعم,INTERNATIONAL RESTAURANTS,مطاعم عالمية,340.0,CAPITAL,العاصمة,50.60051211,26.21363784,"26.21363784, 50.60051211"
605.0,FRANKS A LOT RESTAURANT,مطعم فرانكس ألوت,RESTAURANTS,مطاعم,MEXICAN RESTAURANTS,مطاعم مكسيكية,340.0,CAPITAL,العاصمة,50.60051522,26.21396872,"26.21396872, 50.60051522"
606.0,KABUKI RESTAURANT,مطعم كابوكي,RESTAURANTS,مطاعم,JAPANESE RESTAURANTS,مطاعم يابانية,340.0,CAPITAL,العاصمة,50.60568483,26.21097192,"26.21097192, 50.60568483"
607.0,KONYALI AHMET USTA RESTAURANT,مطعم كونيالي أحمد أوستا,RESTAURANTS,مطاعم,TURKISH RESTAURANTS,مطاعم تركية,340.0,CAPITAL,العاصمة,50.60258328,26.21583231,"26.21583231, 50.60258328"
608.0,KRISPY KREME DONUT,كرسبي كريم دونت,RESTAURANTS,مطاعم,COFFEE SHOPS,مقاهي,340.0,CAPITAL,العاصمة,50.60195212,26.21551708,"26.21551708, 50.60195212"
609.0,RICS KOUNTRY KITCHEN,مطبخ رك كونتري,RESTAURANTS,مطاعم,AMERICAN RESTAURANTS,مطاعم أمريكية,340.0,CAPITAL,العاصمة,50.60052116,26.2147145,"26.2147145, 50.60052116"
610.0,SHAKLAN RESTAURANT,مطعم شكلان,RESTAURANTS,مطاعم,SEAFOOD RESTAURANTS,مأكولات بحرية,340.0,CAPITAL,العاصمة,50.60289946,26.21159898,"26.21159898, 50.60289946"
611.0,T.G.I. FRIDAYS RESTAURANT,مطعم تي جي أي فرايديز,RESTAURANTS,مطاعم,AMERICAN RESTAURANTS,مطاعم أمريكية,340.0,CAPITAL,العاصمة,50.60181328,26.21551898,"26.21551898, 50.60181328"
612.0,THE COFFE BEAN,ذي كوفي بين,RESTAURANTS,مطاعم,COFFEE SHOPS,مقاهي,340.0,CAPITAL,العاصمة,50.60198129,26.21511153,"26.21511153, 50.60198129"
613.0,WRANGLER,رانجلر,RESTAURANTS,مطاعم,MEXICAN RESTAURANTS,مطاعم مكسيكية,340.0,CAPITAL,العاصمة,50.60565371,26.2124642,"26.2124642, 50.60565371"
614.0,ABBY SHAWAYA LOLOS KITCHENS,مطعم ابي شواية,RESTAURANTS,مطاعم,ARABIC RESTAURANTS,مطاعم عربية,341.0,CAPITAL,العاصمة,50.60977022,26.21071628,"26.21071628, 50.60977022"
615.0,ABU ALFALAFIL SANDWICHES,سندويشات أبو الفلافل,RESTAURANTS,مطاعم,ARABIC RESTAURANTS,مطاعم عربية,341.0,CAPITAL,العاصمة,50.6018349,26.20945062,"26.20945062, 50.6018349"
616.0,AL JAZEERAH PALACE RESTAURANT,مطعم قصر الجزيرة,RESTAURANTS,مطاعم,OTHER RESTAURANTS,مطاعم أخرى,341.0,CAPITAL,العاصمة,50.60198118,26.21162861,"26.21162861, 50.60198118"
617.0,AL JUFFAIR RESTAURANT,مطعم الجفير,RESTAURANTS,مطاعم,ARABIC RESTAURANTS,مطاعم عربية,341.0,CAPITAL,العاصمة,50.60074409,26.21165749,"26.21165749, 50.60074409"
618.0,AL SHABAB RESTAURANT,مطعم الشباب,RESTAURANTS,مطاعم,OTHER RESTAURANTS,مطاعم أخرى,341.0,CAPITAL,العاصمة,50.60213717,26.21156553,"26.21156553, 50.60213717"
619.0,AL SUFRAH AL HINDIYAH RESTAURANT,مطعم السفرة الهندية,RESTAURANTS,مطاعم,OTHER RESTAURANTS,مطاعم أخرى,341.0,CAPITAL,العاصمة,50.60207294,26.20963455,"26.20963455, 50.60207294"
620.0,ALBAIK RESTAURANT,مطعم البيك,RESTAURANTS,مطاعم,FAST FOOD RESTAURANTS,وجبات سريعة,341.0,CAPITAL,العاصمة,50.59824894,26.21568141,"26.21568141, 50.59824894"
621.0,ANWAR GARDENIA CAFETERIA,كافتيريا انوار جاردينيا,RESTAURANTS,مطاعم,OTHER RESTAURANTS,مطاعم أخرى,341.0,CAPITAL,العاصمة,50.60174777,26.21167722,"26.21167722, 50.60174777"
622.0,CARIBOU COFFEE,مقهى كاريبو,RESTAURANTS,مطاعم,COFFEE SHOPS,مقاهي,341.0,CAPITAL,العاصمة,50.60783545,26.2107332,"26.2107332, 50.60783545"
623.0,CHARCOAL GOURMET BURGER SNACK,مشويات جورميت برجر سناك,RESTAURANTS,مطاعم,FAST FOOD RESTAURANTS,وجبات سريعة,341.0,CAPITAL,العاصمة,50.602053,26.20950139,"26.20950139, 50.602053"
624.0,CHKN RESTAURANT,مطعم شكن,RESTAURANTS,مطاعم,FAST FOOD RESTAURANTS,وجبات سريعة,341.0,CAPITAL,العاصمة,50.60986191,26.21072004,"26.21072004, 50.60986191"
625.0,DOMINO'S PIZZA,دومينوز بيتزا,RESTAURANTS,مطاعم,PIZZA,بيتزا,341.0,CAPITAL,العاصمة,50.60430538,26.20932288,"26.20932288, 50.60430538"
626.0,FIVE GUYS RESTAURANT,مطعم فايف قايز,RESTAURANTS,مطاعم,FAST FOOD RESTAURANTS,وجبات سريعة,341.0,CAPITAL,العاصمة,50.60797206,26.21075606,"26.21075606, 50.60797206"
627.0,FRANCESCO PIZZA CAFE,فرانشيسكو بيتزا كافيه,RESTAURANTS,مطاعم,ITALIAN RESTAURANTS,مطاعم إيطالية,341.0,CAPITAL,العاصمة,50.60801338,26.21075578,"26.21075578, 50.60801338"
628.0,FUDDRUCKERS RESTAURANT,مطعم فودركرز,RESTAURANTS,مطاعم,AMERICAN RESTAURANTS,مطاعم أمريكية,341.0,CAPITAL,العاصمة,50.60774952,26.2107281,"26.2107281, 50.60774952"
629.0,GEORGIA RESTAURANT,مطعم جورجيا,RESTAURANTS,مطاعم,CHINESE RESTAURANTS,مطاعم صينية,341.0,CAPITAL,العاصمة,50.60460443,26.20931782,"26.20931782, 50.60460443"
630.0,GULF SEA STAR RESTAURANT,مطعم نجمة بحر الخليج,RESTAURANTS,مطاعم,OTHER RESTAURANTS,مطاعم أخرى,341.0,CAPITAL,العاصمة,50.60186474,26.20945751,"26.20945751, 50.60186474"
631.0,HARDEES,هارديز,RESTAURANTS,مطاعم,FAST FOOD RESTAURANTS,وجبات سريعة,341.0,CAPITAL,العاصمة,50.60923837,26.21073552,"26.21073552, 50.60923837"
632.0,ISFAHANI RESTAURANT,مطعم أصفهاني,RESTAURANTS,مطاعم,IRANIAN RESTAURANTS,مطاعم إيرانية,341.0,CAPITAL,العاصمة,50.60805946,26.21075547,"26.21075547, 50.60805946"
633.0,JASMIS COFFEE,مقهى جسميز,RESTAURANTS,مطاعم,COFFEE SHOPS,مقاهي,341.0,CAPITAL,العاصمة,50.5998333,26.21527305,"26.21527305, 50.5998333"
634.0,KENTUCKY FRIED CHICKEN - KFC,كنتاكي,RESTAURANTS,مطاعم,FAST FOOD RESTAURANTS,وجبات سريعة,341.0,CAPITAL,العاصمة,50.60590225,26.21078377,"26.21078377, 50.60590225"
635.0,KRAB N QUE SOUL FOOD RESTAURANT,مطعم كراب ان كيو سول فود,RESTAURANTS,مطاعم,AMERICAN RESTAURANTS,مطاعم أمريكية,341.0,CAPITAL,العاصمة,50.60863748,26.21074178,"26.21074178, 50.60863748"
636.0,KULSHAN RESTAURANT,مطعم كلشان,RESTAURANTS,مطاعم,OTHER RESTAURANTS,مطاعم أخرى,341.0,CAPITAL,العاصمة,50.60161534,26.20937196,"26.20937196, 50.60161534"
637.0,LOLOS KITCHENS RESTAURANT,مطعم مطابخ لولوس,RESTAURANTS,مطاعم,OTHER RESTAURANTS,مطاعم أخرى,341.0,CAPITAL,العاصمة,50.60934208,26.21072444,"26.21072444, 50.60934208"
638.0,MANGO TALAAT FRESH JUICES AND ICE CREAM AND REFRESHMENTS,مانجو طلعت للعصائر الطازجة والأيس كريم والمرطبات,RESTAURANTS,مطاعم,ICE CREAM,أيس كريم,341.0,CAPITAL,العاصمة,50.60752316,26.21078746,"26.21078746, 50.60752316"
639.0,MASHAWI AL ABRAAJ,مشاوي الأبراج,RESTAURANTS,مطاعم,INTERNATIONAL RESTAURANTS,مطاعم عالمية,341.0,CAPITAL,العاصمة,50.60875197,26.21074029,"26.21074029, 50.60875197"
640.0,MCDONALD'S,ماكدونالدز,RESTAURANTS,مطاعم,FAST FOOD RESTAURANTS,وجبات سريعة,341.0,CAPITAL,العاصمة,50.60885989,26.21073889,"26.21073889, 50.60885989"
641.0,NANDOS RESTAURANT,مطعم ناندوز,RESTAURANTS,مطاعم,FAST FOOD RESTAURANTS,وجبات سريعة,341.0,CAPITAL,العاصمة,50.6087026,26.21074093,"26.21074093, 50.6087026"
642.0,PAPA JOHNS,بابا جونز,RESTAURANTS,مطاعم,PIZZA,بيتزا,341.0,CAPITAL,العاصمة,50.60903674,26.21073659,"26.21073659, 50.60903674"
643.0,PIZZA GALLERIA,بيتزا غاليريا,RESTAURANTS,مطاعم,PIZZA,بيتزا,341.0,CAPITAL,العاصمة,50.60189326,26.20946411,"26.20946411, 50.60189326"
644.0,PIZZA HUT,بيتزا هت,RESTAURANTS,مطاعم,PIZZA,بيتزا,341.0,CAPITAL,العاصمة,50.60376064,26.20932743,"26.20932743, 50.60376064"
645.0,SIAM SQUARE RESTAURANT,مطعم سيام سكوير,RESTAURANTS,مطاعم,THAI RESTAURANTS,مطاعم تايلندية,341.0,CAPITAL,العاصمة,50.59957073,26.21198508,"26.21198508, 50.59957073"
646.0,STARBUCKS,ستاربكس,RESTAURANTS,مطاعم,COFFEE SHOPS,مقاهي,341.0,CAPITAL,العاصمة,50.59968877,26.21539154,"26.21539154, 50.59968877"
647.0,SUB MARINE,سب مارين,RESTAURANTS,مطاعم,FAST FOOD RESTAURANTS,وجبات سريعة,341.0,CAPITAL,العاصمة,50.60449077,26.20931975,"26.20931975, 50.60449077"
648.0,TEA TIME CAFE,وقت الشاي كافيه,RESTAURANTS,مطاعم,COFFEE SHOPS,مقاهي,341.0,CAPITAL,العاصمة,50.60946709,26.21072239,"26.21072239, 50.60946709"
649.0,TEAM FALCON RESTAURANT,مطعم تيم فالكون,RESTAURANTS,مطاعم,OTHER RESTAURANTS,مطاعم أخرى,341.0,CAPITAL,العاصمة,50.59972591,26.21191146,"26.21191146, 50.59972591"
650.0,TIM HORTONS CAFE,مقهى تيم هورتونز,RESTAURANTS,مطاعم,COFFEE SHOPS,مقاهي,341.0,CAPITAL,العاصمة,50.60820932,26.21074419,"26.21074419, 50.60820932"
651.0,TURKISH GRILL RESTAURANT,مطعم مشويات تركية,RESTAURANTS,مطاعم,TURKISH RESTAURANTS,مطاعم تركية,341.0,CAPITAL,العاصمة,50.60589949,26.210634,"26.210634, 50.60589949"
652.0,WAHAT ALJUFFAIR RESTAURANT,مطعم واحة الجفير,RESTAURANTS,مطاعم,ARABIC RESTAURANTS,مطاعم عربية,341.0,CAPITAL,العاصمة,50.60112868,26.21168889,"26.21168889, 50.60112868"
653.0,FANTAZIA RESTAURANT,مطعم فانتازيا,RESTAURANTS,مطاعم,OTHER RESTAURANTS,مطاعم أخرى,342.0,CAPITAL,العاصمة,50.60132551,26.20557408,"26.20557408, 50.60132551"
654.0,DANA RESTAURANT,مطعم دانة,RESTAURANTS,مطاعم,OTHER RESTAURANTS,مطاعم أخرى,343.0,CAPITAL,العاصمة,50.60111174,26.20049157,"26.20049157, 50.60111174"
655.0,BASKIN ROBBINS,باسكن روبنز,RESTAURANTS,مطاعم,ICE CREAM,أيس كريم,345.0,CAPITAL,العاصمة,50.60765109,26.21092186,"26.21092186, 50.60765109"
656.0,CHILIS RESTAURANT,مطعم شيليز,RESTAURANTS,مطاعم,AMERICAN RESTAURANTS,مطاعم أمريكية,345.0,CAPITAL,العاصمة,50.6075691,26.21533018,"26.21533018, 50.6075691"
657.0,CINNABON,سينابون,RESTAURANTS,مطاعم,COFFEE SHOPS,مقاهي,345.0,CAPITAL,العاصمة,50.60781481,26.21501619,"26.21501619, 50.60781481"
658.0,DUNKIN DONUTS,دانكن دونتس,RESTAURANTS,مطاعم,COFFEE SHOPS,مقاهي,345.0,CAPITAL,العاصمة,50.60747634,26.21095862,"26.21095862, 50.60747634"
659.0,FAT COW GRILL,مشويات فات كاو,RESTAURANTS,مطاعم,FAST FOOD RESTAURANTS,وجبات سريعة,345.0,CAPITAL,العاصمة,50.60917425,26.21090646,"26.21090646, 50.60917425"
660.0,FISHION SEAFOOD RESTAURANT,فيشيون للمأكولات البحرية,RESTAURANTS,مطاعم,SEAFOOD RESTAURANTS,مأكولات بحرية,345.0,CAPITAL,العاصمة,50.60749899,26.21501294,"26.21501294, 50.60749899"
661.0,GRIDDLE BURGER RESTAURANT,مطعم غريدل برجر,RESTAURANTS,مطاعم,FAST FOOD RESTAURANTS,وجبات سريعة,345.0,CAPITAL,العاصمة,50.60781573,26.2151092,"26.2151092, 50.60781573"
662.0,GUYS & GRILLS RESTAURANT,مطعم جايز اند جريلز,RESTAURANTS,مطاعم,FAST FOOD RESTAURANTS,وجبات سريعة,345.0,CAPITAL,العاصمة,50.60758174,26.21501699,"26.21501699, 50.60758174"
663.0,HEALTHY CALORIE RESTAURANT,مطعم هلثي كالوري,RESTAURANTS,مطاعم,OTHER RESTAURANTS,مطاعم أخرى,345.0,CAPITAL,العاصمة,50.607704,26.21092118,"26.21092118, 50.607704"
664.0,KATANA TORII RESTAURANT,مطعم كاتانا توري,RESTAURANTS,مطاعم,JAPANESE RESTAURANTS,مطاعم يابانية,345.0,CAPITAL,العاصمة,50.60768309,26.21510585,"26.21510585, 50.60768309"
665.0,MOTI MAHAL RESTAURANT,مطعم موتي محل,RESTAURANTS,مطاعم,INDIAN RESTAURANTS,مطاعم هندية,345.0,CAPITAL,العاصمة,50.60898579,26.21097725,"26.21097725, 50.60898579"
666.0,PLATE 48 RESTAURANT,مطعم بليت 48,RESTAURANTS,مطاعم,FAST FOOD RESTAURANTS,وجبات سريعة,345.0,CAPITAL,العاصمة,50.60845752,26.21097169,"26.21097169, 50.60845752"
667.0,SHAIKH AL SHAWARMA RESTAURANT,مطعم شيخ الشاورما,RESTAURANTS,مطاعم,ARABIC RESTAURANTS,مطاعم عربية,345.0,CAPITAL,العاصمة,50.60847341,26.21097221,"26.21097221, 50.60847341"
668.0,SHAKESPEARE AND CO RESTAURANT,مطعم شكسبير اند كو,RESTAURANTS,مطاعم,ITALIAN RESTAURANTS,مطاعم إيطالية,345.0,CAPITAL,العاصمة,50.60749558,26.21510075,"26.21510075, 50.60749558"
669.0,SHAWARMA ALMUKHTAR,شاورما المختار,RESTAURANTS,مطاعم,ARABIC RESTAURANTS,مطاعم عربية,345.0,CAPITAL,العاصمة,50.60893885,26.21097539,"26.21097539, 50.60893885"
670.0,SHERRY LOUNGE RESTAURANT,مطعم شيري لاونج,RESTAURANTS,مطاعم,THAI RESTAURANTS,مطاعم تايلندية,345.0,CAPITAL,العاصمة,50.60914828,26.21090702,"26.21090702, 50.60914828"
671.0,SHRIMP NATION SEAFOOD RESTAURANT,مطعم شرمب نيشن للمأكولات البحرية,RESTAURANTS,مطاعم,SEAFOOD RESTAURANTS,مأكولات بحرية,345.0,CAPITAL,العاصمة,50.60767283,26.21531577,"26.21531577, 50.60767283"
672.0,SOOMA RESTAURANT AND CAFE,مطعم ومقهى سومة,RESTAURANTS,مطاعم,ARABIC RESTAURANTS,مطاعم عربية,345.0,CAPITAL,العاصمة,50.60781499,26.21098141,"26.21098141, 50.60781499"
673.0,STARBUCKS,ستاربكس,RESTAURANTS,مطاعم,COFFEE SHOPS,مقاهي,345.0,CAPITAL,العاصمة,50.60800952,26.21096104,"26.21096104, 50.60800952"
674.0,STARBUCKS,ستاربكس,RESTAURANTS,مطاعم,COFFEE SHOPS,مقاهي,345.0,CAPITAL,العاصمة,50.60795761,26.21518433,"26.21518433, 50.60795761"
675.0,STICKY FINGERS RESTAURANT,مطعم ستيكي فينجرز,RESTAURANTS,مطاعم,OTHER RESTAURANTS,مطاعم أخرى,345.0,CAPITAL,العاصمة,50.60855911,26.2112921,"26.2112921, 50.60855911"
676.0,SUMO SUSHI AND BENTO RESTAURANT,مطعم سومو سوشي وبينتو,RESTAURANTS,مطاعم,JAPANESE RESTAURANTS,مطاعم يابانية,345.0,CAPITAL,العاصمة,50.60824896,26.21097327,"26.21097327, 50.60824896"
677.0,TEXAS CHICKEN RESTAURANT,مطعم تكساس تشيكن,RESTAURANTS,مطاعم,AMERICAN RESTAURANTS,مطاعم أمريكية,345.0,CAPITAL,العاصمة,50.60759178,26.21092263,"26.21092263, 50.60759178"
678.0,THE DOCKYARD FISH & CHIPS RESTAURANT,مطعم ذا دوكيارد فيش اند شيبس,RESTAURANTS,مطاعم,SEAFOOD RESTAURANTS,مأكولات بحرية,345.0,CAPITAL,العاصمة,50.60796498,26.21510064,"26.21510064, 50.60796498"
679.0,TRANSNIT BAHRAIN CAFE,ترنزيت البحرين كافيه,RESTAURANTS,مطاعم,COFFEE SHOPS,مقاهي,345.0,CAPITAL,العاصمة,50.60871803,26.21128133,"26.21128133, 50.60871803"
680.0,WAZZAP DOG RESTAURANT,مطعم وازاب دوج,RESTAURANTS,مطاعم,AMERICAN RESTAURANTS,مطاعم أمريكية,345.0,CAPITAL,العاصمة,50.6083537,26.21097236,"26.21097236, 50.6083537"
681.0,ZAROOB RESTAURANT,مطعم زاروب,RESTAURANTS,مطاعم,ARABIC RESTAURANTS,مطاعم عربية,345.0,CAPITAL,العاصمة,50.60809885,26.2153137,"26.2153137, 50.60809885"
682.0,787 CAFE,كافيه 787,RESTAURANTS,مطاعم,COFFEE SHOPS,مقاهي,346.0,CAPITAL,العاصمة,50.55471816,26.2352263,"26.2352263, 50.55471816"
683.0,AGAILY AND KARAK RESTAURANT,مطعم عقيلي وكرك,RESTAURANTS,مطاعم,FAST FOOD RESTAURANTS,وجبات سريعة,346.0,CAPITAL,العاصمة,50.57860561,26.24942451,"26.24942451, 50.57860561"
684.0,AGORA COFFEE SHOP,مقهى أجورا,RESTAURANTS,مطاعم,COFFEE SHOPS,مقاهي,346.0,CAPITAL,العاصمة,50.56661733,26.23359342,"26.23359342, 50.56661733"
685.0,AL AMAR RESTAURANT,مطعم الأمار,RESTAURANTS,مطاعم,SEAFOOD RESTAURANTS,مأكولات بحرية,346.0,CAPITAL,العاصمة,50.56444876,26.23580347,"26.23580347, 50.56444876"
686.0,AL BINDAIRA CAFE,مقهى البنديرة,RESTAURANTS,مطاعم,COFFEE SHOPS,مقاهي,346.0,CAPITAL,العاصمة,50.55381576,26.23347607,"26.23347607, 50.55381576"
687.0,AL FAYEZ RESTAURANT,مطعم الفايز,RESTAURANTS,مطاعم,LEBANESE RESTAURANTS,مطاعم لبنانية,346.0,CAPITAL,العاصمة,50.56525498,26.23583114,"26.23583114, 50.56525498"
688.0,ALBAIK RESTAURANT,مطعم البيك,RESTAURANTS,مطاعم,FAST FOOD RESTAURANTS,وجبات سريعة,346.0,CAPITAL,العاصمة,50.55488322,26.23394934,"26.23394934, 50.55488322"
689.0,ALKOFEIA RESTAURANT,مطعم الكوفية,RESTAURANTS,مطاعم,ARABIC RESTAURANTS,مطاعم عربية,346.0,CAPITAL,العاصمة,50.55318757,26.24141747,"26.24141747, 50.55318757"
690.0,ALOUNAK RESTAURANT,مطعم آلوناك,RESTAURANTS,مطاعم,IRANIAN RESTAURANTS,مطاعم إيرانية,346.0,CAPITAL,العاصمة,50.55327511,26.2419045,"26.2419045, 50.55327511"
691.0,ALS CHIMNEY CAKES AND ICE CREAM,ألز تشمني كيك أند أيس كريم,RESTAURANTS,مطاعم,ICE CREAM,أيس كريم,346.0,CAPITAL,العاصمة,50.55326394,26.24154369,"26.24154369, 50.55326394"
692.0,ANGELINA RESTAURANT,مطعم أنجلينا,RESTAURANTS,مطاعم,OTHER RESTAURANTS,مطاعم أخرى,346.0,CAPITAL,العاصمة,50.58657703,26.24806085,"26.24806085, 50.58657703"
693.0,ARABICA COFFEE,كافيه ارابيكا,RESTAURANTS,مطاعم,COFFEE SHOPS,مقاهي,346.0,CAPITAL,العاصمة,50.58675085,26.24797893,"26.24797893, 50.58675085"
694.0,ARRIBA CAFE,أريبا كافيه,RESTAURANTS,مطاعم,COFFEE SHOPS,مقاهي,346.0,CAPITAL,العاصمة,50.55340694,26.24168085,"26.24168085, 50.55340694"
695.0,ASHAS RESTAURANT,مطعم آشاس,RESTAURANTS,مطاعم,INDIAN RESTAURANTS,مطاعم هندية,346.0,CAPITAL,العاصمة,50.55569219,26.23215923,"26.23215923, 50.55569219"
696.0,ASHAS RESTAURANT,مطعم آشاز,RESTAURANTS,مطاعم,INDIAN RESTAURANTS,مطاعم هندية,346.0,CAPITAL,العاصمة,50.58558897,26.24459316,"26.24459316, 50.58558897"
697.0,BAHAAR RESTAURANT,مطعم بحر,RESTAURANTS,مطاعم,SEAFOOD RESTAURANTS,مأكولات بحرية,346.0,CAPITAL,العاصمة,50.5659848,26.23603801,"26.23603801, 50.5659848"
698.0,BARR RESTAURANT,مطعم بر,RESTAURANTS,مطاعم,INDIAN RESTAURANTS,مطاعم هندية,346.0,CAPITAL,العاصمة,50.56613518,26.2360614,"26.2360614, 50.56613518"
699.0,BASKIN ROBBINS,باسكن روبنز,RESTAURANTS,مطاعم,ICE CREAM,أيس كريم,346.0,CAPITAL,العاصمة,50.55384539,26.23267891,"26.23267891, 50.55384539"
700.0,BASKIN ROBBINS,باسكن روبنز,RESTAURANTS,مطاعم,ICE CREAM,أيس كريم,346.0,CAPITAL,العاصمة,50.55384539,26.23267891,"26.23267891, 50.55384539"
701.0,BAYTI RESTAURANT,مطعم بيتي,RESTAURANTS,مطاعم,ARABIC RESTAURANTS,مطاعم عربية,346.0,CAPITAL,العاصمة,50.5723,26.2350085,"26.2350085, 50.5723"
702.0,BENS COOKIES CAFE,بينز كوكيز كافيه,RESTAURANTS,مطاعم,COFFEE SHOPS,مقاهي,346.0,CAPITAL,العاصمة,50.55549347,26.23412193,"26.23412193, 50.55549347"
703.0,BIBA RESTAURANT,مطعم بيبا,RESTAURANTS,مطاعم,INTERNATIONAL RESTAURANTS,مطاعم عالمية,346.0,CAPITAL,العاصمة,50.57918187,26.24904157,"26.24904157, 50.57918187"
704.0,BIKO RESTAURANT,مطعم بيكو,RESTAURANTS,مطاعم,JAPANESE RESTAURANTS,مطاعم يابانية,346.0,CAPITAL,العاصمة,50.55321453,26.24168979,"26.24168979, 50.55321453"
705.0,BLACK DROP CAFE,بلاك دروب كافيه,RESTAURANTS,مطاعم,COFFEE SHOPS,مقاهي,346.0,CAPITAL,العاصمة,50.55481987,26.23522662,"26.23522662, 50.55481987"
706.0,BLANCO CAFE,بلانكو كافيه,RESTAURANTS,مطاعم,COFFEE SHOPS,مقاهي,346.0,CAPITAL,العاصمة,50.57843204,26.24890456,"26.24890456, 50.57843204"
707.0,BLAZE PIZZA,بيتزا بليز,RESTAURANTS,مطاعم,PIZZA,بيتزا,346.0,CAPITAL,العاصمة,50.5856016,26.2460014,"26.2460014, 50.5856016"
708.0,BLENDS RESTAURANT,مطعم بليندز,RESTAURANTS,مطاعم,OTHER RESTAURANTS,مطاعم أخرى,346.0,CAPITAL,العاصمة,50.55352759,26.24243941,"26.24243941, 50.55352759"
709.0,BLOCK 3S COFFEE,كافيه بلوك ثري أس,RESTAURANTS,مطاعم,COFFEE SHOPS,مقاهي,346.0,CAPITAL,العاصمة,50.55737453,26.24280736,"26.24280736, 50.55737453"
710.0,BUNS & BOWLS RESTAURANT,مطعم بنز آند باول,RESTAURANTS,مطاعم,FAST FOOD RESTAURANTS,وجبات سريعة,346.0,CAPITAL,العاصمة,50.55487959,26.23386034,"26.23386034, 50.55487959"
711.0,BURGER FACTORY,برجر فاكتوري,RESTAURANTS,مطاعم,FAST FOOD RESTAURANTS,وجبات سريعة,346.0,CAPITAL,العاصمة,50.55361604,26.24242208,"26.24242208, 50.55361604"
712.0,BURGER LAND,برجر لاند,RESTAURANTS,مطاعم,ARABIC RESTAURANTS,مطاعم عربية,346.0,CAPITAL,العاصمة,50.55348838,26.24116747,"26.24116747, 50.55348838"
713.0,CAFE BAZZA,كافيه بزة,RESTAURANTS,مطاعم,COFFEE SHOPS,مقاهي,346.0,CAPITAL,العاصمة,50.58555587,26.24585058,"26.24585058, 50.58555587"
714.0,CARIBOU COFFEE,مقهى كاريبو,RESTAURANTS,مطاعم,COFFEE SHOPS,مقاهي,346.0,CAPITAL,العاصمة,50.55534085,26.23291669,"26.23291669, 50.55534085"
715.0,CARIBOU COFFEE,مقهى كاريبو,RESTAURANTS,مطاعم,COFFEE SHOPS,مقاهي,346.0,CAPITAL,العاصمة,50.57836086,26.24590459,"26.24590459, 50.57836086"
716.0,CHARLEYS PHILLY STEAKS RESTAURANT,مطعم تشارليز فيليه ستيك,RESTAURANTS,مطاعم,FAST FOOD RESTAURANTS,وجبات سريعة,346.0,CAPITAL,العاصمة,50.55499216,26.23386069,"26.23386069, 50.55499216"
717.0,CHEF EYAD RESTAURANT,مطعم الشيف إياد,RESTAURANTS,مطاعم,ARABIC RESTAURANTS,مطاعم عربية,346.0,CAPITAL,العاصمة,50.55321381,26.24159996,"26.24159996, 50.55321381"
718.0,CHEZ ALAIN RESTAURANT,مطعم شيز الآن,RESTAURANTS,مطاعم,FRENCH RESTAURANTS,مطاعم فرنسية,346.0,CAPITAL,العاصمة,50.56497854,26.23573116,"26.23573116, 50.56497854"
719.0,CHIN CHIN ICE CREAM,آيس كريم تشين تشين,RESTAURANTS,مطاعم,ICE CREAM,أيس كريم,346.0,CAPITAL,العاصمة,50.5858672,26.24700676,"26.24700676, 50.5858672"
720.0,CINE CAFE,سني كافيه,RESTAURANTS,مطاعم,COFFEE SHOPS,مقاهي,346.0,CAPITAL,العاصمة,50.55512681,26.23413513,"26.23413513, 50.55512681"
721.0,CINNABON,سينابون,RESTAURANTS,مطاعم,COFFEE SHOPS,مقاهي,346.0,CAPITAL,العاصمة,50.58608567,26.24640137,"26.24640137, 50.58608567"
722.0,CINNABON,سينابون,RESTAURANTS,مطاعم,COFFEE SHOPS,مقاهي,346.0,CAPITAL,العاصمة,50.55353294,26.23382851,"26.23382851, 50.55353294"
723.0,CIOCCOLAT ITALIANI CAFE,شوكولاتي ايطالياني كافيه,RESTAURANTS,مطاعم,COFFEE SHOPS,مقاهي,346.0,CAPITAL,العاصمة,50.55571867,26.23404036,"26.23404036, 50.55571867"
724.0,CO CO DIP JUICE AND CHOCOLATE,كوكو ديب جوس اند شوكليت,RESTAURANTS,مطاعم,OTHER RESTAURANTS,مطاعم أخرى,346.0,CAPITAL,العاصمة,50.55345487,26.24233599,"26.24233599, 50.55345487"
725.0,COFFEE WORLD,القهوة العالمية,RESTAURANTS,مطاعم,COFFEE SHOPS,مقاهي,346.0,CAPITAL,العاصمة,50.56473528,26.23561217,"26.23561217, 50.56473528"
726.0,COLUMBUS CAFE,مقهى كولومبوس,RESTAURANTS,مطاعم,COFFEE SHOPS,مقاهي,346.0,CAPITAL,العاصمة,50.55568969,26.23228956,"26.23228956, 50.55568969"
727.0,COSTA COFFEE,كوستا كوفي,RESTAURANTS,مطاعم,COFFEE SHOPS,مقاهي,346.0,CAPITAL,العاصمة,50.55466874,26.23264527,"26.23264527, 50.55466874"
728.0,CREME LONDON COFFEE,كافيه كريم لندن,RESTAURANTS,مطاعم,COFFEE SHOPS,مقاهي,346.0,CAPITAL,العاصمة,50.5870589,26.24778107,"26.24778107, 50.5870589"
729.0,CUPCAKE BOUTIQUE,كب كيك بوتيك,RESTAURANTS,مطاعم,COFFEE SHOPS,مقاهي,346.0,CAPITAL,العاصمة,50.55490492,26.23515234,"26.23515234, 50.55490492"
730.0,CZN BURAK RESTAURANT,مطعم سي زد إن بوراك,RESTAURANTS,مطاعم,TURKISH RESTAURANTS,مطاعم تركية,346.0,CAPITAL,العاصمة,50.58416808,26.24407096,"26.24407096, 50.58416808"
731.0,DALLASPRESSO COFFEE,مقهى دلاسبرسو,RESTAURANTS,مطاعم,COFFEE SHOPS,مقاهي,346.0,CAPITAL,العاصمة,50.55541848,26.23255665,"26.23255665, 50.55541848"
732.0,DAR NOURA RESTAURANT,مطعم دار نورة,RESTAURANTS,مطاعم,ARABIC RESTAURANTS,مطاعم عربية,346.0,CAPITAL,العاصمة,50.5534454,26.24201543,"26.24201543, 50.5534454"
733.0,DAR NOURA RESTAURANT,مطعم دار نورة,RESTAURANTS,مطاعم,ARABIC RESTAURANTS,مطاعم عربية,346.0,CAPITAL,العاصمة,50.58690957,26.24787812,"26.24787812, 50.58690957"
734.0,DOSE CAFE,دوز كافيه,RESTAURANTS,مطاعم,COFFEE SHOPS,مقاهي,346.0,CAPITAL,العاصمة,50.58605531,26.24630127,"26.24630127, 50.58605531"
735.0,DOSE CAFE,دوز كافيه,RESTAURANTS,مطاعم,COFFEE SHOPS,مقاهي,346.0,CAPITAL,العاصمة,50.5533942,26.24154941,"26.24154941, 50.5533942"
736.0,DUNKIN DONUTS,دانكن دونتس,RESTAURANTS,مطاعم,COFFEE SHOPS,مقاهي,346.0,CAPITAL,العاصمة,50.55559947,26.23403999,"26.23403999, 50.55559947"
737.0,DUNKIN DONUTS,دانكن دونتس,RESTAURANTS,مطاعم,COFFEE SHOPS,مقاهي,346.0,CAPITAL,العاصمة,50.58584298,26.24714922,"26.24714922, 50.58584298"
738.0,EL&N LONDON COFFEE,كافيه إل آند إن لندن,RESTAURANTS,مطاعم,COFFEE SHOPS,مقاهي,346.0,CAPITAL,العاصمة,50.58563409,26.24719075,"26.24719075, 50.58563409"
739.0,ELARA CAFE,كافيه ايلارا,RESTAURANTS,مطاعم,COFFEE SHOPS,مقاهي,346.0,CAPITAL,العاصمة,50.55343356,26.2422965,"26.2422965, 50.55343356"
740.0,EM SHERIF SEA CAFE,كافيه أم شريف سي,RESTAURANTS,مطاعم,FAST FOOD RESTAURANTS,وجبات سريعة,346.0,CAPITAL,العاصمة,50.58548885,26.24568882,"26.24568882, 50.58548885"
741.0,FISH LOUNGE RESTAURANT,مطعم فيش لاونج,RESTAURANTS,مطاعم,SEAFOOD RESTAURANTS,مأكولات بحرية,346.0,CAPITAL,العاصمة,50.58541992,26.24554633,"26.24554633, 50.58541992"
742.0,FIVE GUYS RESTAURANT,مطعم فايف قايز,RESTAURANTS,مطاعم,FAST FOOD RESTAURANTS,وجبات سريعة,346.0,CAPITAL,العاصمة,50.58536946,26.24542686,"26.24542686, 50.58536946"
743.0,FLIP BURGER,فليب برجر,RESTAURANTS,مطاعم,FAST FOOD RESTAURANTS,وجبات سريعة,346.0,CAPITAL,العاصمة,50.55482179,26.23500277,"26.23500277, 50.55482179"
744.0,FLORENCIA ICE CREAM,فلورينسيا آيس كريم,RESTAURANTS,مطاعم,ICE CREAM,أيس كريم,346.0,CAPITAL,العاصمة,50.55500335,26.23414131,"26.23414131, 50.55500335"
745.0,FM LOCATION RESTAURANT,مطعم إف إم لوكيشن,RESTAURANTS,مطاعم,FAST FOOD RESTAURANTS,وجبات سريعة,346.0,CAPITAL,العاصمة,50.57881309,26.24858407,"26.24858407, 50.57881309"
746.0,FOOD 2 GO RESTAURANT,مطعم فود تو جو,RESTAURANTS,مطاعم,FAST FOOD RESTAURANTS,وجبات سريعة,346.0,CAPITAL,العاصمة,50.55511467,26.23386107,"26.23386107, 50.55511467"
747.0,FRANKIES DINER RESTAURANT,مطعم فرانكيز دينر,RESTAURANTS,مطاعم,AMERICAN RESTAURANTS,مطاعم أمريكية,346.0,CAPITAL,العاصمة,50.55341146,26.24225845,"26.24225845, 50.55341146"
748.0,FUDDRUCKERS RESTAURANT,مطعم فودركرز,RESTAURANTS,مطاعم,AMERICAN RESTAURANTS,مطاعم أمريكية,346.0,CAPITAL,العاصمة,50.55537072,26.23378375,"26.23378375, 50.55537072"
749.0,GIARDINO RESTAURANT,مطعم جاردينو,RESTAURANTS,مطاعم,ITALIAN RESTAURANTS,مطاعم إيطالية,346.0,CAPITAL,العاصمة,50.55321631,26.24177771,"26.24177771, 50.55321631"
750.0,HARDEES,هارديز,RESTAURANTS,مطاعم,FAST FOOD RESTAURANTS,وجبات سريعة,346.0,CAPITAL,العاصمة,50.58577864,26.24527161,"26.24527161, 50.58577864"
751.0,HARDEES,هارديز,RESTAURANTS,مطاعم,FAST FOOD RESTAURANTS,وجبات سريعة,346.0,CAPITAL,العاصمة,50.55525041,26.23386746,"26.23386746, 50.55525041"
752.0,HEALTHY CALORIE RESTAURANT,مطعم هلثي كالوري,RESTAURANTS,مطاعم,OTHER RESTAURANTS,مطاعم أخرى,346.0,CAPITAL,العاصمة,50.57475532,26.23721315,"26.23721315, 50.57475532"
753.0,HEKAYET BAHAR RESTAURANT,مطعم حكاية بحر,RESTAURANTS,مطاعم,SEAFOOD RESTAURANTS,مأكولات بحرية,346.0,CAPITAL,العاصمة,50.55319452,26.24133089,"26.24133089, 50.55319452"
754.0,HELVACI ALI CAFE,كافيه حلوجي علي,RESTAURANTS,مطاعم,COFFEE SHOPS,مقاهي,346.0,CAPITAL,العاصمة,50.55488469,26.23413832,"26.23413832, 50.55488469"
755.0,HOUSE BOAT RESTAURANT,مطعم هاوس بوت,RESTAURANTS,مطاعم,OTHER RESTAURANTS,مطاعم أخرى,346.0,CAPITAL,العاصمة,50.58530832,26.24528307,"26.24528307, 50.58530832"
756.0,HOUSE OF POPS ICE CREAM,آيس كريم هوس أوف بوبس,RESTAURANTS,مطاعم,ICE CREAM,أيس كريم,346.0,CAPITAL,العاصمة,50.55573642,26.23311104,"26.23311104, 50.55573642"
757.0,HUMBLE CAFE,همبل كافيه,RESTAURANTS,مطاعم,COFFEE SHOPS,مقاهي,346.0,CAPITAL,العاصمة,50.55571794,26.23395292,"26.23395292, 50.55571794"
758.0,ILLY CAFE,إيلي كافيه,RESTAURANTS,مطاعم,COFFEE SHOPS,مقاهي,346.0,CAPITAL,العاصمة,50.55536191,26.23402942,"26.23402942, 50.55536191"
759.0,ISFAHANI RESTAURANT,مطعم أصفهاني,RESTAURANTS,مطاعم,IRANIAN RESTAURANTS,مطاعم إيرانية,346.0,CAPITAL,العاصمة,50.55384461,26.23238327,"26.23238327, 50.55384461"
760.0,ITALIA CAFE,كافية إيطاليا,RESTAURANTS,مطاعم,ITALIAN RESTAURANTS,مطاعم إيطالية,346.0,CAPITAL,العاصمة,50.553213650000004,26.24164105,"26.24164105, 50.55321365"
761.0,JASMIS RESTAURANT,مطعم جسميز,RESTAURANTS,مطاعم,FAST FOOD RESTAURANTS,وجبات سريعة,346.0,CAPITAL,العاصمة,50.55410741,26.23326694,"26.23326694, 50.55410741"
762.0,JOES CAFE,جوز كافيه,RESTAURANTS,مطاعم,COFFEE SHOPS,مقاهي,346.0,CAPITAL,العاصمة,50.5847127,26.24405492,"26.24405492, 50.5847127"
763.0,JOES CAFE,جوز كافيه,RESTAURANTS,مطاعم,COFFEE SHOPS,مقاهي,346.0,CAPITAL,العاصمة,50.55549431,26.23403909,"26.23403909, 50.55549431"
764.0,JUMO COFFEE ROASTERS,جومو كوفي روسترس,RESTAURANTS,مطاعم,COFFEE SHOPS,مقاهي,346.0,CAPITAL,العاصمة,50.55332879,26.24120943,"26.24120943, 50.55332879"
765.0,JUST FUSION RESTAURANT,مطعم جست فيوجن,RESTAURANTS,مطاعم,OTHER RESTAURANTS,مطاعم أخرى,346.0,CAPITAL,العاصمة,50.55321541,26.24173471,"26.24173471, 50.55321541"
766.0,JUST GREEN RESTAURANT,مطعم جست جرين,RESTAURANTS,مطاعم,OTHER RESTAURANTS,مطاعم أخرى,346.0,CAPITAL,العاصمة,50.5532914,26.24197324,"26.24197324, 50.5532914"
767.0,KANEMOCHI ICE CREAM,كاني موتشي أيس كريم,RESTAURANTS,مطاعم,ICE CREAM,أيس كريم,346.0,CAPITAL,العاصمة,50.55328583,26.2413622,"26.2413622, 50.55328583"
768.0,KARAMI RESTAURANT,مطعم كرامي,RESTAURANTS,مطاعم,ARABIC RESTAURANTS,مطاعم عربية,346.0,CAPITAL,العاصمة,50.58639389,26.24815828,"26.24815828, 50.58639389"
769.0,KENTUCKY FRIED CHICKEN - KFC,كنتاكي,RESTAURANTS,مطاعم,FAST FOOD RESTAURANTS,وجبات سريعة,346.0,CAPITAL,العاصمة,50.55421411,26.2329216,"26.2329216, 50.55421411"
770.0,KENTUCKY FRIED CHICKEN - KFC,كنتاكي,RESTAURANTS,مطاعم,FAST FOOD RESTAURANTS,وجبات سريعة,346.0,CAPITAL,العاصمة,50.58564703,26.24503233,"26.24503233, 50.58564703"
771.0,KRISPY KREME DONUT,كرسبي كريم دونت,RESTAURANTS,مطاعم,COFFEE SHOPS,مقاهي,346.0,CAPITAL,العاصمة,50.55537108,26.23385896,"26.23385896, 50.55537108"
772.0,LA BREZZA CAFE,لابريزا كافيه,RESTAURANTS,مطاعم,OTHER RESTAURANTS,مطاعم أخرى,346.0,CAPITAL,العاصمة,50.55748805,26.24324598,"26.24324598, 50.55748805"
773.0,LA REINE CAFE,كافيه لارين,RESTAURANTS,مطاعم,FRENCH RESTAURANTS,مطاعم فرنسية,346.0,CAPITAL,العاصمة,50.55490973,26.23500328,"26.23500328, 50.55490973"
774.0,LITTLE CAESARS RESTAURANT,مطعم لتل سيزر,RESTAURANTS,مطاعم,PIZZA,بيتزا,346.0,CAPITAL,العاصمة,50.55402543,26.23193878,"26.23193878, 50.55402543"
775.0,LUMEE RESTAURANT,مطعم لومي,RESTAURANTS,مطاعم,ARABIC RESTAURANTS,مطاعم عربية,346.0,CAPITAL,العاصمة,50.58524238,26.2451715,"26.2451715, 50.58524238"
776.0,MAHTAB RESTAURANT AND CAFE,مطعم ومقهى مهتاب,RESTAURANTS,مطاعم,ARABIC RESTAURANTS,مطاعم عربية,346.0,CAPITAL,العاصمة,50.55743135,26.24335331,"26.24335331, 50.55743135"
777.0,MAMMA BUNZ,ماما بنز,RESTAURANTS,مطاعم,COFFEE SHOPS,مقاهي,346.0,CAPITAL,العاصمة,50.55549462,26.23395846,"26.23395846, 50.55549462"
778.0,MANDEENA RESTAURANT,مطعم مندينا,RESTAURANTS,مطاعم,ARABIC RESTAURANTS,مطاعم عربية,346.0,CAPITAL,العاصمة,50.58632269,26.24798406,"26.24798406, 50.58632269"
779.0,MANOOSHA AND SHAWARMA CAFE,منقوشة وشاورما كافية,RESTAURANTS,مطاعم,LEBANESE RESTAURANTS,مطاعم لبنانية,346.0,CAPITAL,العاصمة,50.55549563,26.23386942,"26.23386942, 50.55549563"
780.0,MARBLE SLAB CREAMERY,ماربل سلاب كريمري,RESTAURANTS,مطاعم,ICE CREAM,أيس كريم,346.0,CAPITAL,العاصمة,50.55488297,26.2340332,"26.2340332, 50.55488297"
781.0,MASHAWI AL ABRAAJ,مشاوي الابراج,RESTAURANTS,مطاعم,INTERNATIONAL RESTAURANTS,مطاعم عالمية,346.0,CAPITAL,العاصمة,50.55560793,26.23387168,"26.23387168, 50.55560793"
782.0,MAY BELLS CAFE,كافيه ماي بلز,RESTAURANTS,مطاعم,COFFEE SHOPS,مقاهي,346.0,CAPITAL,العاصمة,50.55350465,26.24241068,"26.24241068, 50.55350465"
783.0,MCDONALD'S,ماكدونالدز,RESTAURANTS,مطاعم,FAST FOOD RESTAURANTS,وجبات سريعة,346.0,CAPITAL,العاصمة,50.55383022,26.23309443,"26.23309443, 50.55383022"
784.0,MCDONALD'S,ماكدونالدز,RESTAURANTS,مطاعم,FAST FOOD RESTAURANTS,وجبات سريعة,346.0,CAPITAL,العاصمة,50.58596235,26.24575949,"26.24575949, 50.58596235"
785.0,MEAT MOOT SMOKING RESTAURANT,مطعم ميت مووت,RESTAURANTS,مطاعم,OTHER RESTAURANTS,مطاعم أخرى,346.0,CAPITAL,العاصمة,50.55482043,26.23508137,"26.23508137, 50.55482043"
786.0,MELENZANE RESTAURANT,مطعم ميليزان,RESTAURANTS,مطاعم,ITALIAN RESTAURANTS,مطاعم إيطالية,346.0,CAPITAL,العاصمة,50.58516138,26.24504018,"26.24504018, 50.58516138"
787.0,MEMO CORNER RESTAURANT,مطعم ميمو كورنر,RESTAURANTS,مطاعم,OTHER RESTAURANTS,مطاعم أخرى,346.0,CAPITAL,العاصمة,50.55756073,26.24295486,"26.24295486, 50.55756073"
788.0,NOMAD URBAN CAFE,كافيه نوماد ايربن,RESTAURANTS,مطاعم,OTHER RESTAURANTS,مطاعم أخرى,346.0,CAPITAL,العاصمة,50.55524683,26.23395501,"26.23395501, 50.55524683"
789.0,OAKBERRY RESTAURANT,مطعم أوكبيري,RESTAURANTS,مطاعم,FAST FOOD RESTAURANTS,وجبات سريعة,346.0,CAPITAL,العاصمة,50.58507877,26.24492845,"26.24492845, 50.58507877"
790.0,OISHI RESTAURANT,مطعم أوييشي,RESTAURANTS,مطاعم,JAPANESE RESTAURANTS,مطاعم يابانية,346.0,CAPITAL,العاصمة,50.58497322,26.24479784,"26.24479784, 50.58497322"
791.0,PASQUALE RESTAURANT,مطعم باسكوالي,RESTAURANTS,مطاعم,ITALIAN RESTAURANTS,مطاعم إيطالية,346.0,CAPITAL,العاصمة,50.56510153,26.23577931,"26.23577931, 50.56510153"
792.0,PASTA EXPRESS,باستا إكسبرس,RESTAURANTS,مطاعم,ITALIAN RESTAURANTS,مطاعم إيطالية,346.0,CAPITAL,العاصمة,50.5557227,26.23378221,"26.23378221, 50.5557227"
793.0,PASTARITO,بستريتو,RESTAURANTS,مطاعم,ITALIAN RESTAURANTS,مطاعم إيطالية,346.0,CAPITAL,العاصمة,50.55438137,26.23263412,"26.23263412, 50.55438137"
794.0,PATIO RESTAURANT,مطعم باتيو,RESTAURANTS,مطاعم,ARABIC RESTAURANTS,مطاعم عربية,346.0,CAPITAL,العاصمة,50.55471512,26.23491095,"26.23491095, 50.55471512"
795.0,PAUL RESTAURANT,مطعم باول,RESTAURANTS,مطاعم,FRENCH RESTAURANTS,مطاعم فرنسية,346.0,CAPITAL,العاصمة,50.55437794,26.23307731,"26.23307731, 50.55437794"
796.0,PEKING CHINESE RESTAURANT,مطعم بكين الصيني,RESTAURANTS,مطاعم,INTERNATIONAL RESTAURANTS,مطاعم عالمية,346.0,CAPITAL,العاصمة,50.55338855,26.24222206,"26.24222206, 50.55338855"
797.0,PF CHANGS RESTAURANT,مطعم بي اف تشانجس,RESTAURANTS,مطاعم,CHINESE RESTAURANTS,مطاعم صينية,346.0,CAPITAL,العاصمة,50.55524782,26.23378337,"26.23378337, 50.55524782"
798.0,PF CHANGS RESTAURANT,مطعم بي إف تشانغز,RESTAURANTS,مطاعم,OTHER RESTAURANTS,مطاعم أخرى,346.0,CAPITAL,العاصمة,50.58443856,26.24403918,"26.24403918, 50.58443856"
799.0,PINKBERRY ICE CREAM,بينك بيري آيس كريم,RESTAURANTS,مطاعم,ICE CREAM,أيس كريم,346.0,CAPITAL,العاصمة,50.55511821,26.23402819,"26.23402819, 50.55511821"
800.0,PINKBERRY RESTAURANT,مطعم بينك بيري,RESTAURANTS,مطاعم,OTHER RESTAURANTS,مطاعم أخرى,346.0,CAPITAL,العاصمة,50.58547027,26.24444948,"26.24444948, 50.58547027"
801.0,PIZZA HUT,بيتزا هت,RESTAURANTS,مطاعم,PIZZA,بيتزا,346.0,CAPITAL,العاصمة,50.58601978,26.24599856,"26.24599856, 50.58601978"
802.0,PIZZA HUT,بيتزا هت,RESTAURANTS,مطاعم,PIZZA,بيتزا,346.0,CAPITAL,العاصمة,50.55561038,26.23378568,"26.23378568, 50.55561038"
803.0,PRO RESTAURANT,مطعم برو,RESTAURANTS,مطاعم,ITALIAN RESTAURANTS,مطاعم إيطالية,346.0,CAPITAL,العاصمة,50.57865872,26.24938883,"26.24938883, 50.57865872"
804.0,RAISING CANES RESTAURANT,مطعم ريزينج كينز,RESTAURANTS,مطاعم,AMERICAN RESTAURANTS,مطاعم أمريكية,346.0,CAPITAL,العاصمة,50.55511217,26.23378868,"26.23378868, 50.55511217"
805.0,RAISING CANES RESTAURANT,مطعم ريزينج كينز,RESTAURANTS,مطاعم,AMERICAN RESTAURANTS,مطاعم أمريكية,346.0,CAPITAL,العاصمة,50.58642698,26.24733694,"26.24733694, 50.58642698"
806.0,RAJU BHAI RESTAURANT,مطعم راجو باي,RESTAURANTS,مطاعم,INDIAN RESTAURANTS,مطاعم هندية,346.0,CAPITAL,العاصمة,50.5535372,26.24225461,"26.24225461, 50.5535372"
807.0,RENDEZVOUS,رنديفورنديفو,RESTAURANTS,مطاعم,INTERNATIONAL RESTAURANTS,مطاعم عالمية,346.0,CAPITAL,العاصمة,50.55498715,26.2337883,"26.2337883, 50.55498715"
808.0,REVER CAFE,ريفير كافيه,RESTAURANTS,مطاعم,COFFEE SHOPS,مقاهي,346.0,CAPITAL,العاصمة,50.57926433,26.24834363,"26.24834363, 50.57926433"
809.0,REVIIVE CAFE,رفايف كافيه,RESTAURANTS,مطاعم,COFFEE SHOPS,مقاهي,346.0,CAPITAL,العاصمة,50.5534612,26.24134656,"26.24134656, 50.5534612"
810.0,REVIIVE CAFE,رفايف كافيه,RESTAURANTS,مطاعم,COFFEE SHOPS,مقاهي,346.0,CAPITAL,العاصمة,50.55333396,26.24210177,"26.24210177, 50.55333396"
811.0,ROMEOS JUICERY RESTAURANT,مطعم روميوز جوسير,RESTAURANTS,مطاعم,OTHER RESTAURANTS,مطاعم أخرى,346.0,CAPITAL,العاصمة,50.55478824,26.23301207,"26.23301207, 50.55478824"
812.0,SAMUI THAI RESTAURANT,مطعم ساموي التايلاندي,RESTAURANTS,مطاعم,THAI RESTAURANTS,مطاعم تايلندية,346.0,CAPITAL,العاصمة,50.55491431,26.23491347,"26.23491347, 50.55491431"
813.0,SEVEN SEAS RESTAURANT,مطعم سفن سيز,RESTAURANTS,مطاعم,SEAFOOD RESTAURANTS,مأكولات بحرية,346.0,CAPITAL,العاصمة,50.55331213,26.24204552,"26.24204552, 50.55331213"
814.0,SHAKE SHACK RESTAURANT,مطعم شيك شاك,RESTAURANTS,مطاعم,AMERICAN RESTAURANTS,مطاعم أمريكية,346.0,CAPITAL,العاصمة,50.58523463,26.24478746,"26.24478746, 50.58523463"
815.0,SHAKE SHACK RESTAURANT,مطعم شيك شاك,RESTAURANTS,مطاعم,AMERICAN RESTAURANTS,مطاعم أمريكية,346.0,CAPITAL,العاصمة,50.55633961,26.23340802,"26.23340802, 50.55633961"
816.0,SHAWARMA PLACE RESTAURANT,مطعم شاورما بلييس,RESTAURANTS,مطاعم,FAST FOOD RESTAURANTS,وجبات سريعة,346.0,CAPITAL,العاصمة,50.55365658,26.23297608,"26.23297608, 50.55365658"
817.0,SIMIT SARAYI RESTAURANT,مطعم سميت سراي,RESTAURANTS,مطاعم,TURKISH RESTAURANTS,مطاعم تركية,346.0,CAPITAL,العاصمة,50.55511756,26.23395461,"26.23395461, 50.55511756"
818.0,SISLER RESTAURANT,مطعم شيشلير,RESTAURANTS,مطاعم,TURKISH RESTAURANTS,مطاعم تركية,346.0,CAPITAL,العاصمة,50.5848777,26.24468111,"26.24468111, 50.5848777"
819.0,STARBUCKS,ستاربكس,RESTAURANTS,مطاعم,COFFEE SHOPS,مقاهي,346.0,CAPITAL,العاصمة,50.58549822,26.24516091,"26.24516091, 50.58549822"
820.0,STARBUCKS,ستاربكس,RESTAURANTS,مطاعم,COFFEE SHOPS,مقاهي,346.0,CAPITAL,العاصمة,50.55499313,26.23322332,"26.23322332, 50.55499313"
821.0,STARBUCKS,ستاربكس,RESTAURANTS,مطاعم,COFFEE SHOPS,مقاهي,346.0,CAPITAL,العاصمة,50.55507904,26.23482148,"26.23482148, 50.55507904"
822.0,STARBUCKS,ستاربكس,RESTAURANTS,مطاعم,COFFEE SHOPS,مقاهي,346.0,CAPITAL,العاصمة,50.55499255,26.2339504,"26.2339504, 50.55499255"
823.0,STARBUCKS,ستاربكس,RESTAURANTS,مطاعم,COFFEE SHOPS,مقاهي,346.0,CAPITAL,العاصمة,50.58588979,26.24686954,"26.24686954, 50.58588979"
824.0,STORIA RESTAURANT,مطعم ستوريا,RESTAURANTS,مطاعم,ITALIAN RESTAURANTS,مطاعم إيطالية,346.0,CAPITAL,العاصمة,50.55471768,26.2350046,"26.2350046, 50.55471768"
825.0,SULTAN NAMLI RESTAURANT,مطعم سلطان الناملي,RESTAURANTS,مطاعم,TURKISH RESTAURANTS,مطاعم تركية,346.0,CAPITAL,العاصمة,50.5534754,26.24237117,"26.24237117, 50.5534754"
826.0,T.G.I. FRIDAYS RESTAURANT,مطعم تي جي أي فرايديز,RESTAURANTS,مطاعم,AMERICAN RESTAURANTS,مطاعم أمريكية,346.0,CAPITAL,العاصمة,50.55487696,26.23365786,"26.23365786, 50.55487696"
827.0,TEA CLUB,نادي الشاي,RESTAURANTS,مطاعم,COFFEE SHOPS,مقاهي,346.0,CAPITAL,العاصمة,50.58476564,26.24457915,"26.24457915, 50.58476564"
828.0,TEXAS ROADHOUSE RESTAURANT,مطعم تكساس رودهاوس,RESTAURANTS,مطاعم,AMERICAN RESTAURANTS,مطاعم أمريكية,346.0,CAPITAL,العاصمة,50.58634412,26.24642291,"26.24642291, 50.58634412"
829.0,THE BUTCHER SHOP AND GRILL RESTAURANT,مطعم ذي بوتشر شوب اند غريل,RESTAURANTS,مطاعم,INTERNATIONAL RESTAURANTS,مطاعم عالمية,346.0,CAPITAL,العاصمة,50.5548794,26.23350687,"26.23350687, 50.5548794"
830.0,THE CHEESECAKE FACTORY RESTAURANT,مطعم ذي تشيزكيك فاكتوري,RESTAURANTS,مطاعم,AMERICAN RESTAURANTS,مطاعم أمريكية,346.0,CAPITAL,العاصمة,50.58588652,26.2465948,"26.2465948, 50.58588652"
831.0,THE CHEESECAKE FACTORY RESTAURANT,مطعم ذي تشيزكيك فاكتوري,RESTAURANTS,مطاعم,AMERICAN RESTAURANTS,مطاعم أمريكية,346.0,CAPITAL,العاصمة,50.58465887,26.24447836,"26.24447836, 50.58465887"
832.0,THE FOOD HALL RESTAURANT,مطعم ذي فوود هول,RESTAURANTS,مطاعم,LEBANESE RESTAURANTS,مطاعم لبنانية,346.0,CAPITAL,العاصمة,50.5845412,26.24437245,"26.24437245, 50.5845412"
833.0,THE ICE CREAM SHOP,ذا آيس كريم شوب,RESTAURANTS,مطاعم,ICE CREAM,أيس كريم,346.0,CAPITAL,العاصمة,50.55524747,26.2340305,"26.2340305, 50.55524747"
834.0,THE MEATBALL KITCHEN RESTAURANT,مطعم ذا ميت بول كيتشن,RESTAURANTS,مطاعم,FAST FOOD RESTAURANTS,وجبات سريعة,346.0,CAPITAL,العاصمة,50.55340626,26.24186002,"26.24186002, 50.55340626"
835.0,THE ORANGERY,كافيه ذا أورنجري,RESTAURANTS,مطاعم,COFFEE SHOPS,مقاهي,346.0,CAPITAL,العاصمة,50.58566386,26.24635872,"26.24635872, 50.58566386"
836.0,TIM HORTONS CAFE,مقهى تيم هورتونز,RESTAURANTS,مطاعم,COFFEE SHOPS,مقاهي,346.0,CAPITAL,العاصمة,50.58607839,26.24660797,"26.24660797, 50.58607839"
837.0,TOSHKA CAFE,توشكا كافيه,RESTAURANTS,مطاعم,OTHER RESTAURANTS,مطاعم أخرى,346.0,CAPITAL,العاصمة,50.55755835,26.24312925,"26.24312925, 50.55755835"
838.0,UNCLE OSAKA COFFEE,كافيه العم أوساكا,RESTAURANTS,مطاعم,COFFEE SHOPS,مقاهي,346.0,CAPITAL,العاصمة,50.58564224,26.24617094,"26.24617094, 50.58564224"
839.0,VALA CAFE,كافيه فالا,RESTAURANTS,مطاعم,COFFEE SHOPS,مقاهي,346.0,CAPITAL,العاصمة,50.55482107,26.23491127,"26.23491127, 50.55482107"
840.0,VAPIANO RESTAURANT,مطعم فابيانو,RESTAURANTS,مطاعم,ITALIAN RESTAURANTS,مطاعم إيطالية,346.0,CAPITAL,العاصمة,50.55498536,26.23352133,"26.23352133, 50.55498536"
841.0,YASALAM RESTAURANT,مطعم ياسلام,RESTAURANTS,مطاعم,INTERNATIONAL RESTAURANTS,مطاعم عالمية,346.0,CAPITAL,العاصمة,50.58598837,26.24589335,"26.24589335, 50.58598837"
842.0,YASMINE LEBANESE KITCHEN RESTAURANT,مطعم مطبخ ياسمين اللبناني,RESTAURANTS,مطاعم,LEBANESE RESTAURANTS,مطاعم لبنانية,346.0,CAPITAL,العاصمة,50.55510403,26.23351222,"26.23351222, 50.55510403"
843.0,YUM YUM KIDS RESTAURANT,مطعم يم يم كيدز,RESTAURANTS,مطاعم,FAST FOOD RESTAURANTS,وجبات سريعة,346.0,CAPITAL,العاصمة,50.55550018,26.23378534,"26.23378534, 50.55550018"
844.0,JASMIS RESTAURANT,مطعم جسميز,RESTAURANTS,مطاعم,FAST FOOD RESTAURANTS,وجبات سريعة,351.0,CAPITAL,العاصمة,50.55301629,26.22981955,"26.22981955, 50.55301629"
845.0,JIO CHICKEN,دجاج جيو,RESTAURANTS,مطاعم,FAST FOOD RESTAURANTS,وجبات سريعة,351.0,CAPITAL,العاصمة,50.55293472,26.22981667,"26.22981667, 50.55293472"
846.0,JUST PERFECT RESTAURANT,مطعم جست بيرفكت,RESTAURANTS,مطاعم,OTHER RESTAURANTS,مطاعم أخرى,351.0,CAPITAL,العاصمة,50.5542811,26.22570558,"26.22570558, 50.5542811"
847.0,YUMMY ICE CREAM,آيس كريم يامي,RESTAURANTS,مطاعم,ICE CREAM,أيس كريم,351.0,CAPITAL,العاصمة,50.55284838,26.22981425,"26.22981425, 50.55284838"
848.0,MONO RESTAURANT,مطعم مونو,RESTAURANTS,مطاعم,LEBANESE RESTAURANTS,مطاعم لبنانية,354.0,CAPITAL,العاصمة,50.55521453,26.21923421,"26.21923421, 50.55521453"
849.0,UMM AL BANEEN RESTAURANT,مطعم أم البنين,RESTAURANTS,مطاعم,OTHER RESTAURANTS,مطاعم أخرى,354.0,CAPITAL,العاصمة,50.55788165,26.2176306,"26.2176306, 50.55788165"
850.0,STARBUCKS,ستاربكس,RESTAURANTS,مطاعم,COFFEE SHOPS,مقاهي,356.0,CAPITAL,العاصمة,50.56284287,26.21579061,"26.21579061, 50.56284287"
851.0,ATHEWAQ CAFETERIA,كافتيريا اذواق,RESTAURANTS,مطاعم,OTHER RESTAURANTS,مطاعم أخرى,359.0,CAPITAL,العاصمة,50.5619407,26.21186843,"26.21186843, 50.5619407"
852.0,LA MAISON DU CAFE,لا ميزون دو كافية,RESTAURANTS,مطاعم,COFFEE SHOPS,مقاهي,359.0,CAPITAL,العاصمة,50.56592533,26.21140409,"26.21140409, 50.56592533"
853.0,PIZZA HUT,بيتزا هت,RESTAURANTS,مطاعم,PIZZA,بيتزا,359.0,CAPITAL,العاصمة,50.56600216,26.21122717,"26.21122717, 50.56600216"
854.0,AL ZAWRAA RESTAURANT,مطعم الزوراء,RESTAURANTS,مطاعم,OTHER RESTAURANTS,مطاعم أخرى,363.0,CAPITAL,العاصمة,50.551132,26.20525734,"26.20525734, 50.551132"
855.0,GRILLS AND BROASTED 442,مشويات وبروستد 442,RESTAURANTS,مطاعم,OTHER RESTAURANTS,مطاعم أخرى,363.0,CAPITAL,العاصمة,50.55839696,26.21050183,"26.21050183, 50.55839696"
856.0,SMALL ANGEL FALAFEL,الملاك الصغير للفلافل,RESTAURANTS,مطاعم,ARABIC RESTAURANTS,مطاعم عربية,363.0,CAPITAL,العاصمة,50.55804752,26.21033484,"26.21033484, 50.55804752"
857.0,UPPER CRUST CAFE,مقهى أبر كريست,RESTAURANTS,مطاعم,COFFEE SHOPS,مقاهي,364.0,CAPITAL,العاصمة,50.55902459,26.20054939,"26.20054939, 50.55902459"
858.0,VERANDA CAFE,مقهى فيرندا,RESTAURANTS,مطاعم,COFFEE SHOPS,مقاهي,364.0,CAPITAL,العاصمة,50.55825337,26.19991518,"26.19991518, 50.55825337"
859.0,ADHARI PARK FOOD COURT,مطاعم عذاري,RESTAURANTS,مطاعم,FAST FOOD RESTAURANTS,وجبات سريعة,366.0,CAPITAL,العاصمة,50.54458132,26.1977461,"26.1977461, 50.54458132"
860.0,AL ABRAAJ RESTAURANT,مطعم الأبراج,RESTAURANTS,مطاعم,INTERNATIONAL RESTAURANTS,مطاعم عالمية,366.0,CAPITAL,العاصمة,50.54471459,26.19745621,"26.19745621, 50.54471459"
861.0,HUNGRY BUNNY RESTAURANT,مطعم الأرنب الجائع,RESTAURANTS,مطاعم,FAST FOOD RESTAURANTS,وجبات سريعة,366.0,CAPITAL,العاصمة,50.54475308,26.19777168,"26.19777168, 50.54475308"
862.0,JASMIS RESTAURANT,مطعم جسميز,RESTAURANTS,مطاعم,FAST FOOD RESTAURANTS,وجبات سريعة,366.0,CAPITAL,العاصمة,50.54465051,26.19759218,"26.19759218, 50.54465051"
863.0,KENNY ROGERS ROASTER RESTAURANT,مطعم كيني روجرز,RESTAURANTS,مطاعم,OTHER RESTAURANTS,مطاعم أخرى,366.0,CAPITAL,العاصمة,50.54481728,26.19760704,"26.19760704, 50.54481728"
864.0,MARGHERITA RESTAURANT,مطعم مارجريتا,RESTAURANTS,مطاعم,PIZZA,بيتزا,366.0,CAPITAL,العاصمة,50.54486542,26.19748535,"26.19748535, 50.54486542"
865.0,TIKI-MING RESTAURANT,مطعم تيكي مينغ,RESTAURANTS,مطاعم,CHINESE RESTAURANTS,مطاعم صينية,366.0,CAPITAL,العاصمة,50.54443565,26.19768467,"26.19768467, 50.54443565"
866.0,TABREEZ RESTAURANT,مطعم تبريز,RESTAURANTS,مطاعم,SEAFOOD RESTAURANTS,مأكولات بحرية,368.0,CAPITAL,العاصمة,50.54168848,26.20425694,"26.20425694, 50.54168848"
867.0,AL MANGAL RESTAURANT,مطعم المنقل,RESTAURANTS,مطاعم,ARABIC RESTAURANTS,مطاعم عربية,373.0,CAPITAL,العاصمة,50.56846899,26.20275977,"26.20275977, 50.56846899"
868.0,AL ROMANSIAH RESTAURANT,مطعم الرومانسية,RESTAURANTS,مطاعم,ARABIC RESTAURANTS,مطاعم عربية,373.0,CAPITAL,العاصمة,50.56923258,26.20293324,"26.20293324, 50.56923258"
869.0,DERBY CAFE,دربي كافيه,RESTAURANTS,مطاعم,COFFEE SHOPS,مقاهي,373.0,CAPITAL,العاصمة,50.56905822,26.20271725,"26.20271725, 50.56905822"
870.0,MCDONALD'S,ماكدونالدز,RESTAURANTS,مطاعم,FAST FOOD RESTAURANTS,وجبات سريعة,373.0,CAPITAL,العاصمة,50.56846163,26.20305675,"26.20305675, 50.56846163"
871.0,MRS VANELLI'S RESTAURANT,مطعم ميسيز فانيلياز,RESTAURANTS,مطاعم,ITALIAN RESTAURANTS,مطاعم إيطالية,373.0,CAPITAL,العاصمة,50.56831014,26.20282809,"26.20282809, 50.56831014"
872.0,SUBWAY,سب واي,RESTAURANTS,مطاعم,OTHER RESTAURANTS,مطاعم أخرى,373.0,CAPITAL,العاصمة,50.56859471,26.20290372,"26.20290372, 50.56859471"
873.0,TERIYAKI,ترياكي,RESTAURANTS,مطاعم,OTHER RESTAURANTS,مطاعم أخرى,373.0,CAPITAL,العاصمة,50.56837013,26.20275882,"26.20275882, 50.56837013"
874.0,DERBY CAFE,دربي كافيه,RESTAURANTS,مطاعم,COFFEE SHOPS,مقاهي,381.0,CAPITAL,العاصمة,50.59385696,26.17791238,"26.17791238, 50.59385696"
875.0,AL HANTOUR GRILLS,مشويات الحنطور,RESTAURANTS,مطاعم,ARABIC RESTAURANTS,مطاعم عربية,405.0,CAPITAL,العاصمة,50.5497706,26.20841604,"26.20841604, 50.5497706"
876.0,HOWA PASTRIES,معجنات هوا,RESTAURANTS,مطاعم,ARABIC RESTAURANTS,مطاعم عربية,406.0,CAPITAL,العاصمة,50.54281735,26.22162217,"26.22162217, 50.54281735"
877.0,AL FANOOS RESTAURANT,مطعم الفانوس,RESTAURANTS,مطاعم,TURKISH RESTAURANTS,مطاعم تركية,407.0,CAPITAL,العاصمة,50.54552886,26.20733197,"26.20733197, 50.54552886"
878.0,AL MUNSHALAH RESTAURANT,مطعم المنشلة,RESTAURANTS,مطاعم,OTHER RESTAURANTS,مطاعم أخرى,407.0,CAPITAL,العاصمة,50.54618931,26.20735322,"26.20735322, 50.54618931"
879.0,ABU KHAWLA RESTAURANT,مطعم ابو خولة,RESTAURANTS,مطاعم,ARABIC RESTAURANTS,مطاعم عربية,408.0,CAPITAL,العاصمة,50.54982085,26.22643092,"26.22643092, 50.54982085"
880.0,ABU RAGHEB SANDWICHES,سندويشات أبو راغب,RESTAURANTS,مطاعم,ARABIC RESTAURANTS,مطاعم عربية,408.0,CAPITAL,العاصمة,50.54982047,26.22651214,"26.22651214, 50.54982047"
881.0,ADHARI GRILLS RESTAURANT,مطعم مشويات عذاري,RESTAURANTS,مطاعم,ARABIC RESTAURANTS,مطاعم عربية,408.0,CAPITAL,العاصمة,50.54959708,26.22641591,"26.22641591, 50.54959708"
882.0,AL FARAN RESTAURANT AND GRILLS,مطعم ومشويات الفران,RESTAURANTS,مطاعم,ARABIC RESTAURANTS,مطاعم عربية,408.0,CAPITAL,العاصمة,50.54980934,26.22670657,"26.22670657, 50.54980934"
883.0,AL SAMAR RESTAURANT,مطعم السمر,RESTAURANTS,مطاعم,INTERNATIONAL RESTAURANTS,مطاعم عالمية,408.0,CAPITAL,العاصمة,50.54656287,26.22823158,"26.22823158, 50.54656287"
884.0,AL ABRAAJ RESTAURANT,مطعم الأبراج,RESTAURANTS,مطاعم,INTERNATIONAL RESTAURANTS,مطاعم عالمية,410.0,CAPITAL,العاصمة,50.53790533,26.22915593,"26.22915593, 50.53790533"
885.0,BAIT AL DONUT‎‏,بيت الدونت,RESTAURANTS,مطاعم,COFFEE SHOPS,مقاهي,410.0,CAPITAL,العاصمة,50.5376911,26.22922031,"26.22922031, 50.5376911"
886.0,BASKIN ROBBINS,باسكن روبنز,RESTAURANTS,مطاعم,ICE CREAM,أيس كريم,410.0,CAPITAL,العاصمة,50.5380528,26.22893955,"26.22893955, 50.5380528"
887.0,COSTA COFFEE,كوستا كوفي,RESTAURANTS,مطاعم,COFFEE SHOPS,مقاهي,410.0,CAPITAL,العاصمة,50.53762086,26.2288536,"26.2288536, 50.53762086"
888.0,COSTA COFFEE,كوستا كوفي,RESTAURANTS,مطاعم,COFFEE SHOPS,مقاهي,410.0,CAPITAL,العاصمة,50.5495752,26.2290835,"26.2290835, 50.5495752"
889.0,DAIRY QUEEN,ديري كوين,RESTAURANTS,مطاعم,FAST FOOD RESTAURANTS,وجبات سريعة,410.0,CAPITAL,العاصمة,50.53843947,26.22876858,"26.22876858, 50.53843947"
890.0,ISFAHANI RESTAURANT,مطعم أصفهاني,RESTAURANTS,مطاعم,IRANIAN RESTAURANTS,مطاعم إيرانية,410.0,CAPITAL,العاصمة,50.53776553,26.2291467,"26.2291467, 50.53776553"
891.0,JASMIS RESTAURANT,مطعم جسميز,RESTAURANTS,مطاعم,FAST FOOD RESTAURANTS,وجبات سريعة,410.0,CAPITAL,العاصمة,50.53806273,26.22927122,"26.22927122, 50.53806273"
892.0,KENTUCKY FRIED CHICKEN - KFC,كنتاكي,RESTAURANTS,مطاعم,FAST FOOD RESTAURANTS,وجبات سريعة,410.0,CAPITAL,العاصمة,50.53835513,26.22915175,"26.22915175, 50.53835513"
893.0,MRS VANELLI'S RESTAURANT,مطعم ميسيز فانيلياز,RESTAURANTS,مطاعم,ITALIAN RESTAURANTS,مطاعم إيطالية,410.0,CAPITAL,العاصمة,50.53776461,26.22893958,"26.22893958, 50.53776461"
894.0,MUMBAI SPICES RESTAURANT,مطعم مومباي سبايسس,RESTAURANTS,مطاعم,INDIAN RESTAURANTS,مطاعم هندية,410.0,CAPITAL,العاصمة,50.53797968,26.22894171,"26.22894171, 50.53797968"
895.0,PAPA JOHNS,بابا جونز,RESTAURANTS,مطاعم,PIZZA,بيتزا,410.0,CAPITAL,العاصمة,50.53835586,26.22928284,"26.22928284, 50.53835586"
896.0,STARBUCKS,ستاربكس,RESTAURANTS,مطاعم,COFFEE SHOPS,مقاهي,410.0,CAPITAL,العاصمة,50.53769521,26.22927281,"26.22927281, 50.53769521"
897.0,STARBUCKS,ستاربكس,RESTAURANTS,مطاعم,COFFEE SHOPS,مقاهي,410.0,CAPITAL,العاصمة,50.54988871,26.22883603,"26.22883603, 50.54988871"
898.0,SUBWAY,سب واي,RESTAURANTS,مطاعم,OTHER RESTAURANTS,مطاعم أخرى,410.0,CAPITAL,العاصمة,50.53769098,26.22893744,"26.22893744, 50.53769098"
899.0,TERIYAKI,ترياكي,RESTAURANTS,مطاعم,OTHER RESTAURANTS,مطاعم أخرى,410.0,CAPITAL,العاصمة,50.53783984,26.22893839,"26.22893839, 50.53783984"
900.0,BAIT AL DONUT‎‏,بيت الدونت,RESTAURANTS,مطاعم,COFFEE SHOPS,مقاهي,411.0,CAPITAL,العاصمة,50.53944175,26.20599384,"26.20599384, 50.53944175"
901.0,HOL N ONE,هول إن ون,RESTAURANTS,مطاعم,COFFEE SHOPS,مقاهي,411.0,CAPITAL,العاصمة,50.54061161,26.20692549,"26.20692549, 50.54061161"
902.0,ARIZONA COFFEE SHOP,أريزونا كوفي شوب,RESTAURANTS,مطاعم,COFFEE SHOPS,مقاهي,412.0,CAPITAL,العاصمة,50.53710514,26.2271035,"26.2271035, 50.53710514"
903.0,CHAI CAFE,شاي كافيه,RESTAURANTS,مطاعم,COFFEE SHOPS,مقاهي,412.0,CAPITAL,العاصمة,50.53914256,26.2268107,"26.2268107, 50.53914256"
904.0,MARMARIS RESTAURANT,مطعم مرمريز,RESTAURANTS,مطاعم,ARABIC RESTAURANTS,مطاعم عربية,412.0,CAPITAL,العاصمة,50.5372778,26.22702917,"26.22702917, 50.5372778"
905.0,TEHRAN GRILLS,مشويات طهران,RESTAURANTS,مطاعم,IRANIAN RESTAURANTS,مطاعم إيرانية,412.0,CAPITAL,العاصمة,50.53743543,26.22692258,"26.22692258, 50.53743543"
906.0,AL MURTADHA RESTAURANT,مطعم المرتضى,RESTAURANTS,مطاعم,OTHER RESTAURANTS,مطاعم أخرى,414.0,CAPITAL,العاصمة,50.53654065,26.22070603,"26.22070603, 50.53654065"
907.0,AL SHUAA RESTAURANT,مطعم الشعاع,RESTAURANTS,مطاعم,OTHER RESTAURANTS,مطاعم أخرى,414.0,CAPITAL,العاصمة,50.53628998,26.22126712,"26.22126712, 50.53628998"
908.0,AL HOWZA RESTAURANT,مطعم الحوزة,RESTAURANTS,مطاعم,ARABIC RESTAURANTS,مطاعم عربية,419.0,CAPITAL,العاصمة,50.5443174,26.21070619,"26.21070619, 50.5443174"
909.0,ALBUNNI GRILLS,مشويات البني,RESTAURANTS,مطاعم,ARABIC RESTAURANTS,مطاعم عربية,419.0,CAPITAL,العاصمة,50.54304239,26.21179415,"26.21179415, 50.54304239"
910.0,AL JASSAS BACHA RESTAURANT,مطعم الجصاص للباجه,RESTAURANTS,مطاعم,OTHER RESTAURANTS,مطاعم أخرى,421.0,CAPITAL,العاصمة,50.53999006,26.21893672,"26.21893672, 50.53999006"
911.0,ADAM BROASTED & SHAWARMA & PASTRIES,آدم للبروستد والشاورما والمعجنات,RESTAURANTS,مطاعم,TURKISH RESTAURANTS,مطاعم تركية,422.0,CAPITAL,العاصمة,50.53617637,26.22013834,"26.22013834, 50.53617637"
912.0,AL SHOALAH RESTAURANT,مطعم الشعلة,RESTAURANTS,مطاعم,OTHER RESTAURANTS,مطاعم أخرى,422.0,CAPITAL,العاصمة,50.53597919,26.21982397,"26.21982397, 50.53597919"
913.0,GREEN CLOVE RESTAURANT,مطعم الكف الأخضر,RESTAURANTS,مطاعم,OTHER RESTAURANTS,مطاعم أخرى,422.0,CAPITAL,العاصمة,50.53611531,26.22105703,"26.22105703, 50.53611531"
914.0,MUSBAH PASTARY,مصباح باستيري,RESTAURANTS,مطاعم,ARABIC RESTAURANTS,مطاعم عربية,422.0,CAPITAL,العاصمة,50.53599377,26.22133976,"26.22133976, 50.53599377"
915.0,RAHI RELAX TURKISH FOOD,استراحة راهي للمأكولات التركية,RESTAURANTS,مطاعم,TURKISH RESTAURANTS,مطاعم تركية,422.0,CAPITAL,العاصمة,50.53406622,26.219551,"26.219551, 50.53406622"
916.0,WADI LEBANON RESTAURANT,مطاعم وادي لبنان,RESTAURANTS,مطاعم,LEBANESE RESTAURANTS,مطاعم لبنانية,422.0,CAPITAL,العاصمة,50.53397516,26.21947545,"26.21947545, 50.53397516"
917.0,TABREEZ RESTAURANT,مطعم تبريز,RESTAURANTS,مطاعم,ARABIC RESTAURANTS,مطاعم عربية,423.0,CAPITAL,العاصمة,50.53797111,26.21888966,"26.21888966, 50.53797111"
918.0,TABREEZ RESTAURANT,مطعم تبريز,RESTAURANTS,مطاعم,OTHER RESTAURANTS,مطاعم أخرى,423.0,CAPITAL,العاصمة,50.53778046,26.21904868,"26.21904868, 50.53778046"
919.0,HAPPY LAND RESTAURANT,مطعم هبي لاند,RESTAURANTS,مطاعم,OTHER RESTAURANTS,مطاعم أخرى,425.0,CAPITAL,العاصمة,50.53396944,26.21565768,"26.21565768, 50.53396944"
920.0,BURGER LAND,برجر لاند,RESTAURANTS,مطاعم,ARABIC RESTAURANTS,مطاعم عربية,426.0,CAPITAL,العاصمة,50.52026221,26.21751071,"26.21751071, 50.52026221"
921.0,LANTERNS RESTAURANT,مطعم لانترنز,RESTAURANTS,مطاعم,INDIAN RESTAURANTS,مطاعم هندية,426.0,CAPITAL,العاصمة,50.52048013,26.21802753,"26.21802753, 50.52048013"
922.0,LE MARINA,لي مارينا,RESTAURANTS,مطاعم,SEAFOOD RESTAURANTS,مأكولات بحرية,426.0,CAPITAL,العاصمة,50.52033166,26.21751517,"26.21751517, 50.52033166"
923.0,MILANO ICE CREAM,آيس كريم ميلانو,RESTAURANTS,مطاعم,ICE CREAM,أيس كريم,426.0,CAPITAL,العاصمة,50.51987893,26.21754403,"26.21754403, 50.51987893"
924.0,216 RESTAURANT AND CAFE,216 مطعم ومقهى,RESTAURANTS,مطاعم,COFFEE SHOPS,مقاهي,428.0,CAPITAL,العاصمة,50.53672027,26.23549479,"26.23549479, 50.53672027"
925.0,3AL TAREEQ LEBANESE STREET FOOD RESTAURANT AND CAFE,مطعم ومقهى عالطريق اللبناني,RESTAURANTS,مطاعم,LEBANESE RESTAURANTS,مطاعم لبنانية,428.0,CAPITAL,العاصمة,50.53644719,26.23541985,"26.23541985, 50.53644719"
926.0,ABO ADNAN RESTAURANT,مطعم أبو عدنان,RESTAURANTS,مطاعم,FAST FOOD RESTAURANTS,وجبات سريعة,428.0,CAPITAL,العاصمة,50.53788746,26.23546339,"26.23546339, 50.53788746"
927.0,AL ABRAAJ RESTAURANT,مطعم الأبراج,RESTAURANTS,مطاعم,INTERNATIONAL RESTAURANTS,مطاعم عالمية,428.0,CAPITAL,العاصمة,50.54116896,26.23304284,"26.23304284, 50.54116896"
928.0,AL ABRAAJ RESTAURANT,مطعم الأبراج,RESTAURANTS,مطاعم,INTERNATIONAL RESTAURANTS,مطاعم عالمية,428.0,CAPITAL,العاصمة,50.53644283,26.23155004,"26.23155004, 50.53644283"
929.0,AL BINDAIRA CAFE,مقهى البنديرة,RESTAURANTS,مطاعم,COFFEE SHOPS,مقاهي,428.0,CAPITAL,العاصمة,50.54098215,26.2330436,"26.2330436, 50.54098215"
930.0,AL KHAYMA,الخيمة,RESTAURANTS,مطاعم,LEBANESE RESTAURANTS,مطاعم لبنانية,428.0,CAPITAL,العاصمة,50.53870099,26.24334345,"26.24334345, 50.53870099"
931.0,ALSAQI CAFE,الساقي كافيه,RESTAURANTS,مطاعم,COFFEE SHOPS,مقاهي,428.0,CAPITAL,العاصمة,50.54196496,26.23596519,"26.23596519, 50.54196496"
932.0,AROMA CAFE,أروما كافيه,RESTAURANTS,مطاعم,COFFEE SHOPS,مقاهي,428.0,CAPITAL,العاصمة,50.53953249,26.23149156,"26.23149156, 50.53953249"
933.0,AVANTI RESTAURANT AND CAFE,مطعم ومقهى آفانتي,RESTAURANTS,مطاعم,OTHER RESTAURANTS,مطاعم أخرى,428.0,CAPITAL,العاصمة,50.53771994,26.23951047,"26.23951047, 50.53771994"
934.0,BABA HABBAS RESTAURANT,مطعم بابا هباس,RESTAURANTS,مطاعم,ARABIC RESTAURANTS,مطاعم عربية,428.0,CAPITAL,العاصمة,50.53867006,26.23182895,"26.23182895, 50.53867006"
935.0,BAIT AL DONUT‎‏,بيت الدونت,RESTAURANTS,مطاعم,COFFEE SHOPS,مقاهي,428.0,CAPITAL,العاصمة,50.53914651,26.2321146,"26.2321146, 50.53914651"
936.0,BLACK ANGUS RESTAURANT,مطعم بلاك أنجوس,RESTAURANTS,مطاعم,AMERICAN RESTAURANTS,مطاعم أمريكية,428.0,CAPITAL,العاصمة,50.53898905,26.2385726,"26.2385726, 50.53898905"
937.0,BLANC SPECIALITY COFFEE,كافيه قهوة بلانك المتخصصة,RESTAURANTS,مطاعم,COFFEE SHOPS,مقاهي,428.0,CAPITAL,العاصمة,50.53672009,26.23647935,"26.23647935, 50.53672009"
938.0,BOWLS N BREWS RESTAURANT,مطعم بولز آند برووز,RESTAURANTS,مطاعم,FAST FOOD RESTAURANTS,وجبات سريعة,428.0,CAPITAL,العاصمة,50.53807552,26.23546878,"26.23546878, 50.53807552"
939.0,BRU ARTISAN COFFEE,برو ارتيسان كافيه,RESTAURANTS,مطاعم,COFFEE SHOPS,مقاهي,428.0,CAPITAL,العاصمة,50.53651581,26.23591794,"26.23591794, 50.53651581"
940.0,BUSHIDO RESTAURANT,بيشدو,RESTAURANTS,مطاعم,JAPANESE RESTAURANTS,مطاعم يابانية,428.0,CAPITAL,العاصمة,50.54281529,26.23973498,"26.23973498, 50.54281529"
941.0,CAFE ITALIA,كافيه إيطاليا,RESTAURANTS,مطاعم,ITALIAN RESTAURANTS,مطاعم إيطالية,428.0,CAPITAL,العاصمة,50.53808499,26.23233333,"26.23233333, 50.53808499"
942.0,CAFE MODA,مودا كافيه,RESTAURANTS,مطاعم,COFFEE SHOPS,مقاهي,428.0,CAPITAL,العاصمة,50.54133908,26.23253785,"26.23253785, 50.54133908"
943.0,CAPTAIN JACKS,كابتن جاكس,RESTAURANTS,مطاعم,OTHER RESTAURANTS,مطاعم أخرى,428.0,CAPITAL,العاصمة,50.53912784,26.23903382,"26.23903382, 50.53912784"
944.0,CHEESE ATTACK RESTAURANT,مطعم تشيز أتاك,RESTAURANTS,مطاعم,FAST FOOD RESTAURANTS,وجبات سريعة,428.0,CAPITAL,العاصمة,50.5355115,26.23778435,"26.23778435, 50.5355115"
945.0,CINNZEO,سينزيو,RESTAURANTS,مطاعم,COFFEE SHOPS,مقاهي,428.0,CAPITAL,العاصمة,50.53768822,26.23145357,"26.23145357, 50.53768822"
946.0,COFFEA CAFE,كوفيا كافيه,RESTAURANTS,مطاعم,COFFEE SHOPS,مقاهي,428.0,CAPITAL,العاصمة,50.53652478,26.23646337,"26.23646337, 50.53652478"
947.0,COSTA COFFEE,كوستا كوفي,RESTAURANTS,مطاعم,COFFEE SHOPS,مقاهي,428.0,CAPITAL,العاصمة,50.53940024,26.23238634,"26.23238634, 50.53940024"
948.0,COSTA COFFEE,كوستا كوفي,RESTAURANTS,مطاعم,COFFEE SHOPS,مقاهي,428.0,CAPITAL,العاصمة,50.54181269,26.23596102,"26.23596102, 50.54181269"
949.0,DAIRY QUEEN,ديري كوين,RESTAURANTS,مطاعم,FAST FOOD RESTAURANTS,وجبات سريعة,428.0,CAPITAL,العاصمة,50.53764969,26.23257339,"26.23257339, 50.53764969"
950.0,DAIRY QUEEN,ديري كوين,RESTAURANTS,مطاعم,FAST FOOD RESTAURANTS,وجبات سريعة,428.0,CAPITAL,العاصمة,50.53807987,26.23253957,"26.23253957, 50.53807987"
951.0,DAR AL ZAIN RESTAURANT AND CAFE,مطعم ومقهى دار الزين,RESTAURANTS,مطاعم,BAHRAINI RESTAURANTS,مطاعم بحرينية,428.0,CAPITAL,العاصمة,50.53819109,26.23554977,"26.23554977, 50.53819109"
952.0,DERBY CAFE,دربي كافيه,RESTAURANTS,مطاعم,COFFEE SHOPS,مقاهي,428.0,CAPITAL,العاصمة,50.5361281,26.23115455,"26.23115455, 50.5361281"
953.0,DOUVEN PASTRIES,معجنات دوفن,RESTAURANTS,مطاعم,ARABIC RESTAURANTS,مطاعم عربية,428.0,CAPITAL,العاصمة,50.54046887,26.23295787,"26.23295787, 50.54046887"
954.0,DUNKIN DONUTS,دانكن دونتس,RESTAURANTS,مطاعم,COFFEE SHOPS,مقاهي,428.0,CAPITAL,العاصمة,50.54189214,26.23596605,"26.23596605, 50.54189214"
955.0,ELEVATION BURGER,إليفيشن برجر,RESTAURANTS,مطاعم,FAST FOOD RESTAURANTS,وجبات سريعة,428.0,CAPITAL,العاصمة,50.53590137,26.23271619,"26.23271619, 50.53590137"
956.0,FATOOSH RESTAURANT,مطعم فتوش,RESTAURANTS,مطاعم,OTHER RESTAURANTS,مطاعم أخرى,428.0,CAPITAL,العاصمة,50.53901299,26.2321884,"26.2321884, 50.53901299"
957.0,FLORENCIA ICE CREAM,فلورينسيا آيس كريم,RESTAURANTS,مطاعم,ICE CREAM,أيس كريم,428.0,CAPITAL,العاصمة,50.53773712,26.23546769,"26.23546769, 50.53773712"
958.0,FLORIYAN CAFE,فلوريان كافيه,RESTAURANTS,مطاعم,COFFEE SHOPS,مقاهي,428.0,CAPITAL,العاصمة,50.53949453,26.23238597,"26.23238597, 50.53949453"
959.0,FUDDRUCKERS RESTAURANT,مطعم فودركرز,RESTAURANTS,مطاعم,AMERICAN RESTAURANTS,مطاعم أمريكية,428.0,CAPITAL,العاصمة,50.53767601,26.23161925,"26.23161925, 50.53767601"
960.0,FUDS EXPRESS GRILL,فدز إكسبرس جريل,RESTAURANTS,مطاعم,FAST FOOD RESTAURANTS,وجبات سريعة,428.0,CAPITAL,العاصمة,50.53664697,26.23183738,"26.23183738, 50.53664697"
961.0,GOLDEN DOUCH,العجينة الذهبية,RESTAURANTS,مطاعم,ARABIC RESTAURANTS,مطاعم عربية,428.0,CAPITAL,العاصمة,50.53734469,26.23162998,"26.23162998, 50.53734469"
962.0,GRA COFFEE,جي أر أي كافيه,RESTAURANTS,مطاعم,COFFEE SHOPS,مقاهي,428.0,CAPITAL,العاصمة,50.53671605,26.23575709,"26.23575709, 50.53671605"
963.0,GREEK STREET BISTRO RESTAURANT,مطعم كريك ستريت بيسترو,RESTAURANTS,مطاعم,INTERNATIONAL RESTAURANTS,مطاعم عالمية,428.0,CAPITAL,العاصمة,50.53580487,26.237791,"26.237791, 50.53580487"
964.0,HARDEES,هارديز,RESTAURANTS,مطاعم,FAST FOOD RESTAURANTS,وجبات سريعة,428.0,CAPITAL,العاصمة,50.53885218,26.23182655,"26.23182655, 50.53885218"
965.0,HEALTHY CALORIE RESTAURANT,مطعم هلثي كالوري,RESTAURANTS,مطاعم,OTHER RESTAURANTS,مطاعم أخرى,428.0,CAPITAL,العاصمة,50.54218856,26.23548518,"26.23548518, 50.54218856"
966.0,HEALTHY ROOTS RESTAURANT,مطعم الجذور الصحية,RESTAURANTS,مطاعم,INTERNATIONAL RESTAURANTS,مطاعم عالمية,428.0,CAPITAL,العاصمة,50.53802056,26.23546681,"26.23546681, 50.53802056"
967.0,JASMIS RESTAURANT,مطعم جسميز,RESTAURANTS,مطاعم,FAST FOOD RESTAURANTS,وجبات سريعة,428.0,CAPITAL,العاصمة,50.54104858,26.23303943,"26.23303943, 50.54104858"
968.0,JOHNNY CARINO'S RESTAURANT,مطعم جوني كارينو,RESTAURANTS,مطاعم,ITALIAN RESTAURANTS,مطاعم إيطالية,428.0,CAPITAL,العاصمة,50.53664844,26.23310412,"26.23310412, 50.53664844"
969.0,JOHNNY ROCKETS,جوني روكتس,RESTAURANTS,مطاعم,AMERICAN RESTAURANTS,مطاعم أمريكية,428.0,CAPITAL,العاصمة,50.54169652,26.23296572,"26.23296572, 50.54169652"
970.0,JULIO'S,جوليوس,RESTAURANTS,مطاعم,COFFEE SHOPS,مقاهي,428.0,CAPITAL,العاصمة,50.54986729,26.23538321,"26.23538321, 50.54986729"
971.0,JULIOS SPECIALITY RESTAURANT,مطعم جوليوس التخصصي,RESTAURANTS,مطاعم,OTHER RESTAURANTS,مطاعم أخرى,428.0,CAPITAL,العاصمة,50.5384857,26.23930867,"26.23930867, 50.5384857"
972.0,KARAKCHI CAFE,كركجي كافيه,RESTAURANTS,مطاعم,COFFEE SHOPS,مقاهي,428.0,CAPITAL,العاصمة,50.54203912,26.23596733,"26.23596733, 50.54203912"
973.0,KASBAH RESTAURANT AND LOUNGE,مطعم وصالة كاسبه,RESTAURANTS,مطاعم,OTHER RESTAURANTS,مطاعم أخرى,428.0,CAPITAL,العاصمة,50.53671957,26.24071154,"26.24071154, 50.53671957"
974.0,KENTUCKY FRIED CHICKEN - KFC,كنتاكي,RESTAURANTS,مطاعم,FAST FOOD RESTAURANTS,وجبات سريعة,428.0,CAPITAL,العاصمة,50.53633214,26.23193718,"26.23193718, 50.53633214"
975.0,KHALAK SHANAB SHAWARMA RESTAURANT,مطعم خلك شنب للشاورما,RESTAURANTS,مطاعم,FAST FOOD RESTAURANTS,وجبات سريعة,428.0,CAPITAL,العاصمة,50.53574841,26.23756044,"26.23756044, 50.53574841"
976.0,KUDU,كودو,RESTAURANTS,مطاعم,FAST FOOD RESTAURANTS,وجبات سريعة,428.0,CAPITAL,العاصمة,50.53644576,26.23164561,"26.23164561, 50.53644576"
977.0,LA MAISON DU CAFE,لا ميزون دو كافية,RESTAURANTS,مطاعم,COFFEE SHOPS,مقاهي,428.0,CAPITAL,العاصمة,50.5375713,26.231725,"26.231725, 50.5375713"
978.0,LA MEDITERRANEE,لامدترني,RESTAURANTS,مطاعم,INTERNATIONAL RESTAURANTS,مطاعم عالمية,428.0,CAPITAL,العاصمة,50.53848432,26.24353147,"26.24353147, 50.53848432"
979.0,LILOU ARTISAN PATISSERIE,حلويات ليلو ارتيزان,RESTAURANTS,مطاعم,COFFEE SHOPS,مقاهي,428.0,CAPITAL,العاصمة,50.54137371,26.23268817,"26.23268817, 50.54137371"
980.0,MADO RESTAURANT,مطعم مادو,RESTAURANTS,مطاعم,TURKISH RESTAURANTS,مطاعم تركية,428.0,CAPITAL,العاصمة,50.5391345,26.23222553,"26.23222553, 50.5391345"
981.0,MAISON SAJ RESTAURANT,مطعم ميزون صاج,RESTAURANTS,مطاعم,LEBANESE RESTAURANTS,مطاعم لبنانية,428.0,CAPITAL,العاصمة,50.53819277,26.2354584,"26.2354584, 50.53819277"
982.0,MCDONALD'S,ماكدونالدز,RESTAURANTS,مطاعم,FAST FOOD RESTAURANTS,وجبات سريعة,428.0,CAPITAL,العاصمة,50.53621311,26.23186584,"26.23186584, 50.53621311"
983.0,MCDONALD'S,ماكدونالدز,RESTAURANTS,مطاعم,FAST FOOD RESTAURANTS,وجبات سريعة,428.0,CAPITAL,العاصمة,50.53819059,26.2343301,"26.2343301, 50.53819059"
984.0,MEXICO RESTAURANT,المطعم المكسيكي,RESTAURANTS,مطاعم,OTHER RESTAURANTS,مطاعم أخرى,428.0,CAPITAL,العاصمة,50.53949859,26.23226597,"26.23226597, 50.53949859"
985.0,MOOD RESTAURANT AND CAFE,مطعم ومقهى مود,RESTAURANTS,مطاعم,COFFEE SHOPS,مقاهي,428.0,CAPITAL,العاصمة,50.53781525,26.23490098,"26.23490098, 50.53781525"
986.0,MUNCHEEZE RESTAURANT,مطعم منجيز,RESTAURANTS,مطاعم,FAST FOOD RESTAURANTS,وجبات سريعة,428.0,CAPITAL,العاصمة,50.54174905,26.23590143,"26.23590143, 50.54174905"
987.0,NAMASTE INDYA RESTAURANT,مطعم ناماستي إنديا,RESTAURANTS,مطاعم,INDIAN RESTAURANTS,مطاعم هندية,428.0,CAPITAL,العاصمة,50.53569167,26.23761406,"26.23761406, 50.53569167"
988.0,NASEEF RESTAURANT,مطعم النصيف,RESTAURANTS,مطاعم,BAHRAINI RESTAURANTS,مطاعم بحرينية,428.0,CAPITAL,العاصمة,50.53927718,26.23125558,"26.23125558, 50.53927718"
989.0,NESTLE TOLL HOUSE CAFE,مقهى نستله تول هاوس,RESTAURANTS,مطاعم,COFFEE SHOPS,مقاهي,428.0,CAPITAL,العاصمة,50.5373266,26.23181216,"26.23181216, 50.5373266"
990.0,NEYRAN RESTAURANT,مطعم نيران,RESTAURANTS,مطاعم,INTERNATIONAL RESTAURANTS,مطاعم عالمية,428.0,CAPITAL,العاصمة,50.54161795,26.23148465,"26.23148465, 50.54161795"
991.0,NINO RESTAURANT,مطعم نينو,RESTAURANTS,مطاعم,ITALIAN RESTAURANTS,مطاعم إيطالية,428.0,CAPITAL,العاصمة,50.54170487,26.23265137,"26.23265137, 50.54170487"
992.0,NIRVANA,نرفانا,RESTAURANTS,مطاعم,INDIAN RESTAURANTS,مطاعم هندية,428.0,CAPITAL,العاصمة,50.53870099,26.24334345,"26.24334345, 50.53870099"
993.0,NK COFFEE,ان كي كافيه,RESTAURANTS,مطاعم,COFFEE SHOPS,مقاهي,428.0,CAPITAL,العاصمة,50.53671412,26.23584309,"26.23584309, 50.53671412"
994.0,NOMAD URBAN EATERY RESTAURANT,مطعم نوماد الحضري,RESTAURANTS,مطاعم,INTERNATIONAL RESTAURANTS,مطاعم عالمية,428.0,CAPITAL,العاصمة,50.53597759,26.23847411,"26.23847411, 50.53597759"
995.0,NU ASIA,نيو آسيا,RESTAURANTS,مطاعم,CHINESE RESTAURANTS,مطاعم صينية,428.0,CAPITAL,العاصمة,50.54172192,26.23222992,"26.23222992, 50.54172192"
996.0,OZ CAFE,اوز كافيه,RESTAURANTS,مطاعم,COFFEE SHOPS,مقاهي,428.0,CAPITAL,العاصمة,50.53970511,26.23745501,"26.23745501, 50.53970511"
997.0,PAPA JOHNS,بابا جونز,RESTAURANTS,مطاعم,PIZZA,بيتزا,428.0,CAPITAL,العاصمة,50.53653478,26.23174145,"26.23174145, 50.53653478"
998.0,PERSIAN GARDEN RESTAURANT,مطعم الحديقة الفارسية,RESTAURANTS,مطاعم,IRANIAN RESTAURANTS,مطاعم إيرانية,428.0,CAPITAL,العاصمة,50.54067268,26.23276416,"26.23276416, 50.54067268"
999.0,PIZZA HAVEN,بيتزا هيفن,RESTAURANTS,مطاعم,PIZZA,بيتزا,428.0,CAPITAL,العاصمة,50.53898432,26.23319019,"26.23319019, 50.53898432"
1000.0,PIZZA HUT,بيتزا هت,RESTAURANTS,مطاعم,PIZZA,بيتزا,428.0,CAPITAL,العاصمة,50.53665399,26.23173885,"26.23173885, 50.53665399"
1001.0,PLUMS,بالمز,RESTAURANTS,مطاعم,AMERICAN RESTAURANTS,مطاعم أمريكية,428.0,CAPITAL,العاصمة,50.53882605,26.24328082,"26.24328082, 50.53882605"
1002.0,PONDEROSA STEAKHOUSE,بندروزا ستيك هاوس,RESTAURANTS,مطاعم,AMERICAN RESTAURANTS,مطاعم أمريكية,428.0,CAPITAL,العاصمة,50.54023085,26.2317036,"26.2317036, 50.54023085"
1003.0,PRIMAVERA,بريمافيرا,RESTAURANTS,مطاعم,ITALIAN RESTAURANTS,مطاعم إيطالية,428.0,CAPITAL,العاصمة,50.53870099,26.24334345,"26.24334345, 50.53870099"
1004.0,RENDEZVOUS,رنديفو,RESTAURANTS,مطاعم,INTERNATIONAL RESTAURANTS,مطاعم عالمية,428.0,CAPITAL,العاصمة,50.53779431,26.23196387,"26.23196387, 50.53779431"
1005.0,ROSEMARY GOURMET RESTAURANT,مطعم روزميري جورميه,RESTAURANTS,مطاعم,LEBANESE RESTAURANTS,مطاعم لبنانية,428.0,CAPITAL,العاصمة,50.53819127,26.23550319,"26.23550319, 50.53819127"
1006.0,SAJ EXPRESS,صاج إكسبرس,RESTAURANTS,مطاعم,OTHER RESTAURANTS,مطاعم أخرى,428.0,CAPITAL,العاصمة,50.53684678,26.23324207,"26.23324207, 50.53684678"
1007.0,SAJ EXPRESS RESTAURANTS,مطعم صاج إكسبرس,RESTAURANTS,مطاعم,INTERNATIONAL RESTAURANTS,مطاعم عالمية,428.0,CAPITAL,العاصمة,50.5389146,26.23289799,"26.23289799, 50.5389146"
1008.0,SEEF CORNER CAFE,سيف كورنر كافيه,RESTAURANTS,مطاعم,COFFEE SHOPS,مقاهي,428.0,CAPITAL,العاصمة,50.53945563,26.23582267,"26.23582267, 50.53945563"
1009.0,SEEF TREND LOUNGE RESTAURANT,مطعم سيف ترند لاونج,RESTAURANTS,مطاعم,COFFEE SHOPS,مقاهي,428.0,CAPITAL,العاصمة,50.53781858,26.23473017,"26.23473017, 50.53781858"
1010.0,SERRA CAFE,سيرا كافيه,RESTAURANTS,مطاعم,COFFEE SHOPS,مقاهي,428.0,CAPITAL,العاصمة,50.53672169,26.2360364,"26.2360364, 50.53672169"
1011.0,SOCIAL MONKEY RESTAURANT,مطعم سوشيال مونكي,RESTAURANTS,مطاعم,OTHER RESTAURANTS,مطاعم أخرى,428.0,CAPITAL,العاصمة,50.53912826,26.23880089,"26.23880089, 50.53912826"
1012.0,SPICE,سبايس,RESTAURANTS,مطاعم,INTERNATIONAL RESTAURANTS,مطاعم عالمية,428.0,CAPITAL,العاصمة,50.54008468,26.23146221,"26.23146221, 50.54008468"
1013.0,STAGE RESTAURANT,مطعم ستيج,RESTAURANTS,مطاعم,OTHER RESTAURANTS,مطاعم أخرى,428.0,CAPITAL,العاصمة,50.54349232,26.23879077,"26.23879077, 50.54349232"
1014.0,STARBUCKS,ستاربكس,RESTAURANTS,مطاعم,COFFEE SHOPS,مقاهي,428.0,CAPITAL,العاصمة,50.53547019,26.23853091,"26.23853091, 50.53547019"
1015.0,STARBUCKS,ستاربكس,RESTAURANTS,مطاعم,COFFEE SHOPS,مقاهي,428.0,CAPITAL,العاصمة,50.53902924,26.23274525,"26.23274525, 50.53902924"
1016.0,TAKE AWAY RESTAURANT,مطعم تيك أوي,RESTAURANTS,مطاعم,OTHER RESTAURANTS,مطاعم أخرى,428.0,CAPITAL,العاصمة,50.53981634,26.23579913,"26.23579913, 50.53981634"
1017.0,TASHQAND RESTAURANT,مطعم طشقند,RESTAURANTS,مطاعم,OTHER RESTAURANTS,مطاعم أخرى,428.0,CAPITAL,العاصمة,50.53788533,26.23204233,"26.23204233, 50.53788533"
1018.0,TEA BREAK CAFE,تي بريك كافيه,RESTAURANTS,مطاعم,FAST FOOD RESTAURANTS,وجبات سريعة,428.0,CAPITAL,العاصمة,50.53651817,26.23585727,"26.23585727, 50.53651817"
1019.0,THE BLOCK RESTAURANT,مطعم ذا بلوك,RESTAURANTS,مطاعم,FAST FOOD RESTAURANTS,وجبات سريعة,428.0,CAPITAL,العاصمة,50.53653931,26.23909397,"26.23909397, 50.53653931"
1020.0,THE BOSSMAN BURGER RESTAURANT,مطعم ذا بوس مان برغر,RESTAURANTS,مطاعم,ITALIAN RESTAURANTS,مطاعم إيطالية,428.0,CAPITAL,العاصمة,50.53653181,26.23635947,"26.23635947, 50.53653181"
1021.0,THE CREPE CAFE,ذي كريب كافيه,RESTAURANTS,مطاعم,COFFEE SHOPS,مقاهي,428.0,CAPITAL,العاصمة,50.53746461,26.23162906,"26.23162906, 50.53746461"
1022.0,THE KNOT COFFEE BAR,ذا نوت كوفي بار,RESTAURANTS,مطاعم,COFFEE SHOPS,مقاهي,428.0,CAPITAL,العاصمة,50.53783316,26.23546441,"26.23546441, 50.53783316"
1023.0,THE OVEN HOUSE RESTAURANT,مطعم بيت الفرن,RESTAURANTS,مطاعم,ARABIC RESTAURANTS,مطاعم عربية,428.0,CAPITAL,العاصمة,50.54189715,26.23603774,"26.23603774, 50.54189715"
1024.0,THE RANCH,مطعم الرانش,RESTAURANTS,مطاعم,INTERNATIONAL RESTAURANTS,مطاعم عالمية,428.0,CAPITAL,العاصمة,50.53869125,26.24356326,"26.24356326, 50.53869125"
1025.0,TIM HORTONS CAFE,مقهى تيم هورتونز,RESTAURANTS,مطاعم,COFFEE SHOPS,مقاهي,428.0,CAPITAL,العاصمة,50.53556751,26.23773141,"26.23773141, 50.53556751"
1026.0,TRADER VICS,ترادر فيس,RESTAURANTS,مطاعم,INTERNATIONAL RESTAURANTS,مطاعم عالمية,428.0,CAPITAL,العاصمة,50.5385526,26.24371841,"26.24371841, 50.5385526"
1027.0,UNCLE SAM CAFE,العم سام كافيه,RESTAURANTS,مطاعم,COFFEE SHOPS,مقاهي,428.0,CAPITAL,العاصمة,50.53671678,26.23557075,"26.23557075, 50.53671678"
1028.0,VERANDA CAFE,مقهى فيرندا,RESTAURANTS,مطاعم,COFFEE SHOPS,مقاهي,428.0,CAPITAL,العاصمة,50.53578136,26.23134582,"26.23134582, 50.53578136"
1029.0,VOICE RESTAURANT AND CAFE,مطعم ومقهى فويس,RESTAURANTS,مطاعم,TURKISH RESTAURANTS,مطاعم تركية,428.0,CAPITAL,العاصمة,50.53736837,26.23840132,"26.23840132, 50.53736837"
1030.0,WHITE CRYSTAL RESTAURANT,مطعم الكريستال الأبيض,RESTAURANTS,مطاعم,OTHER RESTAURANTS,مطاعم أخرى,428.0,CAPITAL,العاصمة,50.53928482,26.23880294,"26.23880294, 50.53928482"
1031.0,YO SUSHI,يو سشي,RESTAURANTS,مطاعم,JAPANESE RESTAURANTS,مطاعم يابانية,428.0,CAPITAL,العاصمة,50.54055905,26.23295769,"26.23295769, 50.54055905"
1032.0,YUM YUM EXPERIENCE RESTAURANT,مطعم يم يم إكسبيرينس,RESTAURANTS,مطاعم,INTERNATIONAL RESTAURANTS,مطاعم عالمية,428.0,CAPITAL,العاصمة,50.53581304,26.23749936,"26.23749936, 50.53581304"
1033.0,ZOMA RESTAURANT AND CAFE,مطعم ومقهى زوما,RESTAURANTS,مطاعم,INTERNATIONAL RESTAURANTS,مطاعم عالمية,428.0,CAPITAL,العاصمة,50.53802445,26.23447888,"26.23447888, 50.53802445"
1034.0,UMM ALBANEEN RESTAURANT,مطعم أم البنين,RESTAURANTS,مطاعم,OTHER RESTAURANTS,مطاعم أخرى,434.0,CAPITAL,العاصمة,50.52907666,26.23020689,"26.23020689, 50.52907666"
1035.0,ZYARA RESTAURANT,مطعم زيارة,RESTAURANTS,مطاعم,INTERNATIONAL RESTAURANTS,مطاعم عالمية,434.0,CAPITAL,العاصمة,50.5337766,26.23170592,"26.23170592, 50.5337766"
1036.0,LE CHOCOLAT CAFE & RESTAURANT,مقهى ومطعم لو شوكولا,RESTAURANTS,مطاعم,COFFEE SHOPS,مقاهي,436.0,CAPITAL,العاصمة,50.53405799,26.23485135,"26.23485135, 50.53405799"
1037.0,ORGANIKA COFFEE SHOP,مقهى اورجانيكا,RESTAURANTS,مطاعم,COFFEE SHOPS,مقاهي,436.0,CAPITAL,العاصمة,50.52987798,26.23674161,"26.23674161, 50.52987798"
1038.0,SOUP AND SALAD CAFE,سوب آند سلاد كافيه,RESTAURANTS,مطاعم,COFFEE SHOPS,مقاهي,436.0,CAPITAL,العاصمة,50.53374242,26.23603166,"26.23603166, 50.53374242"
1039.0,THE PLAZA RESTAURANT,مطعم بلازا,RESTAURANTS,مطاعم,OTHER RESTAURANTS,مطاعم أخرى,436.0,CAPITAL,العاصمة,50.53512324,26.2383521,"26.2383521, 50.53512324"
1040.0,SEA STAR RESTAURANT,مطعم نجمة البحر,RESTAURANTS,مطاعم,OTHER RESTAURANTS,مطاعم أخرى,601.0,CAPITAL,العاصمة,50.61676472,26.17831055,"26.17831055, 50.61676472"
1041.0,AL MANAZEL RESTAURANT,مطعم المنازل,RESTAURANTS,مطاعم,OTHER RESTAURANTS,مطاعم أخرى,604.0,CAPITAL,العاصمة,50.611932,26.16480831,"26.16480831, 50.611932"
1042.0,AL ZAWRAA RESTAURANT,مطعم الزوراء,RESTAURANTS,مطاعم,OTHER RESTAURANTS,مطاعم أخرى,604.0,CAPITAL,العاصمة,50.6122443,26.16957265,"26.16957265, 50.6122443"
1043.0,INSTA CAFE,إنستا كافيه,RESTAURANTS,مطاعم,COFFEE SHOPS,مقاهي,604.0,CAPITAL,العاصمة,50.60335732,26.17308809,"26.17308809, 50.60335732"
1044.0,KHAYAM RESTAURANT,مطعم خيام,RESTAURANTS,مطاعم,OTHER RESTAURANTS,مطاعم أخرى,604.0,CAPITAL,العاصمة,50.61028603,26.17345901,"26.17345901, 50.61028603"
1045.0,SUFRAT UMM AL BANEEN RESTAURANT,مطعم سفرة أم البنين,RESTAURANTS,مطاعم,OTHER RESTAURANTS,مطاعم أخرى,604.0,CAPITAL,العاصمة,50.61020832,26.17368232,"26.17368232, 50.61020832"
1046.0,AL CARAWAN RESTAURANT,مطعم الكروان,RESTAURANTS,مطاعم,OTHER RESTAURANTS,مطاعم أخرى,606.0,CAPITAL,العاصمة,50.611923,26.16454688,"26.16454688, 50.611923"
1047.0,AL MAREEKH RESTAURANT,مطعم المريخ,RESTAURANTS,مطاعم,OTHER RESTAURANTS,مطاعم أخرى,606.0,CAPITAL,العاصمة,50.61032637,26.16447395,"26.16447395, 50.61032637"
1048.0,SAMA ALDEERAH RESTAURANT,مطعم سما الديرة,RESTAURANTS,مطاعم,ARABIC RESTAURANTS,مطاعم عربية,606.0,CAPITAL,العاصمة,50.60811859,26.15689944,"26.15689944, 50.60811859"
1049.0,THE PLANET BAKERY & CAFA,مخبز ومقهى الكوكب,RESTAURANTS,مطاعم,OTHER RESTAURANTS,مطاعم أخرى,606.0,CAPITAL,العاصمة,50.60831624,26.15674375,"26.15674375, 50.60831624"
1050.0,AIN ABDAN GRILLS,مشويات عين عبدان,RESTAURANTS,مطاعم,OTHER RESTAURANTS,مطاعم أخرى,608.0,CAPITAL,العاصمة,50.61518629,26.16329531,"26.16329531, 50.61518629"
1051.0,AL ABRAAJ RESTAURANT,مطعم الأبراج,RESTAURANTS,مطاعم,INTERNATIONAL RESTAURANTS,مطاعم عالمية,611.0,CAPITAL,العاصمة,50.60124084,26.16819208,"26.16819208, 50.60124084"
1052.0,COSTA COFFEE,كوستا كوفي,RESTAURANTS,مطاعم,COFFEE SHOPS,مقاهي,611.0,CAPITAL,العاصمة,50.60233485,26.17003436,"26.17003436, 50.60233485"
1053.0,MCDONALD'S,ماكدونالدز,RESTAURANTS,مطاعم,FAST FOOD RESTAURANTS,وجبات سريعة,611.0,CAPITAL,العاصمة,50.60117168,26.16922218,"26.16922218, 50.60117168"
1054.0,MCDONALD'S,ماكدونالدز,RESTAURANTS,مطاعم,FAST FOOD RESTAURANTS,وجبات سريعة,611.0,CAPITAL,العاصمة,50.60298233,26.16956858,"26.16956858, 50.60298233"
1055.0,STARBUCKS,ستاربكس,RESTAURANTS,مطاعم,COFFEE SHOPS,مقاهي,611.0,CAPITAL,العاصمة,50.60199027,26.16935152,"26.16935152, 50.60199027"
1056.0,VENETO,فينتو,RESTAURANTS,مطاعم,JAPANESE RESTAURANTS,مطاعم يابانية,611.0,CAPITAL,العاصمة,50.60141232,26.16941573,"26.16941573, 50.60141232"
1057.0,DERBY CAFE,دربي كافيه,RESTAURANTS,مطاعم,COFFEE SHOPS,مقاهي,623.0,CAPITAL,العاصمة,50.61558798,26.14262192,"26.14262192, 50.61558798"
1058.0,BLACK COLD RESTAURANT,مطعم بلاك كولد,RESTAURANTS,مطاعم,OTHER RESTAURANTS,مطاعم أخرى,624.0,CAPITAL,العاصمة,50.6051995,26.13963993,"26.13963993, 50.6051995"
1059.0,AL MAʻAMEER RESTAURANT,مطعم المعامير,RESTAURANTS,مطاعم,OTHER RESTAURANTS,مطاعم أخرى,633.0,CAPITAL,العاصمة,50.61103031,26.13755998,"26.13755998, 50.61103031"
1060.0,AL MANAZEL GRILLS,مشويات المنازل,RESTAURANTS,مطاعم,ARABIC RESTAURANTS,مطاعم عربية,644.0,CAPITAL,العاصمة,50.60046538,26.13295168,"26.13295168, 50.60046538"
1061.0,BLINDERS CAFE,بلايندرز كافيه,RESTAURANTS,مطاعم,COFFEE SHOPS,مقاهي,701.0,CAPITAL,العاصمة,50.54882567,26.19073361,"26.19073361, 50.54882567"
1062.0,BU ALI INTERNATIONAL RESTAURANTS COMPANY,شركة مطاعم بوعلي العالمية,RESTAURANTS,مطاعم,INTERNATIONAL RESTAURANTS,مطاعم عالمية,701.0,CAPITAL,العاصمة,50.5460528,26.1954804,"26.1954804, 50.5460528"
1063.0,GROPPI RESTAURANT AND GRILLS,مطعم ومشويات جروبي,RESTAURANTS,مطاعم,LEBANESE RESTAURANTS,مطاعم لبنانية,701.0,CAPITAL,العاصمة,50.54223461,26.18533289,"26.18533289, 50.54223461"
1064.0,HIGHER GROUNDS CAFE,مقهى هايجر غراوندز,RESTAURANTS,مطاعم,COFFEE SHOPS,مقاهي,701.0,CAPITAL,العاصمة,50.5419903,26.19142191,"26.19142191, 50.5419903"
1065.0,JUMP UP CAFE,جامب اب كافيه,RESTAURANTS,مطاعم,FAST FOOD RESTAURANTS,وجبات سريعة,701.0,CAPITAL,العاصمة,50.5412057,26.19183418,"26.19183418, 50.5412057"
1066.0,MARMARIS RESTAURANT,مطعم مرمريز,RESTAURANTS,مطاعم,ARABIC RESTAURANTS,مطاعم عربية,701.0,CAPITAL,العاصمة,50.53977045,26.18806407,"26.18806407, 50.53977045"
1067.0,MOCHA LOCA CAFE,موكا لوكا كافيه,RESTAURANTS,مطاعم,COFFEE SHOPS,مقاهي,701.0,CAPITAL,العاصمة,50.54192795,26.19190536,"26.19190536, 50.54192795"
1068.0,MORNING CUP SANDWICHES RESTAURANT,مطعم كوب الصباح للسندويشات,RESTAURANTS,مطاعم,COFFEE SHOPS,مقاهي,701.0,CAPITAL,العاصمة,50.5483805,26.19067234,"26.19067234, 50.5483805"
1069.0,MY TIME RESTAURANT AND CAFE,مطعم ومقهى ماي تايم,RESTAURANTS,مطاعم,ARABIC RESTAURANTS,مطاعم عربية,701.0,CAPITAL,العاصمة,50.54210009,26.18935253,"26.18935253, 50.54210009"
1070.0,PRESTO RESTAURANT AND CAFE,مطعم ومقهى برستو,RESTAURANTS,مطاعم,COFFEE SHOPS,مقاهي,701.0,CAPITAL,العاصمة,50.54419868,26.19435171,"26.19435171, 50.54419868"
1071.0,THAI BH FOOD RESTAURANT,مطعم تاي بي أتش فود,RESTAURANTS,مطاعم,THAI RESTAURANTS,مطاعم تايلندية,701.0,CAPITAL,العاصمة,50.54420953,26.19420869,"26.19420869, 50.54420953"
1072.0,GHUSN AL BAN PASTRIES,معجنات غصن البان,RESTAURANTS,مطاعم,ARABIC RESTAURANTS,مطاعم عربية,705.0,CAPITAL,العاصمة,50.54803096,26.18005797,"26.18005797, 50.54803096"
1073.0,LEBANESE RESTAURANT,المطعم اللبناني,RESTAURANTS,مطاعم,LEBANESE RESTAURANTS,مطاعم لبنانية,707.0,CAPITAL,العاصمة,50.55777229,26.18633715,"26.18633715, 50.55777229"
1074.0,ABU AL ʻAZZ AL SHAMI RESTAURANT,مطعم ابو العز الشامي,RESTAURANTS,مطاعم,OTHER RESTAURANTS,مطاعم أخرى,711.0,CAPITAL,العاصمة,50.55773264,26.18742151,"26.18742151, 50.55773264"
1075.0,AFGHANI BUKHARI RESTAURANT,مطعم أفغاني بخاري,RESTAURANTS,مطاعم,ARABIC RESTAURANTS,مطاعم عربية,711.0,CAPITAL,العاصمة,50.55794983,26.1873457,"26.1873457, 50.55794983"
1076.0,AL SEEF FISH RESTAURANT,مطعم أسماك السيف,RESTAURANTS,مطاعم,SEAFOOD RESTAURANTS,مأكولات بحرية,711.0,CAPITAL,العاصمة,50.56310377,26.20192403,"26.20192403, 50.56310377"
1077.0,AYDER RESTAURANT,مطعم أيدر,RESTAURANTS,مطاعم,ARABIC RESTAURANTS,مطاعم عربية,711.0,CAPITAL,العاصمة,50.55699366,26.19108486,"26.19108486, 50.55699366"
1078.0,BASKIN ROBBINS,باسكن روبنز,RESTAURANTS,مطاعم,ICE CREAM,أيس كريم,711.0,CAPITAL,العاصمة,50.56478998,26.20242063,"26.20242063, 50.56478998"
1079.0,BURGER LAND,برجر لاند,RESTAURANTS,مطاعم,ARABIC RESTAURANTS,مطاعم عربية,711.0,CAPITAL,العاصمة,50.56164895,26.20086381,"26.20086381, 50.56164895"
1080.0,DECORATING MEMORIES CAFE,مقهى ديكوراتينغ ميموريز,RESTAURANTS,مطاعم,COFFEE SHOPS,مقاهي,711.0,CAPITAL,العاصمة,50.56130578,26.20069691,"26.20069691, 50.56130578"
1081.0,DOMINO'S PIZZA,دومينوز بيتزا,RESTAURANTS,مطاعم,PIZZA,بيتزا,711.0,CAPITAL,العاصمة,50.55997382,26.19939492,"26.19939492, 50.55997382"
1082.0,DREAM TAJ MAHAL RESTAURANT,مطعم دريم تاج محل,RESTAURANTS,مطاعم,FAST FOOD RESTAURANTS,وجبات سريعة,711.0,CAPITAL,العاصمة,50.55790223,26.18733123,"26.18733123, 50.55790223"
1083.0,HAIDA RESTAURANT,مطعم هايده,RESTAURANTS,مطاعم,ARABIC RESTAURANTS,مطاعم عربية,711.0,CAPITAL,العاصمة,50.557111570000004,26.19012203,"26.19012203, 50.55711157"
1084.0,ICE TOWN JUICES,عصائر آيس تاون,RESTAURANTS,مطاعم,OTHER RESTAURANTS,مطاعم أخرى,711.0,CAPITAL,العاصمة,50.55755307,26.18834974,"26.18834974, 50.55755307"
1085.0,JASMIS RESTAURANT,مطعم جسميز,RESTAURANTS,مطاعم,FAST FOOD RESTAURANTS,وجبات سريعة,711.0,CAPITAL,العاصمة,50.55774606,26.19774555,"26.19774555, 50.55774606"
1086.0,KING KARAK - RABBASH TEA,شاي ملك الكرك - شاي الرباش,RESTAURANTS,مطاعم,COFFEE SHOPS,مقاهي,711.0,CAPITAL,العاصمة,50.55772088,26.18745297,"26.18745297, 50.55772088"
1087.0,KRISPY KREME DONUT,كرسبي كريم دونت,RESTAURANTS,مطاعم,COFFEE SHOPS,مقاهي,711.0,CAPITAL,العاصمة,50.55734919,26.18902171,"26.18902171, 50.55734919"
1088.0,LAHMA RESTAURANTS,مطعم لحمة,RESTAURANTS,مطاعم,AMERICAN RESTAURANTS,مطاعم أمريكية,711.0,CAPITAL,العاصمة,50.56152311,26.20074205,"26.20074205, 50.56152311"
1089.0,MAMBO CAFE,مامبو كافيه,RESTAURANTS,مطاعم,COFFEE SHOPS,مقاهي,711.0,CAPITAL,العاصمة,50.56526638,26.20242737,"26.20242737, 50.56526638"
1090.0,MAMBO CAFE,مقهى مامبو,RESTAURANTS,مطاعم,COFFEE SHOPS,مقاهي,711.0,CAPITAL,العاصمة,50.56512425,26.20243338,"26.20243338, 50.56512425"
1091.0,PIZZA HUT,بيتزا هت,RESTAURANTS,مطاعم,PIZZA,بيتزا,711.0,CAPITAL,العاصمة,50.55735647,26.18899093,"26.18899093, 50.55735647"
1092.0,PORTION KITCHEN RESTAURANT,مطعم بورشن كيتشن,RESTAURANTS,مطاعم,FAST FOOD RESTAURANTS,وجبات سريعة,711.0,CAPITAL,العاصمة,50.56339398,26.18506273,"26.18506273, 50.56339398"
1093.0,RAWAQAN KARAK,كرك روقان,RESTAURANTS,مطاعم,FAST FOOD RESTAURANTS,وجبات سريعة,711.0,CAPITAL,العاصمة,50.55744721,26.18896588,"26.18896588, 50.55744721"
1094.0,SABAR AYOUB LINE RESTAURANT AND GRILLS,مطعم ومشويات صبر أيوب لاين,RESTAURANTS,مطاعم,ARABIC RESTAURANTS,مطاعم عربية,711.0,CAPITAL,العاصمة,50.56442695,26.20240187,"26.20240187, 50.56442695"
1095.0,TARO FROZEN YOGURT ICE CREAM,تارو للزبادي المثلج آيس كريم,RESTAURANTS,مطاعم,ICE CREAM,أيس كريم,711.0,CAPITAL,العاصمة,50.55751474,26.1885076,"26.1885076, 50.55751474"
1096.0,THE KOP CAFE,ذا كوب كافيه,RESTAURANTS,مطاعم,COFFEE SHOPS,مقاهي,711.0,CAPITAL,العاصمة,50.56177495,26.20101911,"26.20101911, 50.56177495"
1097.0,TOMOCA COFFEE,توموكا كوفي,RESTAURANTS,مطاعم,COFFEE SHOPS,مقاهي,711.0,CAPITAL,العاصمة,50.55749178,26.18877871,"26.18877871, 50.55749178"
1098.0,WE ONE FOOD CAFETERIA,كافتيريا وي ون فود,RESTAURANTS,مطاعم,COFFEE SHOPS,مقاهي,711.0,CAPITAL,العاصمة,50.56165408,26.20059293,"26.20059293, 50.56165408"
1099.0,WHITE PLATE CATERING RESTAURANT,مطعم وايت بليت للتموين,RESTAURANTS,مطاعم,OTHER RESTAURANTS,مطاعم أخرى,711.0,CAPITAL,العاصمة,50.55704039,26.19079751,"26.19079751, 50.55704039"
1100.0,AL MISHRIF RESTAURANT,مطعم المشرف,RESTAURANTS,مطاعم,OTHER RESTAURANTS,مطاعم أخرى,713.0,CAPITAL,العاصمة,50.55676412,26.19001521,"26.19001521, 50.55676412"
1101.0,MADHIF AL MOODAWEB RESTAURANT,مطعم مضيف المدوب,RESTAURANTS,مطاعم,OTHER RESTAURANTS,مطاعم أخرى,713.0,CAPITAL,العاصمة,50.55359923,26.18858246,"26.18858246, 50.55359923"
1102.0,AL ABOUR COFFEE SHOP,مقهى العبور,RESTAURANTS,مطاعم,COFFEE SHOPS,مقاهي,721.0,CAPITAL,العاصمة,50.55435557,26.1768612,"26.1768612, 50.55435557"
1103.0,AL SHOALAH RESTAURANT,مطعم الشعلة,RESTAURANTS,مطاعم,LEBANESE RESTAURANTS,مطاعم لبنانية,721.0,CAPITAL,العاصمة,50.555417,26.176006,"26.176006, 50.555417"
1104.0,ALUNS GRILLS,مشويات الأنس,RESTAURANTS,مطاعم,OTHER RESTAURANTS,مطاعم أخرى,721.0,CAPITAL,العاصمة,50.56421299,26.17037278,"26.17037278, 50.56421299"
1105.0,AMO ORHAN RESTAURANT,مطعم عمو أورهان,RESTAURANTS,مطاعم,TURKISH RESTAURANTS,مطاعم تركية,721.0,CAPITAL,العاصمة,50.5615318,26.17464192,"26.17464192, 50.5615318"
1106.0,BASKIN ROBBINS,باسكن روبنز,RESTAURANTS,مطاعم,ICE CREAM,أيس كريم,721.0,CAPITAL,العاصمة,50.56160133,26.17467711,"26.17467711, 50.56160133"
1107.0,BU ALI INTERNATIONAL RESTAURANTS COMPANY,شركة مطاعم بوعلي العالمية,RESTAURANTS,مطاعم,INTERNATIONAL RESTAURANTS,مطاعم عالمية,721.0,CAPITAL,العاصمة,50.56138244,26.17456846,"26.17456846, 50.56138244"
1108.0,CAESAR SWEETS AND PASTRIES,حلويات ومعجنات قيصر,RESTAURANTS,مطاعم,OTHER RESTAURANTS,مطاعم أخرى,721.0,CAPITAL,العاصمة,50.56071733,26.17451253,"26.17451253, 50.56071733"
1109.0,FLORA RESTAURANT,مطعم فلورا,RESTAURANTS,مطاعم,OTHER RESTAURANTS,مطاعم أخرى,721.0,CAPITAL,العاصمة,50.55447509,26.17676419,"26.17676419, 50.55447509"
1110.0,JASMIS RESTAURANT,مطعم جسميز,RESTAURANTS,مطاعم,FAST FOOD RESTAURANTS,وجبات سريعة,721.0,CAPITAL,العاصمة,50.5561779,26.1754233,"26.1754233, 50.5561779"
1111.0,KARAMI BROASTED RESTAURANT,مطعم كرامي للبروستد,RESTAURANTS,مطاعم,OTHER RESTAURANTS,مطاعم أخرى,721.0,CAPITAL,العاصمة,50.56221293,26.17503458,"26.17503458, 50.56221293"
1112.0,KARAMI RESTAURANT,مطعم كرامي,RESTAURANTS,مطاعم,ARABIC RESTAURANTS,مطاعم عربية,721.0,CAPITAL,العاصمة,50.56254509,26.17577269,"26.17577269, 50.56254509"
1113.0,KHAYAM RESTAURANT,مطعم خيام,RESTAURANTS,مطاعم,OTHER RESTAURANTS,مطاعم أخرى,721.0,CAPITAL,العاصمة,50.56117202,26.17444769,"26.17444769, 50.56117202"
1114.0,KOKI BROASTED,كوكي بروستد,RESTAURANTS,مطاعم,OTHER RESTAURANTS,مطاعم أخرى,721.0,CAPITAL,العاصمة,50.55714555,26.17474972,"26.17474972, 50.55714555"
1115.0,LEBANESE RESTAURANT,المطعم اللبناني,RESTAURANTS,مطاعم,LEBANESE RESTAURANTS,مطاعم لبنانية,721.0,CAPITAL,العاصمة,50.55459297,26.17666034,"26.17666034, 50.55459297"
1116.0,OLD SANAA RESTAURANT,مطعم صنعاء القديمة,RESTAURANTS,مطاعم,OTHER RESTAURANTS,مطاعم أخرى,721.0,CAPITAL,العاصمة,50.55347063,26.17767686,"26.17767686, 50.55347063"
1117.0,RIDAN RESTAURANT,مطعم ريدان,RESTAURANTS,مطاعم,OTHER RESTAURANTS,مطاعم أخرى,721.0,CAPITAL,العاصمة,50.56141284,26.17961275,"26.17961275, 50.56141284"
1118.0,SHEESHAL CAFETERIA,كافتيريا سيشل,RESTAURANTS,مطاعم,OTHER RESTAURANTS,مطاعم أخرى,721.0,CAPITAL,العاصمة,50.55420689,26.17698325,"26.17698325, 50.55420689"
1119.0,WADI AL NILE RESTAURANT,مطعم وادي النيل,RESTAURANTS,مطاعم,OTHER RESTAURANTS,مطاعم أخرى,729.0,CAPITAL,العاصمة,50.56828576,26.16727482,"26.16727482, 50.56828576"
1120.0,BASKIN ROBBINS,باسكن روبنز,RESTAURANTS,مطاعم,ICE CREAM,أيس كريم,745.0,CAPITAL,العاصمة,50.58016462,26.14261097,"26.14261097, 50.58016462"
1121.0,BURGER LAND,برجر لاند,RESTAURANTS,مطاعم,ARABIC RESTAURANTS,مطاعم عربية,745.0,CAPITAL,العاصمة,50.57749817,26.14684283,"26.14684283, 50.57749817"
1122.0,CLASSIC HALL COFFEE SHOP,مقهى الصالة الكلاسيكية,RESTAURANTS,مطاعم,COFFEE SHOPS,مقاهي,745.0,CAPITAL,العاصمة,50.57738402,26.14663323,"26.14663323, 50.57738402"
1123.0,MEAT CENTRAL RESTAURANT,مطعم ميت سنترال,RESTAURANTS,مطاعم,AMERICAN RESTAURANTS,مطاعم أمريكية,745.0,CAPITAL,العاصمة,50.58040098,26.14238454,"26.14238454, 50.58040098"
1124.0,STARBUCKS,ستاربكس,RESTAURANTS,مطاعم,COFFEE SHOPS,مقاهي,745.0,CAPITAL,العاصمة,50.57880973,26.14405741,"26.14405741, 50.57880973"
1125.0,THE PIZZA WORKS,بيتزا وركس,RESTAURANTS,مطاعم,PIZZA,بيتزا,745.0,CAPITAL,العاصمة,50.58026096,26.14249247,"26.14249247, 50.58026096"
1126.0,SWEETY TWEETY PASTRIES,معجنات سويتي تويتي,RESTAURANTS,مطاعم,OTHER RESTAURANTS,مطاعم أخرى,815.0,CAPITAL,العاصمة,50.56721713,26.16139152,"26.16139152, 50.56721713"
1127.0,ALKADHIM GRILLS,مشويات الكاظم,RESTAURANTS,مطاعم,OTHER RESTAURANTS,مطاعم أخرى,816.0,CAPITAL,العاصمة,50.57068028,26.16245935,"26.16245935, 50.57068028"
1128.0,WORLD PASTRIES,معجنات العالم,RESTAURANTS,مطاعم,ARABIC RESTAURANTS,مطاعم عربية,816.0,CAPITAL,العاصمة,50.5751456,26.15774421,"26.15774421, 50.5751456"
1129.0,CHAI NANA CAFETERIA,كافتيريا شاي نعناع,RESTAURANTS,مطاعم,COFFEE SHOPS,مقاهي,101.0,MUHARRAQ,المحرق,50.6714043,26.2573069,"26.2573069, 50.6714043"
1130.0,MABROOK LINE RESTAURANT,مطعم خط المبروك,RESTAURANTS,مطاعم,FAST FOOD RESTAURANTS,وجبات سريعة,101.0,MUHARRAQ,المحرق,50.67019289,26.26026938,"26.26026938, 50.67019289"
1131.0,S K T RESTAURANT,مطعم إس كيه تي,RESTAURANTS,مطاعم,OTHER RESTAURANTS,مطاعم أخرى,101.0,MUHARRAQ,المحرق,50.66846591,26.25939151,"26.25939151, 50.66846591"
1132.0,SEALAND CAFETERIA,كافتيريا سيلاند,RESTAURANTS,مطاعم,OTHER RESTAURANTS,مطاعم أخرى,101.0,MUHARRAQ,المحرق,50.67053861,26.25937788,"26.25937788, 50.67053861"
1133.0,SAFWAN RESTAURANT,مطعم صفوان,RESTAURANTS,مطاعم,OTHER RESTAURANTS,مطاعم أخرى,102.0,MUHARRAQ,المحرق,50.65487359,26.24905694,"26.24905694, 50.65487359"
1134.0,TABA PASTRIES,معجنات طابا,RESTAURANTS,مطاعم,ARABIC RESTAURANTS,مطاعم عربية,102.0,MUHARRAQ,المحرق,50.65481568,26.2491066,"26.2491066, 50.65481568"
1135.0,AL BASRA RESTAURANT,مطعم البصرة,RESTAURANTS,مطاعم,OTHER RESTAURANTS,مطاعم أخرى,104.0,MUHARRAQ,المحرق,50.65440297,26.24277527,"26.24277527, 50.65440297"
1136.0,HIDD RESTAURANT,مطعم الحد,RESTAURANTS,مطاعم,OTHER RESTAURANTS,مطاعم أخرى,104.0,MUHARRAQ,المحرق,50.65478302,26.24595086,"26.24595086, 50.65478302"
1137.0,AL AHALI SANDWICHES,سندويشات الأهالي,RESTAURANTS,مطاعم,ARABIC RESTAURANTS,مطاعم عربية,106.0,MUHARRAQ,المحرق,50.65718609,26.24113308,"26.24113308, 50.65718609"
1138.0,AL MADHIF RESTAURANT,مطعم المضيف,RESTAURANTS,مطاعم,OTHER RESTAURANTS,مطاعم أخرى,106.0,MUHARRAQ,المحرق,50.65717992,26.24100856,"26.24100856, 50.65717992"
1139.0,AL TOOR RESTAURANT,مطعم الطور,RESTAURANTS,مطاعم,OTHER RESTAURANTS,مطاعم أخرى,107.0,MUHARRAQ,المحرق,50.6531103,26.2397831,"26.2397831, 50.6531103"
1140.0,RIVIERA RESTAURANT,مطعم ريفيرا,RESTAURANTS,مطاعم,OTHER RESTAURANTS,مطاعم أخرى,107.0,MUHARRAQ,المحرق,50.65362808,26.23981238,"26.23981238, 50.65362808"
1141.0,SAMA DERATY RESTAURANT,مطعم سما الديرة,RESTAURANTS,مطاعم,ARABIC RESTAURANTS,مطاعم عربية,107.0,MUHARRAQ,المحرق,50.64780321,26.22549559,"26.22549559, 50.64780321"
1142.0,BASKIN ROBBINS,باسكن روبنز,RESTAURANTS,مطاعم,ICE CREAM,أيس كريم,108.0,MUHARRAQ,المحرق,50.655706,26.24062832,"26.24062832, 50.655706"
1143.0,BU SALAH RESTAURANT,مطعم بو صلاح,RESTAURANTS,مطاعم,OTHER RESTAURANTS,مطاعم أخرى,108.0,MUHARRAQ,المحرق,50.65416056,26.23868918,"26.23868918, 50.65416056"
1144.0,SIT AL SHAM RESTAURANT,مطعم ست الشام,RESTAURANTS,مطاعم,ARABIC RESTAURANTS,مطاعم عربية,108.0,MUHARRAQ,المحرق,50.65567781,26.24007302,"26.24007302, 50.65567781"
1145.0,WAHEED PASTRIES,معجنات وحيد,RESTAURANTS,مطاعم,ARABIC RESTAURANTS,مطاعم عربية,108.0,MUHARRAQ,المحرق,50.65575518,26.23741544,"26.23741544, 50.65575518"
1146.0,HEALTHY CALORIE RESTAURANT,مطعم هلثي كالوري,RESTAURANTS,مطاعم,OTHER RESTAURANTS,مطاعم أخرى,109.0,MUHARRAQ,المحرق,50.65185072,26.24556049,"26.24556049, 50.65185072"
1147.0,MCDONALD'S,ماكدونالدز,RESTAURANTS,مطاعم,FAST FOOD RESTAURANTS,وجبات سريعة,109.0,MUHARRAQ,المحرق,50.6515596,26.24543835,"26.24543835, 50.6515596"
1148.0,BURGER GATE,برجر جيت,RESTAURANTS,مطاعم,FAST FOOD RESTAURANTS,وجبات سريعة,110.0,MUHARRAQ,المحرق,50.65586799,26.23621225,"26.23621225, 50.65586799"
1149.0,BASKIN ROBBINS,باسكن روبنز,RESTAURANTS,مطاعم,ICE CREAM,أيس كريم,111.0,MUHARRAQ,المحرق,50.63209505,26.22387546,"26.22387546, 50.63209505"
1150.0,CARIBOU COFFEE,مقهى كاريبو,RESTAURANTS,مطاعم,COFFEE SHOPS,مقاهي,111.0,MUHARRAQ,المحرق,50.64829254,26.23009529,"26.23009529, 50.64829254"
1151.0,CURRY TREE EXPRESS RESTAURANT,مطعم شجرة الكاري إكسبرس,RESTAURANTS,مطاعم,INDIAN RESTAURANTS,مطاعم هندية,111.0,MUHARRAQ,المحرق,50.63240032,26.22415237,"26.22415237, 50.63240032"
1152.0,DOMINO'S PIZZA,دومينوز بيتزا,RESTAURANTS,مطاعم,PIZZA,بيتزا,111.0,MUHARRAQ,المحرق,50.64879091,26.2255746,"26.2255746, 50.64879091"
1153.0,KING PIZZA,بيتزا كنج,RESTAURANTS,مطاعم,PIZZA,بيتزا,111.0,MUHARRAQ,المحرق,50.63173862,26.22364444,"26.22364444, 50.63173862"
1154.0,STARBUCKS,ستاربكس,RESTAURANTS,مطاعم,COFFEE SHOPS,مقاهي,111.0,MUHARRAQ,المحرق,50.64891238,26.2255678,"26.2255678, 50.64891238"
1155.0,TEA TIME CAFE,وقت الشاي كافيه,RESTAURANTS,مطاعم,COFFEE SHOPS,مقاهي,111.0,MUHARRAQ,المحرق,50.64827777,26.2306686,"26.2306686, 50.64827777"
1156.0,TIM HORTONS CAFE,مقهى تيم هورتونز,RESTAURANTS,مطاعم,COFFEE SHOPS,مقاهي,111.0,MUHARRAQ,المحرق,50.64937867,26.2255742,"26.2255742, 50.64937867"
1157.0,BASKIN ROBBINS,باسكن روبنز,RESTAURANTS,مطاعم,ICE CREAM,أيس كريم,112.0,MUHARRAQ,المحرق,50.65733186,26.22584294,"26.22584294, 50.65733186"
1158.0,DAIRY QUEEN,ديري كوين,RESTAURANTS,مطاعم,FAST FOOD RESTAURANTS,وجبات سريعة,112.0,MUHARRAQ,المحرق,50.65680741,26.22584169,"26.22584169, 50.65680741"
1159.0,DOSE CAFE,دوز كافيه,RESTAURANTS,مطاعم,COFFEE SHOPS,مقاهي,112.0,MUHARRAQ,المحرق,50.65707158,26.22597337,"26.22597337, 50.65707158"
1160.0,JASMIS RESTAURANT,مطعم جسميز,RESTAURANTS,مطاعم,FAST FOOD RESTAURANTS,وجبات سريعة,112.0,MUHARRAQ,المحرق,50.65752827,26.22584056,"26.22584056, 50.65752827"
1161.0,LOFTY DONUTS,لوفتي دونت,RESTAURANTS,مطاعم,COFFEE SHOPS,مقاهي,112.0,MUHARRAQ,المحرق,50.65680145,26.22595839,"26.22595839, 50.65680145"
1162.0,CURRY TREE RESTAURANT,كاري تري,RESTAURANTS,مطاعم,INDIAN RESTAURANTS,مطاعم هندية,113.0,MUHARRAQ,المحرق,50.65114033,26.23794003,"26.23794003, 50.65114033"
1163.0,FOLI TAI RESTAURANT,مطعم فولي تاي,RESTAURANTS,مطاعم,CHINESE RESTAURANTS,مطاعم صينية,113.0,MUHARRAQ,المحرق,50.65159657,26.23818003,"26.23818003, 50.65159657"
1164.0,JASMIS RESTAURANT,مطعم جسميز,RESTAURANTS,مطاعم,FAST FOOD RESTAURANTS,وجبات سريعة,113.0,MUHARRAQ,المحرق,50.65114063,26.23783969,"26.23783969, 50.65114063"
1165.0,LITTLE CAESARS RESTAURANT,مطعم لتل سيزر,RESTAURANTS,مطاعم,PIZZA,بيتزا,113.0,MUHARRAQ,المحرق,50.65114892,26.23772504,"26.23772504, 50.65114892"
1166.0,PAPA JOHNS,بابا جونز,RESTAURANTS,مطاعم,PIZZA,بيتزا,115.0,MUHARRAQ,المحرق,50.67914512,26.22412966,"26.22412966, 50.67914512"
1167.0,ORIENTAL RESTAURANT,المطعم الشرقي,RESTAURANTS,مطاعم,OTHER RESTAURANTS,مطاعم أخرى,128.0,MUHARRAQ,المحرق,50.66185988,26.19949073,"26.19949073, 50.66185988"
1168.0,FELFELA RESTAURANT,مطعم فلفلة,RESTAURANTS,مطاعم,FAST FOOD RESTAURANTS,وجبات سريعة,202.0,MUHARRAQ,المحرق,50.61841252,26.26131425,"26.26131425, 50.61841252"
1169.0,JASMIS RESTAURANT,مطعم جسميز,RESTAURANTS,مطاعم,FAST FOOD RESTAURANTS,وجبات سريعة,202.0,MUHARRAQ,المحرق,50.61630992,26.26383168,"26.26383168, 50.61630992"
1170.0,LAYALI ADAN RESTAURANTS,مطعم ليالي عدن,RESTAURANTS,مطاعم,ARABIC RESTAURANTS,مطاعم عربية,202.0,MUHARRAQ,المحرق,50.61826465,26.2656069,"26.2656069, 50.61826465"
1171.0,SAMA DERATY RESTAURANT,مطعم سما الديرة,RESTAURANTS,مطاعم,ARABIC RESTAURANTS,مطاعم عربية,202.0,MUHARRAQ,المحرق,50.61708409,26.26380653,"26.26380653, 50.61708409"
1172.0,TEA TIME CAFE,وقت الشاي كافيه,RESTAURANTS,مطاعم,COFFEE SHOPS,مقاهي,202.0,MUHARRAQ,المحرق,50.61699115,26.26310079,"26.26310079, 50.61699115"
1173.0,ABU JUMʻA GRILL,مشويات أبوجمعة,RESTAURANTS,مطاعم,OTHER RESTAURANTS,مطاعم أخرى,203.0,MUHARRAQ,المحرق,50.61153617,26.26063813,"26.26063813, 50.61153617"
1174.0,AL OSRA RESTAURANT,مطعم الأسرة,RESTAURANTS,مطاعم,INTERNATIONAL RESTAURANTS,مطاعم عالمية,203.0,MUHARRAQ,المحرق,50.61139656,26.26032203,"26.26032203, 50.61139656"
1175.0,ALL IN ONE RESTAURANT,مطعم أول إن ون,RESTAURANTS,مطاعم,OTHER RESTAURANTS,مطاعم أخرى,203.0,MUHARRAQ,المحرق,50.61096051,26.2607135,"26.2607135, 50.61096051"
1176.0,HARDEES,هارديز,RESTAURANTS,مطاعم,FAST FOOD RESTAURANTS,وجبات سريعة,203.0,MUHARRAQ,المحرق,50.61181991,26.26088615,"26.26088615, 50.61181991"
1177.0,HELIO POLIS GRILLS,مشويات هيلو بوليس,RESTAURANTS,مطاعم,OTHER RESTAURANTS,مطاعم أخرى,203.0,MUHARRAQ,المحرق,50.61175614,26.26087161,"26.26087161, 50.61175614"
1178.0,HOL N ONE,هول إن ون,RESTAURANTS,مطاعم,COFFEE SHOPS,مقاهي,203.0,MUHARRAQ,المحرق,50.61108219,26.26073448,"26.26073448, 50.61108219"
1179.0,JAN BURGER,جان برجر,RESTAURANTS,مطاعم,FAST FOOD RESTAURANTS,وجبات سريعة,203.0,MUHARRAQ,المحرق,50.61158114,26.2603664,"26.2603664, 50.61158114"
1180.0,NEW INDIAN RESTAURANTS,مطعم الهند الجديد,RESTAURANTS,مطاعم,INDIAN RESTAURANTS,مطاعم هندية,203.0,MUHARRAQ,المحرق,50.60966881,26.25621038,"26.25621038, 50.60966881"
1181.0,PASTA EXPRESS,باستا إكسبرس,RESTAURANTS,مطاعم,ITALIAN RESTAURANTS,مطاعم إيطالية,203.0,MUHARRAQ,المحرق,50.61188714,26.26085717,"26.26085717, 50.61188714"
1182.0,SABA KINGDOM RESTAURANT,مطعم مملكة سبأ,RESTAURANTS,مطاعم,OTHER RESTAURANTS,مطاعم أخرى,203.0,MUHARRAQ,المحرق,50.61137048,26.26043984,"26.26043984, 50.61137048"
1183.0,TURA BORA RESTAURANT,مطعم تورا بورا,RESTAURANTS,مطاعم,PAKISTANI RESTAURANTS,مطاعم باكستانية,203.0,MUHARRAQ,المحرق,50.60959363,26.25685886,"26.25685886, 50.60959363"
1184.0,AL NAIM GRILLS,مشويات النعيم,RESTAURANTS,مطاعم,ARABIC RESTAURANTS,مطاعم عربية,204.0,MUHARRAQ,المحرق,50.61630117,26.25926417,"26.25926417, 50.61630117"
1185.0,ASEEL CAFETERIA,كافتيريا أسيل,RESTAURANTS,مطاعم,OTHER RESTAURANTS,مطاعم أخرى,204.0,MUHARRAQ,المحرق,50.61787286,26.26137423,"26.26137423, 50.61787286"
1186.0,BAHER ICE CREAM,آيس كريم باهر,RESTAURANTS,مطاعم,ICE CREAM,أيس كريم,204.0,MUHARRAQ,المحرق,50.61780047,26.26152417,"26.26152417, 50.61780047"
1187.0,HAWAR CAFETERIA,كافتيريا حوار,RESTAURANTS,مطاعم,OTHER RESTAURANTS,مطاعم أخرى,204.0,MUHARRAQ,المحرق,50.6167232,26.25865398,"26.25865398, 50.6167232"
1188.0,AL MATTAR CORNER SHAWARMA,شوارمة زاوية المطار,RESTAURANTS,مطاعم,FAST FOOD RESTAURANTS,وجبات سريعة,205.0,MUHARRAQ,المحرق,50.61542062,26.26206284,"26.26206284, 50.61542062"
1189.0,AL MIRAJ CAFETERIA,كافتيريا الميراج,RESTAURANTS,مطاعم,OTHER RESTAURANTS,مطاعم أخرى,205.0,MUHARRAQ,المحرق,50.6151007,26.26157896,"26.26157896, 50.6151007"
1190.0,AL RIFFAAIN RESTAURANT,مطعم الرفاعين,RESTAURANTS,مطاعم,TURKISH RESTAURANTS,مطاعم تركية,205.0,MUHARRAQ,المحرق,50.61346193,26.2613247,"26.2613247, 50.61346193"
1191.0,ALAMANA CAFETERIA,كافتيريا الأمانة,RESTAURANTS,مطاعم,OTHER RESTAURANTS,مطاعم أخرى,205.0,MUHARRAQ,المحرق,50.61277803,26.2603462,"26.2603462, 50.61277803"
1192.0,ALTAWAH PASTRIES,معجنات التاوة,RESTAURANTS,مطاعم,FAST FOOD RESTAURANTS,وجبات سريعة,205.0,MUHARRAQ,المحرق,50.61238821,26.26096712,"26.26096712, 50.61238821"
1193.0,APPLE SHAWARMA AND SANDWICHES,التفاحة للشاورما والسندويشات,RESTAURANTS,مطاعم,ARABIC RESTAURANTS,مطاعم عربية,205.0,MUHARRAQ,المحرق,50.61244685,26.26097882,"26.26097882, 50.61244685"
1194.0,BASKIN ROBBINS,باسكن روبنز,RESTAURANTS,مطاعم,ICE CREAM,أيس كريم,205.0,MUHARRAQ,المحرق,50.61291502,26.2610891,"26.2610891, 50.61291502"
1195.0,BU SAMI SANDWICHES,سندويشات بو سامي,RESTAURANTS,مطاعم,FAST FOOD RESTAURANTS,وجبات سريعة,205.0,MUHARRAQ,المحرق,50.61220825,26.26012673,"26.26012673, 50.61220825"
1196.0,BURGER LAND,برجر لاند,RESTAURANTS,مطاعم,ARABIC RESTAURANTS,مطاعم عربية,205.0,MUHARRAQ,المحرق,50.61203028,26.26090986,"26.26090986, 50.61203028"
1197.0,JINAN JUICE AND SNACKS,عصير جنان وسندويشات,RESTAURANTS,مطاعم,FAST FOOD RESTAURANTS,وجبات سريعة,205.0,MUHARRAQ,المحرق,50.61335767,26.26130515,"26.26130515, 50.61335767"
1198.0,KENTUCKY FRIED CHICKEN - KFC,كنتاكي,RESTAURANTS,مطاعم,FAST FOOD RESTAURANTS,وجبات سريعة,205.0,MUHARRAQ,المحرق,50.6125914,26.26115628,"26.26115628, 50.6125914"
1199.0,PIZZA HUT,بيتزا هت,RESTAURANTS,مطاعم,PIZZA,بيتزا,205.0,MUHARRAQ,المحرق,50.61250626,26.26113978,"26.26113978, 50.61250626"
1200.0,SAIYAF RESTAURANT,مطعم سياف,RESTAURANTS,مطاعم,OTHER RESTAURANTS,مطاعم أخرى,205.0,MUHARRAQ,المحرق,50.6119326,26.2556082,"26.2556082, 50.6119326"
1201.0,SAMIRAH GRAND BURGER,سميرة جراند برجر,RESTAURANTS,مطاعم,FAST FOOD RESTAURANTS,وجبات سريعة,205.0,MUHARRAQ,المحرق,50.61223551,26.25999265,"26.25999265, 50.61223551"
1202.0,SHTOORA GRILLS,مشويات شطورة,RESTAURANTS,مطاعم,ARABIC RESTAURANTS,مطاعم عربية,205.0,MUHARRAQ,المحرق,50.61375127,26.26049692,"26.26049692, 50.61375127"
1203.0,TOP N BEST RESTAURANT,مطعم قمة الجودة,RESTAURANTS,مطاعم,FAST FOOD RESTAURANTS,وجبات سريعة,205.0,MUHARRAQ,المحرق,50.61394773,26.26053455,"26.26053455, 50.61394773"
1204.0,WALAYIM AL MUHARRAQ RESTAURANT,مطعم ولائم المحرق,RESTAURANTS,مطاعم,ARABIC RESTAURANTS,مطاعم عربية,205.0,MUHARRAQ,المحرق,50.61278802,26.26045862,"26.26045862, 50.61278802"
1205.0,AL AHALI SANDWICHES,سندويشات الأهالي,RESTAURANTS,مطاعم,ARABIC RESTAURANTS,مطاعم عربية,206.0,MUHARRAQ,المحرق,50.61538554,26.2583993,"26.2583993, 50.61538554"
1206.0,MUSTAFA PASTRIES,معجنات مصطفى,RESTAURANTS,مطاعم,ARABIC RESTAURANTS,مطاعم عربية,206.0,MUHARRAQ,المحرق,50.61672425,26.25783379,"26.25783379, 50.61672425"
1207.0,WHITE MOUNTAIN ICE CREAM,الجبل الأبيض للآيس كريم,RESTAURANTS,مطاعم,ICE CREAM,أيس كريم,206.0,MUHARRAQ,المحرق,50.61685056,26.25749401,"26.25749401, 50.61685056"
1208.0,JASMIS COFFEE,مقهى جسميز,RESTAURANTS,مطاعم,COFFEE SHOPS,مقاهي,207.0,MUHARRAQ,المحرق,50.60785231,26.25301469,"26.25301469, 50.60785231"
1209.0,JASMIS RESTAURANT,مطعم جسميز,RESTAURANTS,مطاعم,FAST FOOD RESTAURANTS,وجبات سريعة,207.0,MUHARRAQ,المحرق,50.607936,26.25301664,"26.25301664, 50.607936"
1210.0,TEKAH AMIN RESTAURANT,مطعم تكة أمين,RESTAURANTS,مطاعم,ARABIC RESTAURANTS,مطاعم عربية,207.0,MUHARRAQ,المحرق,50.60645032,26.25542837,"26.25542837, 50.60645032"
1211.0,ALAWAM CAFETERIA,كافتيريا العوام,RESTAURANTS,مطاعم,OTHER RESTAURANTS,مطاعم أخرى,208.0,MUHARRAQ,المحرق,50.6144186,26.25222342,"26.25222342, 50.6144186"
1212.0,FELFELA RESTAURANT,مطعم فلفلة,RESTAURANTS,مطاعم,OTHER RESTAURANTS,مطاعم أخرى,208.0,MUHARRAQ,المحرق,50.61811385,26.25144658,"26.25144658, 50.61811385"
1213.0,KHADIJAH RESTAURANT,مطعم خديجة,RESTAURANTS,مطاعم,OTHER RESTAURANTS,مطاعم أخرى,208.0,MUHARRAQ,المحرق,50.61698988,26.25537738,"26.25537738, 50.61698988"
1214.0,HOUSE OF COFFEE,بيت القهوة,RESTAURANTS,مطاعم,COFFEE SHOPS,مقاهي,209.0,MUHARRAQ,المحرق,50.61153691,26.25348538,"26.25348538, 50.61153691"
1215.0,JEHAN RESTAURANT,مطعم جيهان,RESTAURANTS,مطاعم,OTHER RESTAURANTS,مطاعم أخرى,209.0,MUHARRAQ,المحرق,50.61027877,26.2530574,"26.2530574, 50.61027877"
1216.0,NOOR AL SABAH RESTAURANT,مطعم نور الصباح,RESTAURANTS,مطاعم,OTHER RESTAURANTS,مطاعم أخرى,209.0,MUHARRAQ,المحرق,50.61212756,26.25565786,"26.25565786, 50.61212756"
1217.0,ABU ALFALAFIL SANDWICHES,سندويشات أبو الفلافل,RESTAURANTS,مطاعم,ARABIC RESTAURANTS,مطاعم عربية,210.0,MUHARRAQ,المحرق,50.61773186,26.25532952,"26.25532952, 50.61773186"
1218.0,BASKIN ROBBINS,باسكن روبنز,RESTAURANTS,مطاعم,ICE CREAM,أيس كريم,210.0,MUHARRAQ,المحرق,50.6189795,26.25028776,"26.25028776, 50.6189795"
1219.0,FAROOHA PASTRIES AND SHAWARMA,معجنات وشوارما فروحة,RESTAURANTS,مطاعم,ARABIC RESTAURANTS,مطاعم عربية,210.0,MUHARRAQ,المحرق,50.61678669,26.2490376,"26.2490376, 50.61678669"
1220.0,MASHTAN CAFETERIA,كافتيريا مشتان,RESTAURANTS,مطاعم,OTHER RESTAURANTS,مطاعم أخرى,210.0,MUHARRAQ,المحرق,50.61809581,26.25764618,"26.25764618, 50.61809581"
1221.0,RANOOSH RESTAURANT,مطعم رنوش,RESTAURANTS,مطاعم,ARABIC RESTAURANTS,مطاعم عربية,210.0,MUHARRAQ,المحرق,50.61776419,26.25529149,"26.25529149, 50.61776419"
1222.0,RIO CAFETERIA,كافتيريا ريو,RESTAURANTS,مطاعم,OTHER RESTAURANTS,مطاعم أخرى,210.0,MUHARRAQ,المحرق,50.617142,26.25727668,"26.25727668, 50.617142"
1223.0,SABAR AYOUB RESTAURANT AND GRILLS,مطعم ومشويات صبر أيوب,RESTAURANTS,مطاعم,ARABIC RESTAURANTS,مطاعم عربية,210.0,MUHARRAQ,المحرق,50.6176813,26.25540198,"26.25540198, 50.6176813"
1224.0,SPICY SOUSE SNACK BAR,سبايسي سوس للوجبات الخفيفة,RESTAURANTS,مطاعم,FAST FOOD RESTAURANTS,وجبات سريعة,210.0,MUHARRAQ,المحرق,50.61779223,26.25522996,"26.25522996, 50.61779223"
1225.0,TAIBAT RESTAURANT,مطعم طيبات للولائم,RESTAURANTS,مطاعم,ARABIC RESTAURANTS,مطاعم عربية,210.0,MUHARRAQ,المحرق,50.61720081,26.25731155,"26.25731155, 50.61720081"
1226.0,AL MUNASABAT RESTAURANT,مطعم المناسبات,RESTAURANTS,مطاعم,OTHER RESTAURANTS,مطاعم أخرى,211.0,MUHARRAQ,المحرق,50.6119663,26.25273572,"26.25273572, 50.6119663"
1227.0,AL NAJDAIN COFFEE SHOP,كوفي شوب النجدين,RESTAURANTS,مطاعم,COFFEE SHOPS,مقاهي,211.0,MUHARRAQ,المحرق,50.6101014,26.25121025,"26.25121025, 50.6101014"
1228.0,COCO CAFETERIA,كافتيريا كوكو,RESTAURANTS,مطاعم,OTHER RESTAURANTS,مطاعم أخرى,211.0,MUHARRAQ,المحرق,50.61340809,26.25187651,"26.25187651, 50.61340809"
1229.0,DAY TO DAY RESTAURANT,مطعم دي تو دي,RESTAURANTS,مطاعم,FAST FOOD RESTAURANTS,وجبات سريعة,211.0,MUHARRAQ,المحرق,50.6103958,26.25080143,"26.25080143, 50.6103958"
1230.0,PROFESSIONAL RESTAURANT,المطعم البروفيشنال,RESTAURANTS,مطاعم,OTHER RESTAURANTS,مطاعم أخرى,211.0,MUHARRAQ,المحرق,50.61017126,26.25091091,"26.25091091, 50.61017126"
1231.0,ZAHRAT AL MUHARRAQ RESTAURANT,مطعم زهرة المحرق,RESTAURANTS,مطاعم,OTHER RESTAURANTS,مطاعم أخرى,211.0,MUHARRAQ,المحرق,50.60862107,26.25019018,"26.25019018, 50.60862107"
1232.0,HOT OVEN,الفرن الساخن,RESTAURANTS,مطاعم,ARABIC RESTAURANTS,مطاعم عربية,212.0,MUHARRAQ,المحرق,50.62006207,26.25301074,"26.25301074, 50.62006207"
1233.0,AL NAWRAS RESTAURANT,مطعم النورس,RESTAURANTS,مطاعم,OTHER RESTAURANTS,مطاعم أخرى,213.0,MUHARRAQ,المحرق,50.61477502,26.25075307,"26.25075307, 50.61477502"
1234.0,GROPY GRILLS,مشويات جروبي,RESTAURANTS,مطاعم,OTHER RESTAURANTS,مطاعم أخرى,213.0,MUHARRAQ,المحرق,50.61389054,26.25146907,"26.25146907, 50.61389054"
1235.0,ANWAR AL MUHARRAQ CAFETERIA,كافتيريا أنوار المحرق,RESTAURANTS,مطاعم,OTHER RESTAURANTS,مطاعم أخرى,214.0,MUHARRAQ,المحرق,50.61402149,26.24844676,"26.24844676, 50.61402149"
1236.0,TUQA RESTAURANT,مطعم تقى,RESTAURANTS,مطاعم,FAST FOOD RESTAURANTS,وجبات سريعة,214.0,MUHARRAQ,المحرق,50.6126743,26.24796388,"26.24796388, 50.6126743"
1237.0,ABU ALWALEED RESTAURANT,مطاعم أبو الوليد,RESTAURANTS,مطاعم,ARABIC RESTAURANTS,مطاعم عربية,215.0,MUHARRAQ,المحرق,50.61179628,26.24542424,"26.24542424, 50.61179628"
1238.0,AL AMEER RESTAURANT,مطعم الأمير,RESTAURANTS,مطاعم,ARABIC RESTAURANTS,مطاعم عربية,215.0,MUHARRAQ,المحرق,50.60588848,26.24812467,"26.24812467, 50.60588848"
1239.0,AL JABERIYA RESTAURANT,مطعم الجابرية,RESTAURANTS,مطاعم,OTHER RESTAURANTS,مطاعم أخرى,215.0,MUHARRAQ,المحرق,50.61126336,26.24592599,"26.24592599, 50.61126336"
1240.0,AL KAWARI RESTAURANT,مطعم الكواري,RESTAURANTS,مطاعم,OTHER RESTAURANTS,مطاعم أخرى,215.0,MUHARRAQ,المحرق,50.61053521,26.24926462,"26.24926462, 50.61053521"
1241.0,CO CO DIP JUICE AND CHOCOLATE,كوكو ديب جوس اند شوكليت,RESTAURANTS,مطاعم,OTHER RESTAURANTS,مطاعم أخرى,215.0,MUHARRAQ,المحرق,50.60705698,26.24727977,"26.24727977, 50.60705698"
1242.0,GULF SEA RESTAURANT,مطعم بحر الخليج,RESTAURANTS,مطاعم,OTHER RESTAURANTS,مطاعم أخرى,215.0,MUHARRAQ,المحرق,50.61115667,26.24791642,"26.24791642, 50.61115667"
1243.0,HERFY,هرفي,RESTAURANTS,مطاعم,FAST FOOD RESTAURANTS,وجبات سريعة,215.0,MUHARRAQ,المحرق,50.60882063,26.24723352,"26.24723352, 50.60882063"
1244.0,JAHRAMI RESTAURANT,مطعم جهرمي,RESTAURANTS,مطاعم,OTHER RESTAURANTS,مطاعم أخرى,215.0,MUHARRAQ,المحرق,50.60890557,26.24881684,"26.24881684, 50.60890557"
1245.0,NASEEF RESTAURANT,مطعم النصيف,RESTAURANTS,مطاعم,BAHRAINI RESTAURANTS,مطاعم بحرينية,215.0,MUHARRAQ,المحرق,50.60663859,26.24791086,"26.24791086, 50.60663859"
1246.0,NEW LAHORE RESTAURANT,مطعم لاهور الجديد,RESTAURANTS,مطاعم,INDIAN RESTAURANTS,مطاعم هندية,215.0,MUHARRAQ,المحرق,50.61018781,26.24656626,"26.24656626, 50.61018781"
1247.0,PALESTINE NIGHTS RESTAURANT,مطعم ليالي فلسطين,RESTAURANTS,مطاعم,ARABIC RESTAURANTS,مطاعم عربية,215.0,MUHARRAQ,المحرق,50.60552502,26.24788477,"26.24788477, 50.60552502"
1248.0,SOUTHSIDE RESTAURANT,مطعم ساوث سايد,RESTAURANTS,مطاعم,FAST FOOD RESTAURANTS,وجبات سريعة,215.0,MUHARRAQ,المحرق,50.6057629,26.24804668,"26.24804668, 50.6057629"
1249.0,TANJAH RESTAURANT,مطعم طنجه,RESTAURANTS,مطاعم,OTHER RESTAURANTS,مطاعم أخرى,215.0,MUHARRAQ,المحرق,50.61087227,26.24803448,"26.24803448, 50.61087227"
1250.0,TEXAS RESTAURANT,مطعم تكساس,RESTAURANTS,مطاعم,OTHER RESTAURANTS,مطاعم أخرى,215.0,MUHARRAQ,المحرق,50.61107439,26.24797731,"26.24797731, 50.61107439"
1251.0,WHITE SUGAR CAFE,مقهى وايت شوغر,RESTAURANTS,مطاعم,COFFEE SHOPS,مقاهي,215.0,MUHARRAQ,المحرق,50.60560387,26.24807013,"26.24807013, 50.60560387"
1252.0,AHAL AL TEEB RESTAURANT,مطبخ أهل الطيب للولائم,RESTAURANTS,مطاعم,ARABIC RESTAURANTS,مطاعم عربية,216.0,MUHARRAQ,المحرق,50.61545418,26.24733341,"26.24733341, 50.61545418"
1253.0,AL ARABI SANDWICHES,سندويشات العربي,RESTAURANTS,مطاعم,ARABIC RESTAURANTS,مطاعم عربية,216.0,MUHARRAQ,المحرق,50.6163326,26.24440187,"26.24440187, 50.6163326"
1254.0,AL DIYAFA JUICE,معصرة الضيافة,RESTAURANTS,مطاعم,FAST FOOD RESTAURANTS,وجبات سريعة,216.0,MUHARRAQ,المحرق,50.61628744,26.24436563,"26.24436563, 50.61628744"
1255.0,AL MANSHI SANDWICHES,سندويشات المانشي,RESTAURANTS,مطاعم,ARABIC RESTAURANTS,مطاعم عربية,216.0,MUHARRAQ,المحرق,50.61569429,26.24745715,"26.24745715, 50.61569429"
1256.0,AL SAYADEEN RESTAURANT,مطعم الصيادين,RESTAURANTS,مطاعم,SEAFOOD RESTAURANTS,مأكولات بحرية,216.0,MUHARRAQ,المحرق,50.6201425,26.24511925,"26.24511925, 50.6201425"
1257.0,AL SEEF COFFEE SHOP,مقهى السيف الشعبي,RESTAURANTS,مطاعم,COFFEE SHOPS,مقاهي,216.0,MUHARRAQ,المحرق,50.61725216,26.2484973,"26.2484973, 50.61725216"
1258.0,ASMAK ALHADRAH SANDWICHES,سندويشات أسماك الحظرة,RESTAURANTS,مطاعم,ARABIC RESTAURANTS,مطاعم عربية,216.0,MUHARRAQ,المحرق,50.61727357,26.24785068,"26.24785068, 50.61727357"
1259.0,BU YAQOUB GRILLS,مشويات بويعقوب,RESTAURANTS,مطاعم,TURKISH RESTAURANTS,مطاعم تركية,216.0,MUHARRAQ,المحرق,50.616116,26.2477084,"26.2477084, 50.616116"
1260.0,CAESAR SWEETS AND PASTRIES,حلويات ومعجنات قيصر,RESTAURANTS,مطاعم,OTHER RESTAURANTS,مطاعم أخرى,216.0,MUHARRAQ,المحرق,50.61622192,26.24778879,"26.24778879, 50.61622192"
1261.0,DHIYAA ICE CREAM,ضياء ايس كريم,RESTAURANTS,مطاعم,ICE CREAM,أيس كريم,216.0,MUHARRAQ,المحرق,50.61594686,26.24412126,"26.24412126, 50.61594686"
1262.0,JANAHI KARAK,كرك الجناحي,RESTAURANTS,مطاعم,FAST FOOD RESTAURANTS,وجبات سريعة,216.0,MUHARRAQ,المحرق,50.61641722,26.24435665,"26.24435665, 50.61641722"
1263.0,KING KARAK CAFETERIA,كافتيريا ملك الكرك,RESTAURANTS,مطاعم,OTHER RESTAURANTS,مطاعم أخرى,216.0,MUHARRAQ,المحرق,50.61573137,26.24397304,"26.24397304, 50.61573137"
1264.0,LAYFOOTEK RESTAURANT,مطعم لايفوتك,RESTAURANTS,مطاعم,OTHER RESTAURANTS,مطاعم أخرى,216.0,MUHARRAQ,المحرق,50.61710776,26.24839403,"26.24839403, 50.61710776"
1265.0,RAIHANA SANDWICHES,سندويشات ريحانه,RESTAURANTS,مطاعم,FAST FOOD RESTAURANTS,وجبات سريعة,216.0,MUHARRAQ,المحرق,50.61781713,26.2474105,"26.2474105, 50.61781713"
1266.0,REEM AL BAWADI CAFETERIA,كافتيريا ريم البوادي,RESTAURANTS,مطاعم,OTHER RESTAURANTS,مطاعم أخرى,216.0,MUHARRAQ,المحرق,50.61645846,26.24438658,"26.24438658, 50.61645846"
1267.0,SAGER RESTAURANT,مطعم صقر,RESTAURANTS,مطاعم,OTHER RESTAURANTS,مطاعم أخرى,216.0,MUHARRAQ,المحرق,50.61533733,26.2471564,"26.2471564, 50.61533733"
1268.0,YABILAH HAMBURGER CAFETERIA,كافتيريا يبيله همبرجر,RESTAURANTS,مطاعم,OTHER RESTAURANTS,مطاعم أخرى,216.0,MUHARRAQ,المحرق,50.61611418,26.24408715,"26.24408715, 50.61611418"
1269.0,AL QASWA SHAWARMA & SANDWICHES,القصواء للشاورما والسندويشات,RESTAURANTS,مطاعم,ARABIC RESTAURANTS,مطاعم عربية,221.0,MUHARRAQ,المحرق,50.60612993,26.26295336,"26.26295336, 50.60612993"
1270.0,ADAM BROASTED & SHAWARMA & PASTRIES,آدم للبروستد والشاورما والمعجنات,RESTAURANTS,مطاعم,TURKISH RESTAURANTS,مطاعم تركية,222.0,MUHARRAQ,المحرق,50.60918688,26.2646198,"26.2646198, 50.60918688"
1271.0,AL GHOUS AVENUE RESTAURANT,مطعم شارع الغوص,RESTAURANTS,مطاعم,OTHER RESTAURANTS,مطاعم أخرى,222.0,MUHARRAQ,المحرق,50.61016917,26.26267988,"26.26267988, 50.61016917"
1272.0,ASEEL CAFETERIA,كافتيريا أسيل,RESTAURANTS,مطاعم,OTHER RESTAURANTS,مطاعم أخرى,222.0,MUHARRAQ,المحرق,50.61010913,26.26287857,"26.26287857, 50.61010913"
1273.0,LMDALAL RESTAURANT,مطعم لمدلل,RESTAURANTS,مطاعم,OTHER RESTAURANTS,مطاعم أخرى,222.0,MUHARRAQ,المحرق,50.6081168,26.26438097,"26.26438097, 50.6081168"
1274.0,PIZZA BELLA,بيتزا بيلا,RESTAURANTS,مطاعم,PIZZA,بيتزا,222.0,MUHARRAQ,المحرق,50.60946589,26.26415872,"26.26415872, 50.60946589"
1275.0,QATAF SANDWICHES,قطايف للسندويشات,RESTAURANTS,مطاعم,FAST FOOD RESTAURANTS,وجبات سريعة,222.0,MUHARRAQ,المحرق,50.60971864,26.26380534,"26.26380534, 50.60971864"
1276.0,TEN STARS RESTAURANTS,مطعم عشر نجوم,RESTAURANTS,مطاعم,OTHER RESTAURANTS,مطاعم أخرى,222.0,MUHARRAQ,المحرق,50.60769221,26.26654039,"26.26654039, 50.60769221"
1277.0,AL ABRAAJ RESTAURANT,مطعم الأبراج,RESTAURANTS,مطاعم,INTERNATIONAL RESTAURANTS,مطاعم عالمية,223.0,MUHARRAQ,المحرق,50.61565103,26.26714955,"26.26714955, 50.61565103"
1278.0,MCDONALD'S,ماكدونالدز,RESTAURANTS,مطاعم,FAST FOOD RESTAURANTS,وجبات سريعة,223.0,MUHARRAQ,المحرق,50.61577136,26.26662911,"26.26662911, 50.61577136"
1279.0,AL SHOALAH RESTAURANT,مطعم الشعلة,RESTAURANTS,مطاعم,ARABIC RESTAURANTS,مطاعم عربية,224.0,MUHARRAQ,المحرق,50.616232,26.26678493,"26.26678493, 50.616232"
1280.0,ALBAIK RESTAURANT,مطعم البيك,RESTAURANTS,مطاعم,FAST FOOD RESTAURANTS,وجبات سريعة,224.0,MUHARRAQ,المحرق,50.63208582,26.26543272,"26.26543272, 50.63208582"
1281.0,BURGER KING,برجر كينج,RESTAURANTS,مطاعم,FAST FOOD RESTAURANTS,وجبات سريعة,224.0,MUHARRAQ,المحرق,50.63064685,26.26617403,"26.26617403, 50.63064685"
1282.0,CAMDEN RESTAURANT,مطعم كامدن,RESTAURANTS,مطاعم,FAST FOOD RESTAURANTS,وجبات سريعة,224.0,MUHARRAQ,المحرق,50.63039862,26.26632748,"26.26632748, 50.63039862"
1283.0,DERBY CAFE,دربي كافيه,RESTAURANTS,مطاعم,COFFEE SHOPS,مقاهي,224.0,MUHARRAQ,المحرق,50.62254545,26.26316176,"26.26316176, 50.62254545"
1284.0,DERBY CAFE,دربي كافيه,RESTAURANTS,مطاعم,COFFEE SHOPS,مقاهي,224.0,MUHARRAQ,المحرق,50.63039904,26.26282545,"26.26282545, 50.63039904"
1285.0,EZ BURGER,إي زد برجر,RESTAURANTS,مطاعم,FAST FOOD RESTAURANTS,وجبات سريعة,224.0,MUHARRAQ,المحرق,50.62333136,26.26130317,"26.26130317, 50.62333136"
1286.0,FAREEJ BIN RASHDAN TRADITIONAL FOOD,فريج بن رشدان للأكلات الشعبية,RESTAURANTS,مطاعم,BAHRAINI RESTAURANTS,مطاعم بحرينية,224.0,MUHARRAQ,المحرق,50.62319026,26.26074201,"26.26074201, 50.62319026"
1287.0,FOOD GARDEN RESTAURANT,مطعم فود جاردن,RESTAURANTS,مطاعم,FAST FOOD RESTAURANTS,وجبات سريعة,224.0,MUHARRAQ,المحرق,50.63029627,26.26615593,"26.26615593, 50.63029627"
1288.0,GULF AIR FALCON GOLD LOUNGE,صالة الصقر الذهبي بطيران الخليج,RESTAURANTS,مطاعم,OTHER RESTAURANTS,مطاعم أخرى,224.0,MUHARRAQ,المحرق,50.63224054,26.26595322,"26.26595322, 50.63224054"
1289.0,ILLY CAFE,إيلي كافيه,RESTAURANTS,مطاعم,COFFEE SHOPS,مقاهي,224.0,MUHARRAQ,المحرق,50.63027124,26.26638927,"26.26638927, 50.63027124"
1290.0,JAIPUR RESTAURANT,مطعم جايبور,RESTAURANTS,مطاعم,INDIAN RESTAURANTS,مطاعم هندية,224.0,MUHARRAQ,المحرق,50.63008123,26.26610266,"26.26610266, 50.63008123"
1291.0,JAMIE'S DELI & PIZZERIA RESTAURANT,مطعم جيميز ديلي أند بيتزاريا,RESTAURANTS,مطاعم,ITALIAN RESTAURANTS,مطاعم إيطالية,224.0,MUHARRAQ,المحرق,50.63068688,26.26593045,"26.26593045, 50.63068688"
1292.0,KENTUCKY FRIED CHICKEN - KFC,كنتاكي,RESTAURANTS,مطاعم,FAST FOOD RESTAURANTS,وجبات سريعة,224.0,MUHARRAQ,المحرق,50.63051544,26.26625133,"26.26625133, 50.63051544"
1293.0,LA CAFE,لا كافية,RESTAURANTS,مطاعم,COFFEE SHOPS,مقاهي,224.0,MUHARRAQ,المحرق,50.62339297,26.26101399,"26.26101399, 50.62339297"
1294.0,LEVITO RESTAURANT,مطعم ليفيتو,RESTAURANTS,مطاعم,ITALIAN RESTAURANTS,مطاعم إيطالية,224.0,MUHARRAQ,المحرق,50.6305511,26.26600846,"26.26600846, 50.6305511"
1295.0,LUMEE RESTAURANT,مطعم لومي,RESTAURANTS,مطاعم,ARABIC RESTAURANTS,مطاعم عربية,224.0,MUHARRAQ,المحرق,50.62997503,26.26616928,"26.26616928, 50.62997503"
1296.0,MCDONALD'S,ماكدونالدز,RESTAURANTS,مطاعم,FAST FOOD RESTAURANTS,وجبات سريعة,224.0,MUHARRAQ,المحرق,50.63192368,26.26554483,"26.26554483, 50.63192368"
1297.0,MILLIES COOKIES,ملفات تعريف الارتباط ميلي,RESTAURANTS,مطاعم,COFFEE SHOPS,مقاهي,224.0,MUHARRAQ,المحرق,50.63016884,26.26623204,"26.26623204, 50.63016884"
1298.0,MUHAMMAD NOOR BUKHARI RESTAURANT,مطعم محمد نور بخاري,RESTAURANTS,مطاعم,ARABIC RESTAURANTS,مطاعم عربية,224.0,MUHARRAQ,المحرق,50.61631374,26.26609743,"26.26609743, 50.61631374"
1299.0,ORLANDO CAFETERIA,كافتيريا اورلندو,RESTAURANTS,مطاعم,OTHER RESTAURANTS,مطاعم أخرى,224.0,MUHARRAQ,المحرق,50.62989568,26.26261243,"26.26261243, 50.62989568"
1300.0,RITAZZA RESTAURANT,مطعم ريتازا,RESTAURANTS,مطاعم,ITALIAN RESTAURANTS,مطاعم إيطالية,224.0,MUHARRAQ,المحرق,50.63020332,26.26603609,"26.26603609, 50.63020332"
1301.0,STARBUCKS,ستاربكس,RESTAURANTS,مطاعم,COFFEE SHOPS,مقاهي,224.0,MUHARRAQ,المحرق,50.63217941,26.26557988,"26.26557988, 50.63217941"
1302.0,STARBUCKS,ستاربكس,RESTAURANTS,مطاعم,COFFEE SHOPS,مقاهي,224.0,MUHARRAQ,المحرق,50.63078225,26.26608837,"26.26608837, 50.63078225"
1303.0,T.G.I. FRIDAYS RESTAURANT,مطعم تي جي أي فرايديز,RESTAURANTS,مطاعم,AMERICAN RESTAURANTS,مطاعم أمريكية,224.0,MUHARRAQ,المحرق,50.63015446,26.26645108,"26.26645108, 50.63015446"
1304.0,THE CREPE CAFE,ذي كريب كافيه,RESTAURANTS,مطاعم,COFFEE SHOPS,مقاهي,224.0,MUHARRAQ,المحرق,50.63005735,26.26629865,"26.26629865, 50.63005735"
1305.0,THE TERRACE CAFE,مقهى التراس,RESTAURANTS,مطاعم,COFFEE SHOPS,مقاهي,224.0,MUHARRAQ,المحرق,50.63032016,26.26595516,"26.26595516, 50.63032016"
1306.0,UPPER CRUST CAFE,مقهى أبر كريست,RESTAURANTS,مطاعم,COFFEE SHOPS,مقاهي,224.0,MUHARRAQ,المحرق,50.63088118,26.26622361,"26.26622361, 50.63088118"
1307.0,YASALAM RESTAURANT,مطعم ياسلام,RESTAURANTS,مطاعم,FAST FOOD RESTAURANTS,وجبات سريعة,224.0,MUHARRAQ,المحرق,50.63042366,26.26608936,"26.26608936, 50.63042366"
1308.0,3 LINES RESTAURANT,مطعم ثري لاينز,RESTAURANTS,مطاعم,FAST FOOD RESTAURANTS,وجبات سريعة,225.0,MUHARRAQ,المحرق,50.60512157,26.27104188,"26.27104188, 50.60512157"
1309.0,ABU DHABI FISHES RESTAURANT,مطعم أبو ظبي للأسماك,RESTAURANTS,مطاعم,SEAFOOD RESTAURANTS,مأكولات بحرية,225.0,MUHARRAQ,المحرق,50.60730182,26.26708184,"26.26708184, 50.60730182"
1310.0,BAIT AL DONUT‎‏,بيت الدونت,RESTAURANTS,مطاعم,COFFEE SHOPS,مقاهي,225.0,MUHARRAQ,المحرق,50.6062608,26.27116205,"26.27116205, 50.6062608"
1311.0,BAIT AL MARAHEB RESTAURANT,مطعم بيت المراحب,RESTAURANTS,مطاعم,ARABIC RESTAURANTS,مطاعم عربية,225.0,MUHARRAQ,المحرق,50.60606633,26.27117172,"26.27117172, 50.60606633"
1312.0,BASKIN ROBBINS,باسكن روبنز,RESTAURANTS,مطاعم,ICE CREAM,أيس كريم,225.0,MUHARRAQ,المحرق,50.60589904,26.27117784,"26.27117784, 50.60589904"
1313.0,BROASTED CITY RESTAURANT,مطعم بروستد ستي,RESTAURANTS,مطاعم,OTHER RESTAURANTS,مطاعم أخرى,225.0,MUHARRAQ,المحرق,50.6074952,26.2713721,"26.2713721, 50.6074952"
1314.0,CARIBOU COFFEE,مقهى كاريبو,RESTAURANTS,مطاعم,COFFEE SHOPS,مقاهي,225.0,MUHARRAQ,المحرق,50.60284312,26.26731075,"26.26731075, 50.60284312"
1315.0,DERBY CAFE,دربي كافيه,RESTAURANTS,مطاعم,COFFEE SHOPS,مقاهي,225.0,MUHARRAQ,المحرق,50.60232355,26.26747482,"26.26747482, 50.60232355"
1316.0,PIZZA KING,بيتزا كنج,RESTAURANTS,مطاعم,PIZZA,بيتزا,225.0,MUHARRAQ,المحرق,50.60571579,26.27116261,"26.27116261, 50.60571579"
1317.0,SHAWARMA PARK,شاورما بارك,RESTAURANTS,مطاعم,FAST FOOD RESTAURANTS,وجبات سريعة,225.0,MUHARRAQ,المحرق,50.60507327,26.27099696,"26.27099696, 50.60507327"
1318.0,SLOW CAFE,سلو كافيه,RESTAURANTS,مطاعم,COFFEE SHOPS,مقاهي,225.0,MUHARRAQ,المحرق,50.60525206,26.27101776,"26.27101776, 50.60525206"
1319.0,UNCLE SAM CAFE,العم سام كافيه,RESTAURANTS,مطاعم,COFFEE SHOPS,مقاهي,225.0,MUHARRAQ,المحرق,50.60616898,26.27118096,"26.27118096, 50.60616898"
1320.0,WOODBURY & CO CAFE,وودبيري كافيه,RESTAURANTS,مطاعم,COFFEE SHOPS,مقاهي,225.0,MUHARRAQ,المحرق,50.60477549,26.27088476,"26.27088476, 50.60477549"
1321.0,AL JABERIYA TURKISH FOOD,الجابرية للأكلات التركية,RESTAURANTS,مطاعم,TURKISH RESTAURANTS,مطاعم تركية,226.0,MUHARRAQ,المحرق,50.60814311,26.27164091,"26.27164091, 50.60814311"
1322.0,AL MANGO PULP JUICE,معصرة لب المانجو,RESTAURANTS,مطاعم,OTHER RESTAURANTS,مطاعم أخرى,226.0,MUHARRAQ,المحرق,50.60783932,26.27158874,"26.27158874, 50.60783932"
1323.0,ARABIAN HUT RESTAURANT,مطعم أرابيان هت,RESTAURANTS,مطاعم,OTHER RESTAURANTS,مطاعم أخرى,226.0,MUHARRAQ,المحرق,50.60874439,26.27172467,"26.27172467, 50.60874439"
1324.0,BAIT ALGHOZI RESTAURANT,مطعم بيت الغوزي للولائم,RESTAURANTS,مطاعم,ARABIC RESTAURANTS,مطاعم عربية,226.0,MUHARRAQ,المحرق,50.60980721,26.27066574,"26.27066574, 50.60980721"
1325.0,BURGER 63 RESTAURANT,مطعم برجر 63,RESTAURANTS,مطاعم,FAST FOOD RESTAURANTS,وجبات سريعة,226.0,MUHARRAQ,المحرق,50.60499713,26.27136505,"26.27136505, 50.60499713"
1326.0,GARLIC BROASTED,قارلك بروستد,RESTAURANTS,مطاعم,OTHER RESTAURANTS,مطاعم أخرى,226.0,MUHARRAQ,المحرق,50.60851137,26.27166205,"26.27166205, 50.60851137"
1327.0,KING KARAK CAFETERIA,كافتيريا ملك الكرك,RESTAURANTS,مطاعم,OTHER RESTAURANTS,مطاعم أخرى,226.0,MUHARRAQ,المحرق,50.60902794,26.27170963,"26.27170963, 50.60902794"
1328.0,MUROOJ MAY CAFETERIA,كافتيريا مروج مي,RESTAURANTS,مطاعم,OTHER RESTAURANTS,مطاعم أخرى,226.0,MUHARRAQ,المحرق,50.61039708,26.27402389,"26.27402389, 50.61039708"
1329.0,NEW SEASHELL CAFE,نيو سيشل كافيه,RESTAURANTS,مطاعم,COFFEE SHOPS,مقاهي,226.0,MUHARRAQ,المحرق,50.61042468,26.27404013,"26.27404013, 50.61042468"
1330.0,TEA TIME CAFE,وقت الشاي كافيه,RESTAURANTS,مطاعم,COFFEE SHOPS,مقاهي,226.0,MUHARRAQ,المحرق,50.6061506,26.27145135,"26.27145135, 50.6061506"
1331.0,WAAD CAFETERIA,كافتيريا وعد,RESTAURANTS,مطاعم,OTHER RESTAURANTS,مطاعم أخرى,226.0,MUHARRAQ,المحرق,50.60882945,26.27173255,"26.27173255, 50.60882945"
1332.0,AL NAHAR RESTAURANT,مطعم النهار,RESTAURANTS,مطاعم,OTHER RESTAURANTS,مطاعم أخرى,227.0,MUHARRAQ,المحرق,50.6074292,26.26740302,"26.26740302, 50.6074292"
1333.0,WAHEED PASTRIES,معجنات وحيد,RESTAURANTS,مطاعم,ARABIC RESTAURANTS,مطاعم عربية,227.0,MUHARRAQ,المحرق,50.60926699,26.26762359,"26.26762359, 50.60926699"
1334.0,WAHEED RESTAURANT,مطعم وحيد للمندي والبخاري,RESTAURANTS,مطاعم,ARABIC RESTAURANTS,مطاعم عربية,227.0,MUHARRAQ,المحرق,50.6092814,26.26774821,"26.26774821, 50.6092814"
1335.0,668 CAFE,مقهى 668,RESTAURANTS,مطاعم,COFFEE SHOPS,مقاهي,228.0,MUHARRAQ,المحرق,50.59536423,26.2634314,"26.2634314, 50.59536423"
1336.0,ABU KHALIL CHICKEN RESTAURANT,مطعم دجاج ابو خليل,RESTAURANTS,مطاعم,OTHER RESTAURANTS,مطاعم أخرى,228.0,MUHARRAQ,المحرق,50.59577827,26.27760688,"26.27760688, 50.59577827"
1337.0,AL ARAB BROASTED,العرب بروستد,RESTAURANTS,مطاعم,OTHER RESTAURANTS,مطاعم أخرى,228.0,MUHARRAQ,المحرق,50.5966518,26.27848356,"26.27848356, 50.5966518"
1338.0,AL JUBAIL GRILLS,مشويات الجبيل,RESTAURANTS,مطاعم,ARABIC RESTAURANTS,مطاعم عربية,228.0,MUHARRAQ,المحرق,50.59673082,26.27861995,"26.27861995, 50.59673082"
1339.0,AL MAMZAR CAFETERIA,كافتيريا الممزر,RESTAURANTS,مطاعم,OTHER RESTAURANTS,مطاعم أخرى,228.0,MUHARRAQ,المحرق,50.59959138,26.2760574,"26.2760574, 50.59959138"
1340.0,BASKIN ROBBINS,باسكن روبنز,RESTAURANTS,مطاعم,ICE CREAM,أيس كريم,228.0,MUHARRAQ,المحرق,50.5996148,26.26485792,"26.26485792, 50.5996148"
1341.0,BELLA PIZZERIA RESTAURANT,مطعم بيلا بيتزا,RESTAURANTS,مطاعم,PIZZA,بيتزا,228.0,MUHARRAQ,المحرق,50.59813818,26.26382619,"26.26382619, 50.59813818"
1342.0,BLACK PANDA CAFE,بلاك باندا كافيه,RESTAURANTS,مطاعم,ICE CREAM,أيس كريم,228.0,MUHARRAQ,المحرق,50.59946245,26.2648575,"26.2648575, 50.59946245"
1343.0,BRAYHNA RESTAURANT,مطعم برايحنا,RESTAURANTS,مطاعم,ARABIC RESTAURANTS,مطاعم عربية,228.0,MUHARRAQ,المحرق,50.59609419,26.27837022,"26.27837022, 50.59609419"
1344.0,BURGER LAND,برجر لاند,RESTAURANTS,مطاعم,ARABIC RESTAURANTS,مطاعم عربية,228.0,MUHARRAQ,المحرق,50.59518631,26.27012619,"26.27012619, 50.59518631"
1345.0,CHOCOLATENESS COFFEE SHOP,مقهى شوكلتنس,RESTAURANTS,مطاعم,COFFEE SHOPS,مقاهي,228.0,MUHARRAQ,المحرق,50.59971735,26.26476936,"26.26476936, 50.59971735"
1346.0,CINE CAFE,سيني كافيه,RESTAURANTS,مطاعم,COFFEE SHOPS,مقاهي,228.0,MUHARRAQ,المحرق,50.59934355,26.26476161,"26.26476161, 50.59934355"
1347.0,DOMINO'S PIZZA,دومينوز بيتزا,RESTAURANTS,مطاعم,PIZZA,بيتزا,228.0,MUHARRAQ,المحرق,50.59603921,26.27817655,"26.27817655, 50.59603921"
1348.0,DUNKIN DONUTS,دانكن دونتس,RESTAURANTS,مطاعم,COFFEE SHOPS,مقاهي,228.0,MUHARRAQ,المحرق,50.5990985,26.26474898,"26.26474898, 50.5990985"
1349.0,GHAREEB EXPRESS RESTAURANT,مطعم غريب إكسبرس,RESTAURANTS,مطاعم,OTHER RESTAURANTS,مطاعم أخرى,228.0,MUHARRAQ,المحرق,50.59765011,26.2750328,"26.2750328, 50.59765011"
1350.0,GRAFFITI BURGER,جرافيتي برجر,RESTAURANTS,مطاعم,FAST FOOD RESTAURANTS,وجبات سريعة,228.0,MUHARRAQ,المحرق,50.59518797,26.2696484,"26.2696484, 50.59518797"
1351.0,HASHEM RESTAURANT,مطعم هاشم,RESTAURANTS,مطاعم,ARABIC RESTAURANTS,مطاعم عربية,228.0,MUHARRAQ,المحرق,50.59976717,26.26485238,"26.26485238, 50.59976717"
1352.0,HEALTHY CALORIE RESTAURANT,مطعم هلثي كالوري,RESTAURANTS,مطاعم,OTHER RESTAURANTS,مطاعم أخرى,228.0,MUHARRAQ,المحرق,50.59922434,26.2647553,"26.2647553, 50.59922434"
1353.0,HEALTHY VIBES RESTAURANT,مطعم هلثي فايبس,RESTAURANTS,مطاعم,OTHER RESTAURANTS,مطاعم أخرى,228.0,MUHARRAQ,المحرق,50.59667292,26.27927198,"26.27927198, 50.59667292"
1354.0,KRISPY KREME DONUT,كرسبي كريم دونت,RESTAURANTS,مطاعم,COFFEE SHOPS,مقاهي,228.0,MUHARRAQ,المحرق,50.59934984,26.26485719,"26.26485719, 50.59934984"
1355.0,LATINO BURGERS,لاتينو برجر,RESTAURANTS,مطاعم,FAST FOOD RESTAURANTS,وجبات سريعة,228.0,MUHARRAQ,المحرق,50.59813619,26.26440385,"26.26440385, 50.59813619"
1356.0,LE CHOCOLAT CAFE AND RESTAURANT,مقهى ومطعم لو شوكولا,RESTAURANTS,مطاعم,COFFEE SHOPS,مقاهي,228.0,MUHARRAQ,المحرق,50.59825609,26.26446661,"26.26446661, 50.59825609"
1357.0,LE SOL CAFE,لي سول كافيه,RESTAURANTS,مطاعم,COFFEE SHOPS,مقاهي,228.0,MUHARRAQ,المحرق,50.5981078,26.26392766,"26.26392766, 50.5981078"
1358.0,MANDEENA RESTAURANT,مطعم مندينا,RESTAURANTS,مطاعم,ARABIC RESTAURANTS,مطاعم عربية,228.0,MUHARRAQ,المحرق,50.59595567,26.27803142,"26.27803142, 50.59595567"
1359.0,MCDONALD'S,ماكدونالدز,RESTAURANTS,مطاعم,FAST FOOD RESTAURANTS,وجبات سريعة,228.0,MUHARRAQ,المحرق,50.59884005,26.26478409,"26.26478409, 50.59884005"
1360.0,MR. SHAWI RESTAURANT,مطعم مستر شاوي,RESTAURANTS,مطاعم,OTHER RESTAURANTS,مطاعم أخرى,228.0,MUHARRAQ,المحرق,50.5968811,26.27884255,"26.27884255, 50.5968811"
1361.0,PALESTINE NIGHTS RESTAURANT,مطعم ليالي فلسطين,RESTAURANTS,مطاعم,ARABIC RESTAURANTS,مطاعم عربية,228.0,MUHARRAQ,المحرق,50.59645924,26.27899187,"26.27899187, 50.59645924"
1362.0,PIDE PASTRIES,فطائر بايد,RESTAURANTS,مطاعم,PIZZA,بيتزا,228.0,MUHARRAQ,المحرق,50.59926543,26.27606366,"26.27606366, 50.59926543"
1363.0,PITTI CAFFEE,بي تي كافيه,RESTAURANTS,مطاعم,COFFEE SHOPS,مقاهي,228.0,MUHARRAQ,المحرق,50.59522863,26.26356719,"26.26356719, 50.59522863"
1364.0,PIZZA HUT,بيتزا هت,RESTAURANTS,مطاعم,PIZZA,بيتزا,228.0,MUHARRAQ,المحرق,50.59908976,26.26466369,"26.26466369, 50.59908976"
1365.0,ROAST COFFEE ROASTERY,محمصة ومقهى روست,RESTAURANTS,مطاعم,COFFEE SHOPS,مقاهي,228.0,MUHARRAQ,المحرق,50.59945139,26.26467545,"26.26467545, 50.59945139"
1366.0,RUMMAN AL ARAB RESTAURANT,مطعم رمان العرب,RESTAURANTS,مطاعم,ARABIC RESTAURANTS,مطاعم عربية,228.0,MUHARRAQ,المحرق,50.5965639,26.27839148,"26.27839148, 50.5965639"
1367.0,SALVIS CAFE,سالفيز كافية,RESTAURANTS,مطاعم,COFFEE SHOPS,مقاهي,228.0,MUHARRAQ,المحرق,50.59522907,26.26343819,"26.26343819, 50.59522907"
1368.0,SAMKAWI RESTAURANT,مطعم سمكاوي,RESTAURANTS,مطاعم,SEAFOOD RESTAURANTS,مأكولات بحرية,228.0,MUHARRAQ,المحرق,50.59656209,26.2791355,"26.2791355, 50.59656209"
1369.0,SIAM HOUSE RESTAURANT,مطعم بيت سيام,RESTAURANTS,مطاعم,THAI RESTAURANTS,مطاعم تايلندية,228.0,MUHARRAQ,المحرق,50.59636437,26.2788411,"26.2788411, 50.59636437"
1370.0,TAKE AWAY RESTAURANT,مطعم تيك أوي,RESTAURANTS,مطاعم,OTHER RESTAURANTS,مطاعم أخرى,228.0,MUHARRAQ,المحرق,50.59800806,26.26381742,"26.26381742, 50.59800806"
1371.0,THAI SEAFOOD RESTAURANT,مطعم تاي سي فود,RESTAURANTS,مطاعم,THAI RESTAURANTS,مطاعم تايلندية,228.0,MUHARRAQ,المحرق,50.59560416,26.27544241,"26.27544241, 50.59560416"
1372.0,ABU HUSSAIN RESTAURANT,مطعم ابو حسين,RESTAURANTS,مطاعم,ARABIC RESTAURANTS,مطاعم عربية,231.0,MUHARRAQ,المحرق,50.62656901,26.28639355,"26.28639355, 50.62656901"
1373.0,AL GHARB CAFETERIA,كافتيريا الغرب,RESTAURANTS,مطاعم,COFFEE SHOPS,مقاهي,231.0,MUHARRAQ,المحرق,50.62166778,26.28376106,"26.28376106, 50.62166778"
1374.0,AL SAMBA CAFETERIA,كافتيريا السامبا,RESTAURANTS,مطاعم,COFFEE SHOPS,مقاهي,231.0,MUHARRAQ,المحرق,50.62265866,26.28335058,"26.28335058, 50.62265866"
1375.0,ALOHA CAFE,الوها كافيه,RESTAURANTS,مطاعم,COFFEE SHOPS,مقاهي,231.0,MUHARRAQ,المحرق,50.62177541,26.28135306,"26.28135306, 50.62177541"
1376.0,BAIT AL KEBDA,بيت الكبدة,RESTAURANTS,مطاعم,ARABIC RESTAURANTS,مطاعم عربية,231.0,MUHARRAQ,المحرق,50.62178517,26.28101805,"26.28101805, 50.62178517"
1377.0,BAIT AL MANAEESH RESTAURANT,مطعم بيت المناقيش,RESTAURANTS,مطاعم,ARABIC RESTAURANTS,مطاعم عربية,231.0,MUHARRAQ,المحرق,50.6218913,26.28097038,"26.28097038, 50.6218913"
1378.0,BAZOOKA FRIED CHICKEN AND BURGER,بازوكا فرايز تشيكن برجر,RESTAURANTS,مطاعم,FAST FOOD RESTAURANTS,وجبات سريعة,231.0,MUHARRAQ,المحرق,50.62109722,26.28118674,"26.28118674, 50.62109722"
1379.0,CARIBOU COFFEE,مقهى كاريبو,RESTAURANTS,مطاعم,COFFEE SHOPS,مقاهي,231.0,MUHARRAQ,المحرق,50.62143075,26.28080927,"26.28080927, 50.62143075"
1380.0,CASUAL COFFEE,كاشويل كوفي,RESTAURANTS,مطاعم,COFFEE SHOPS,مقاهي,231.0,MUHARRAQ,المحرق,50.62141115,26.28172282,"26.28172282, 50.62141115"
1381.0,CHICKET RESTAURANT,مطعم تشيكيت,RESTAURANTS,مطاعم,FAST FOOD RESTAURANTS,وجبات سريعة,231.0,MUHARRAQ,المحرق,50.62145914,26.28163217,"26.28163217, 50.62145914"
1382.0,CRUNCHY BITES SWEETS,حلويات كرانشي بايتس,RESTAURANTS,مطاعم,OTHER RESTAURANTS,مطاعم أخرى,231.0,MUHARRAQ,المحرق,50.62727817,26.2856064,"26.2856064, 50.62727817"
1383.0,DAIR SANDWICHES,سندويشات الدير,RESTAURANTS,مطاعم,FAST FOOD RESTAURANTS,وجبات سريعة,231.0,MUHARRAQ,المحرق,50.62577349,26.28634753,"26.28634753, 50.62577349"
1384.0,DUNKIN DONUTS,دانكن دونتس,RESTAURANTS,مطاعم,COFFEE SHOPS,مقاهي,231.0,MUHARRAQ,المحرق,50.6215381,26.28142563,"26.28142563, 50.6215381"
1385.0,EIGHTY EIGHT SWEETS AND JUICES,ثمانية وثمانون للحلويات والعصائر,RESTAURANTS,مطاعم,OTHER RESTAURANTS,مطاعم أخرى,231.0,MUHARRAQ,المحرق,50.62731855,26.28499679,"26.28499679, 50.62731855"
1386.0,HASIR CAFE,حصير كافيه,RESTAURANTS,مطاعم,COFFEE SHOPS,مقاهي,231.0,MUHARRAQ,المحرق,50.62143252,26.28167032,"26.28167032, 50.62143252"
1387.0,JASMIS RESTAURANT,مطعم جسميز,RESTAURANTS,مطاعم,FAST FOOD RESTAURANTS,وجبات سريعة,231.0,MUHARRAQ,المحرق,50.62092959,26.28090829,"26.28090829, 50.62092959"
1388.0,JIO CHICKEN,دجاج جيو,RESTAURANTS,مطاعم,FAST FOOD RESTAURANTS,وجبات سريعة,231.0,MUHARRAQ,المحرق,50.62115246,26.28087251,"26.28087251, 50.62115246"
1389.0,KAYAN CAFE,كيان كافيه,RESTAURANTS,مطاعم,COFFEE SHOPS,مقاهي,231.0,MUHARRAQ,المحرق,50.6210799,26.28090926,"26.28090926, 50.6210799"
1390.0,SHAWARMA AND SAUCE RESTAURANT,مطعم شاورما وسوس,RESTAURANTS,مطاعم,ARABIC RESTAURANTS,مطاعم عربية,231.0,MUHARRAQ,المحرق,50.6217092,26.28134094,"26.28134094, 50.6217092"
1391.0,STARBUCKS,ستاربكس,RESTAURANTS,مطاعم,COFFEE SHOPS,مقاهي,231.0,MUHARRAQ,المحرق,50.62181474,26.28088912,"26.28088912, 50.62181474"
1392.0,TIMES AL DAIR RESTAURANT,مطعم تايمز الدير,RESTAURANTS,مطاعم,OTHER RESTAURANTS,مطاعم أخرى,231.0,MUHARRAQ,المحرق,50.62313449,26.28227874,"26.28227874, 50.62313449"
1393.0,VALENCIA VILLAGE CAFE,فالنسيا فيليج كافيه,RESTAURANTS,مطاعم,COFFEE SHOPS,مقاهي,231.0,MUHARRAQ,المحرق,50.62163102,26.28386991,"26.28386991, 50.62163102"
1394.0,ABU RAGHEB SANDWICHES,سندويشات أبو راغب,RESTAURANTS,مطاعم,FAST FOOD RESTAURANTS,وجبات سريعة,232.0,MUHARRAQ,المحرق,50.62746492,26.2838541,"26.2838541, 50.62746492"
1395.0,AL RAHIB SANDWICHES,سندويشات الراهب,RESTAURANTS,مطاعم,FAST FOOD RESTAURANTS,وجبات سريعة,232.0,MUHARRAQ,المحرق,50.6259855,26.2824636,"26.2824636, 50.6259855"
1396.0,BIN MATAR GRILLS,مشويات بن مطر,RESTAURANTS,مطاعم,ARABIC RESTAURANTS,مطاعم عربية,232.0,MUHARRAQ,المحرق,50.62506965,26.28232481,"26.28232481, 50.62506965"
1397.0,DEIRAT HALI RESTAURANT,مطعم ديرة هلي,RESTAURANTS,مطاعم,ARABIC RESTAURANTS,مطاعم عربية,232.0,MUHARRAQ,المحرق,50.62695915,26.28157991,"26.28157991, 50.62695915"
1398.0,HAPPINESS TIME CAFE,كافيه وقت السعادة,RESTAURANTS,مطاعم,ICE CREAM,أيس كريم,232.0,MUHARRAQ,المحرق,50.62693517,26.28198864,"26.28198864, 50.62693517"
1399.0,JABAL AL NOOR CAFETERIA,كافتيريا جبل النور,RESTAURANTS,مطاعم,COFFEE SHOPS,مقاهي,232.0,MUHARRAQ,المحرق,50.62428957,26.28431146,"26.28431146, 50.62428957"
1400.0,KARAM AL ASMAA RESTAURANT,مطعم كرم السماء,RESTAURANTS,مطاعم,ARABIC RESTAURANTS,مطاعم عربية,232.0,MUHARRAQ,المحرق,50.62690976,26.28211725,"26.28211725, 50.62690976"
1401.0,KARAM AL ASMAA RESTAURANT,مطعم كرم السماء,RESTAURANTS,مطاعم,ARABIC RESTAURANTS,مطاعم عربية,232.0,MUHARRAQ,المحرق,50.62649857,26.28249501,"26.28249501, 50.62649857"
1402.0,MOMS TEA RESTAURANT,مطعم شاي ماما,RESTAURANTS,مطاعم,FAST FOOD RESTAURANTS,وجبات سريعة,232.0,MUHARRAQ,المحرق,50.62710908,26.28276541,"26.28276541, 50.62710908"
1403.0,AL KHAIF GRILLS,مشويات الخيف,RESTAURANTS,مطاعم,ARABIC RESTAURANTS,مطاعم عربية,233.0,MUHARRAQ,المحرق,50.62742544,26.28586265,"26.28586265, 50.62742544"
1404.0,GOLDEN TAAMIAH CAFETERIA,كافتيريا الطعمية الذهبية,RESTAURANTS,مطاعم,COFFEE SHOPS,مقاهي,233.0,MUHARRAQ,المحرق,50.62740814,26.28286895,"26.28286895, 50.62740814"
1405.0,IMLAQ AL SHAWARMA RESTAURANT,مطعم عملاق للشاورما,RESTAURANTS,مطاعم,FAST FOOD RESTAURANTS,وجبات سريعة,233.0,MUHARRAQ,المحرق,50.62781337,26.28406371,"26.28406371, 50.62781337"
1406.0,JOSCO JUICE,عصائر جوسكو,RESTAURANTS,مطاعم,OTHER RESTAURANTS,مطاعم أخرى,233.0,MUHARRAQ,المحرق,50.62760422,26.28326312,"26.28326312, 50.62760422"
1407.0,PASTA VILLAGE RESTAURANT,مطعم قرية الباستا,RESTAURANTS,مطاعم,FAST FOOD RESTAURANTS,وجبات سريعة,233.0,MUHARRAQ,المحرق,50.62737739,26.28283442,"26.28283442, 50.62737739"
1408.0,SEVENTIES KARAK,كرك السبعينات,RESTAURANTS,مطاعم,COFFEE SHOPS,مقاهي,233.0,MUHARRAQ,المحرق,50.62758407,26.2859229,"26.2859229, 50.62758407"
1409.0,SUB CORNER RESTAURANT,مطعم ساب كورنر,RESTAURANTS,مطاعم,FAST FOOD RESTAURANTS,وجبات سريعة,233.0,MUHARRAQ,المحرق,50.627596,26.28592401,"26.28592401, 50.627596"
1410.0,UMM MUHAMMAD TRADITIONAL FOODS RESTAURANT,مطعم أم محمد للأكلات الشعبية,RESTAURANTS,مطاعم,ARABIC RESTAURANTS,مطاعم عربية,233.0,MUHARRAQ,المحرق,50.62742673,26.28582385,"26.28582385, 50.62742673"
1411.0,ZAMAN AL KHAIR RESTAURANT,مطعم زمن الخير,RESTAURANTS,مطاعم,ARABIC RESTAURANTS,مطاعم عربية,233.0,MUHARRAQ,المحرق,50.62757508,26.28322547,"26.28322547, 50.62757508"
1412.0,AL MIDAR RESTAURANT,مطعم الميدار,RESTAURANTS,مطاعم,SEAFOOD RESTAURANTS,مأكولات بحرية,234.0,MUHARRAQ,المحرق,50.63284292,26.28126695,"26.28126695, 50.63284292"
1413.0,ALIAH HUSSAIN CAFETERIA,كافتيريا علياء حسين,RESTAURANTS,مطاعم,COFFEE SHOPS,مقاهي,234.0,MUHARRAQ,المحرق,50.63374874,26.28169845,"26.28169845, 50.63374874"
1414.0,AMO ABU RAGHEB CAFETERIA,كافتيريا عمو أبو راغب,RESTAURANTS,مطاعم,COFFEE SHOPS,مقاهي,234.0,MUHARRAQ,المحرق,50.63371587,26.27970504,"26.27970504, 50.63371587"
1415.0,CHAI HAMZAH,شاي همزه,RESTAURANTS,مطاعم,COFFEE SHOPS,مقاهي,234.0,MUHARRAQ,المحرق,50.63282254,26.28115658,"26.28115658, 50.63282254"
1416.0,FARAKAL TRADITIONAL FOODS,فاراكال للأكلات الشعبية,RESTAURANTS,مطاعم,ARABIC RESTAURANTS,مطاعم عربية,234.0,MUHARRAQ,المحرق,50.63301267,26.28129071,"26.28129071, 50.63301267"
1417.0,LEISURE CAFE,ليشور كافيه,RESTAURANTS,مطاعم,COFFEE SHOPS,مقاهي,234.0,MUHARRAQ,المحرق,50.63396116,26.28188605,"26.28188605, 50.63396116"
1418.0,17 HOURS SAMBOSAH AND FALAFIL RESTAURANT,مطعم 17 ساعة للسمبوسة والفلافل,RESTAURANTS,مطاعم,ARABIC RESTAURANTS,مطاعم عربية,235.0,MUHARRAQ,المحرق,50.63561283,26.28156047,"26.28156047, 50.63561283"
1419.0,AL DOOGHA RESTAURANT,مطعم الدوغة,RESTAURANTS,مطاعم,SEAFOOD RESTAURANTS,مأكولات بحرية,235.0,MUHARRAQ,المحرق,50.63319182,26.28113081,"26.28113081, 50.63319182"
1420.0,HOLIDAY HOUSE CAFETERIA,كافتيريا بيت الإجازة,RESTAURANTS,مطاعم,OTHER RESTAURANTS,مطاعم أخرى,235.0,MUHARRAQ,المحرق,50.63353682,26.28031012,"26.28031012, 50.63353682"
1421.0,HUM HUM RESTAURANT,مطعم هم هم,RESTAURANTS,مطاعم,ARABIC RESTAURANTS,مطاعم عربية,235.0,MUHARRAQ,المحرق,50.63362255,26.28141098,"26.28141098, 50.63362255"
1422.0,JARS FOOD COFFEE,مقهى جارز فود,RESTAURANTS,مطاعم,COFFEE SHOPS,مقاهي,235.0,MUHARRAQ,المحرق,50.63451586,26.28064821,"26.28064821, 50.63451586"
1423.0,JUICE HOUSE,بيت العصير,RESTAURANTS,مطاعم,OTHER RESTAURANTS,مطاعم أخرى,235.0,MUHARRAQ,المحرق,50.63370616,26.28143545,"26.28143545, 50.63370616"
1424.0,KARAK DANDANAH,كرك دندنه,RESTAURANTS,مطاعم,COFFEE SHOPS,مقاهي,235.0,MUHARRAQ,المحرق,50.63323422,26.2812641,"26.2812641, 50.63323422"
1425.0,AGHRAB CAFETERIA AND GRILLS,كافتيريا ومشويات أغراب,RESTAURANTS,مطاعم,OTHER RESTAURANTS,مطاعم أخرى,236.0,MUHARRAQ,المحرق,50.63508593,26.28011455,"26.28011455, 50.63508593"
1426.0,AL HARAM SANDWICHES AND JUICES,الهرم للسندويشات والعصير,RESTAURANTS,مطاعم,OTHER RESTAURANTS,مطاعم أخرى,236.0,MUHARRAQ,المحرق,50.63671052,26.27672524,"26.27672524, 50.63671052"
1427.0,AL JOOD GATE RESTAURANT,مطعم بوابة الجود,RESTAURANTS,مطاعم,TURKISH RESTAURANTS,مطاعم تركية,236.0,MUHARRAQ,المحرق,50.63707898,26.2806567,"26.2806567, 50.63707898"
1428.0,AMO SAEED PASTRIES,معجنات عمو سعيد,RESTAURANTS,مطاعم,ARABIC RESTAURANTS,مطاعم عربية,236.0,MUHARRAQ,المحرق,50.63675784,26.27663348,"26.27663348, 50.63675784"
1429.0,FRESH FISH RESTAURANT,مطعم فريش فيش,RESTAURANTS,مطاعم,SEAFOOD RESTAURANTS,مأكولات بحرية,236.0,MUHARRAQ,المحرق,50.63683689,26.27647414,"26.27647414, 50.63683689"
1430.0,FRESHOP CAFE,فرشوب كافيه,RESTAURANTS,مطاعم,COFFEE SHOPS,مقاهي,236.0,MUHARRAQ,المحرق,50.63668254,26.27677948,"26.27677948, 50.63668254"
1431.0,JARS FOOD CAFE,جارز فود كافيه,RESTAURANTS,مطاعم,COFFEE SHOPS,مقاهي,236.0,MUHARRAQ,المحرق,50.63662565,26.27688981,"26.27688981, 50.63662565"
1432.0,WANASAH CAFETERIA,كافتيريا وناسة,RESTAURANTS,مطاعم,FAST FOOD RESTAURANTS,وجبات سريعة,236.0,MUHARRAQ,المحرق,50.6353424,26.2777052,"26.2777052, 50.6353424"
1433.0,ABU RAGHEB RESTAURANT,مطعم أبو راغب,RESTAURANTS,مطاعم,ARABIC RESTAURANTS,مطاعم عربية,240.0,MUHARRAQ,المحرق,50.63638401,26.25606517,"26.25606517, 50.63638401"
1434.0,AL NOWAIR SAMBOSAH RESTAURANT,مطعم سمبوسة النوير,RESTAURANTS,مطاعم,OTHER RESTAURANTS,مطاعم أخرى,240.0,MUHARRAQ,المحرق,50.63476777,26.25567405,"26.25567405, 50.63476777"
1435.0,BADAWI RESTAURANT,مطعم بدوي,RESTAURANTS,مطاعم,ARABIC RESTAURANTS,مطاعم عربية,240.0,MUHARRAQ,المحرق,50.62657916,26.25454615,"26.25454615, 50.62657916"
1436.0,BAIT AL DONUT‎‏,بيت الدونت,RESTAURANTS,مطاعم,COFFEE SHOPS,مقاهي,240.0,MUHARRAQ,المحرق,50.63409743,26.25546181,"26.25546181, 50.63409743"
1437.0,BEAND COFFEE,مقهى بيند,RESTAURANTS,مطاعم,COFFEE SHOPS,مقاهي,240.0,MUHARRAQ,المحرق,50.62922702,26.25739269,"26.25739269, 50.62922702"
1438.0,BONCHON CHICKEN,مطعم بون تشون للدجاج,RESTAURANTS,مطاعم,FAST FOOD RESTAURANTS,وجبات سريعة,240.0,MUHARRAQ,المحرق,50.6265605,26.25430311,"26.25430311, 50.6265605"
1439.0,CARIBOU COFFEE,مقهى كاريبو,RESTAURANTS,مطاعم,COFFEE SHOPS,مقاهي,240.0,MUHARRAQ,المحرق,50.62786506,26.25396419,"26.25396419, 50.62786506"
1440.0,CEVIRME SHAWARMA,مطعم شاورما سيفيرم,RESTAURANTS,مطاعم,FAST FOOD RESTAURANTS,وجبات سريعة,240.0,MUHARRAQ,المحرق,50.62887759,26.25776338,"26.25776338, 50.62887759"
1441.0,COLUMBUS CAFE,مقهى كولومبوس,RESTAURANTS,مطاعم,COFFEE SHOPS,مقاهي,240.0,MUHARRAQ,المحرق,50.62859644,26.2541324,"26.2541324, 50.62859644"
1442.0,DAG AYOOSH RESTAURANT,مطعم دق عيوش,RESTAURANTS,مطاعم,ARABIC RESTAURANTS,مطاعم عربية,240.0,MUHARRAQ,المحرق,50.62886505,26.25714387,"26.25714387, 50.62886505"
1443.0,DOMINO'S PIZZA,دومينوز بيتزا,RESTAURANTS,مطاعم,PIZZA,بيتزا,240.0,MUHARRAQ,المحرق,50.62900151,26.25828036,"26.25828036, 50.62900151"
1444.0,DREAM LAND ICE CREAM,آيس كريم دريم لاند,RESTAURANTS,مطاعم,ICE CREAM,أيس كريم,240.0,MUHARRAQ,المحرق,50.63007163,26.25446452,"26.25446452, 50.63007163"
1445.0,FLAMETHROWER SHAWARMA,مطعم شاورما فليمثرور,RESTAURANTS,مطاعم,FAST FOOD RESTAURANTS,وجبات سريعة,240.0,MUHARRAQ,المحرق,50.62924533,26.25747707,"26.25747707, 50.62924533"
1446.0,HAJI LATTE CAFE,مقهى حجي لاتيه,RESTAURANTS,مطاعم,COFFEE SHOPS,مقاهي,240.0,MUHARRAQ,المحرق,50.63308357,26.25517345,"26.25517345, 50.63308357"
1447.0,HARDEES,هارديز,RESTAURANTS,مطاعم,FAST FOOD RESTAURANTS,وجبات سريعة,240.0,MUHARRAQ,المحرق,50.62705679,26.25426831,"26.25426831, 50.62705679"
1448.0,JASMIS RESTAURANT,مطعم جسميز,RESTAURANTS,مطاعم,FAST FOOD RESTAURANTS,وجبات سريعة,240.0,MUHARRAQ,المحرق,50.62845197,26.25852005,"26.25852005, 50.62845197"
1449.0,JIMMYS KILLER PRAWNS,مطعم جيميز كيلير براونز,RESTAURANTS,مطاعم,OTHER RESTAURANTS,مطاعم أخرى,240.0,MUHARRAQ,المحرق,50.626463,26.2543089,"26.2543089, 50.626463"
1450.0,JUICE TIME,عصير تايم,RESTAURANTS,مطاعم,OTHER RESTAURANTS,مطاعم أخرى,240.0,MUHARRAQ,المحرق,50.62982852,26.25437101,"26.25437101, 50.62982852"
1451.0,JUMAMI JUICES,عصائر جمامي,RESTAURANTS,مطاعم,OTHER RESTAURANTS,مطاعم أخرى,240.0,MUHARRAQ,المحرق,50.62887741,26.25782071,"26.25782071, 50.62887741"
1452.0,JUST FALAFEL,جست فلافل,RESTAURANTS,مطاعم,ARABIC RESTAURANTS,مطاعم عربية,240.0,MUHARRAQ,المحرق,50.62823764,26.25448982,"26.25448982, 50.62823764"
1453.0,KENTUCKY FRIED CHICKEN - KFC,كنتاكي,RESTAURANTS,مطاعم,FAST FOOD RESTAURANTS,وجبات سريعة,240.0,MUHARRAQ,المحرق,50.62681776,26.25400319,"26.25400319, 50.62681776"
1454.0,KOSEBASI RESTAURANT,مطعم كوشي باشي,RESTAURANTS,مطاعم,TURKISH RESTAURANTS,مطاعم تركية,240.0,MUHARRAQ,المحرق,50.62648215,26.25399247,"26.25399247, 50.62648215"
1455.0,KRISPY KREME DONUT,كرسبي كريم دونت,RESTAURANTS,مطاعم,COFFEE SHOPS,مقاهي,240.0,MUHARRAQ,المحرق,50.63584413,26.25587388,"26.25587388, 50.63584413"
1456.0,LETS KARAK CAFETERIA,كافتيريا يلا نكرك,RESTAURANTS,مطاعم,OTHER RESTAURANTS,مطاعم أخرى,240.0,MUHARRAQ,المحرق,50.62998156,26.25443755,"26.25443755, 50.62998156"
1457.0,LONDONER BURGER RESTAURANT,مطعم لندونر برجر,RESTAURANTS,مطاعم,FAST FOOD RESTAURANTS,وجبات سريعة,240.0,MUHARRAQ,المحرق,50.62685438,26.25409042,"26.25409042, 50.62685438"
1458.0,MADO RESTAURANT,مطعم مادو,RESTAURANTS,مطاعم,TURKISH RESTAURANTS,مطاعم تركية,240.0,MUHARRAQ,المحرق,50.62727556,26.25423409,"26.25423409, 50.62727556"
1459.0,MCDONALD'S,ماكدونالدز,RESTAURANTS,مطاعم,FAST FOOD RESTAURANTS,وجبات سريعة,240.0,MUHARRAQ,المحرق,50.62950128,26.25791579,"26.25791579, 50.62950128"
1460.0,MUSTAFA PASTRIES,معجنات مصطفى,RESTAURANTS,مطاعم,ARABIC RESTAURANTS,مطاعم عربية,240.0,MUHARRAQ,المحرق,50.63538453,26.25578221,"26.25578221, 50.63538453"
1461.0,PAPPA ROTI CAFE,مقهى بابا روتي,RESTAURANTS,مطاعم,COFFEE SHOPS,مقاهي,240.0,MUHARRAQ,المحرق,50.62597346,26.25416859,"26.25416859, 50.62597346"
1462.0,PIZZA HUT,بيتزا هت,RESTAURANTS,مطاعم,PIZZA,بيتزا,240.0,MUHARRAQ,المحرق,50.62715304,26.25399622,"26.25399622, 50.62715304"
1463.0,POLLO CAMPERO RESTAURANT,مطعم بولو كامبيرو,RESTAURANTS,مطاعم,FAST FOOD RESTAURANTS,وجبات سريعة,240.0,MUHARRAQ,المحرق,50.62611564,26.25429816,"26.25429816, 50.62611564"
1464.0,POTATO CITY RESTAURANT,مطعم بوتيتو سيتي,RESTAURANTS,مطاعم,OTHER RESTAURANTS,مطاعم أخرى,240.0,MUHARRAQ,المحرق,50.62589323,26.2542534,"26.2542534, 50.62589323"
1465.0,SEGAFREDO ZANETTI CAFE,مقهى سيغافريدو زانتي,RESTAURANTS,مطاعم,COFFEE SHOPS,مقاهي,240.0,MUHARRAQ,المحرق,50.62634707,26.25390265,"26.25390265, 50.62634707"
1466.0,SHAWARMA GRAPHICS,شاورما جرافيكس,RESTAURANTS,مطاعم,ARABIC RESTAURANTS,مطاعم عربية,240.0,MUHARRAQ,المحرق,50.63321002,26.25522518,"26.25522518, 50.63321002"
1467.0,STARBUCKS,ستاربكس,RESTAURANTS,مطاعم,COFFEE SHOPS,مقاهي,240.0,MUHARRAQ,المحرق,50.62834236,26.2540529,"26.2540529, 50.62834236"
1468.0,SUBWAY,سب واي,RESTAURANTS,مطاعم,OTHER RESTAURANTS,مطاعم أخرى,240.0,MUHARRAQ,المحرق,50.62737494,26.25419747,"26.25419747, 50.62737494"
1469.0,T.G.I. FRIDAYS RESTAURANT,مطعم تي جي أي فرايديز,RESTAURANTS,مطاعم,AMERICAN RESTAURANTS,مطاعم أمريكية,240.0,MUHARRAQ,المحرق,50.62606369,26.25441932,"26.25441932, 50.62606369"
1470.0,TEA TIME CAFE,وقت الشاي كافيه,RESTAURANTS,مطاعم,COFFEE SHOPS,مقاهي,240.0,MUHARRAQ,المحرق,50.63310614,26.25727549,"26.25727549, 50.63310614"
1471.0,SIT AL SHAM RESTAURANT,مطعم ست الشام,RESTAURANTS,مطاعم,ARABIC RESTAURANTS,مطاعم عربية,241.0,MUHARRAQ,المحرق,50.63784867,26.2571558,"26.2571558, 50.63784867"
1472.0,3 LINES RESTAURANT,مطعم ثري لاينز,RESTAURANTS,مطاعم,FAST FOOD RESTAURANTS,وجبات سريعة,242.0,MUHARRAQ,المحرق,50.63587195,26.25563193,"26.25563193, 50.63587195"
1473.0,AL ASAYEL RESTAURANT,مطعم الأصايل,RESTAURANTS,مطاعم,INTERNATIONAL RESTAURANTS,مطاعم عالمية,242.0,MUHARRAQ,المحرق,50.63661104,26.25586271,"26.25586271, 50.63661104"
1474.0,AL MOZN RESTAURANT,مطعم المزن,RESTAURANTS,مطاعم,OTHER RESTAURANTS,مطاعم أخرى,242.0,MUHARRAQ,المحرق,50.63514794,26.25558143,"26.25558143, 50.63514794"
1475.0,AL NAIM GRILLS,مشويات النعيم,RESTAURANTS,مطاعم,ARABIC RESTAURANTS,مطاعم عربية,242.0,MUHARRAQ,المحرق,50.63235905,26.25474274,"26.25474274, 50.63235905"
1476.0,BASKIN ROBBINS,باسكن روبنز,RESTAURANTS,مطاعم,ICE CREAM,أيس كريم,242.0,MUHARRAQ,المحرق,50.63622678,26.25573858,"26.25573858, 50.63622678"
1477.0,BURGER LAND,برجر لاند,RESTAURANTS,مطاعم,ARABIC RESTAURANTS,مطاعم عربية,242.0,MUHARRAQ,المحرق,50.63053971,26.25431106,"26.25431106, 50.63053971"
1478.0,DIYAR AL HIDD GRILLS RESTAURANT,مطعم مشويات ديار الحد,RESTAURANTS,مطاعم,OTHER RESTAURANTS,مطاعم أخرى,242.0,MUHARRAQ,المحرق,50.634312,26.25527513,"26.25527513, 50.634312"
1479.0,ICE TOWN JUICES,عصائر آيس تاون,RESTAURANTS,مطاعم,OTHER RESTAURANTS,مطاعم أخرى,242.0,MUHARRAQ,المحرق,50.63444303,26.2553113,"26.2553113, 50.63444303"
1480.0,JABAL ALI RESTAURANT AND GRILLS,مطعم ومشويات جبل علي,RESTAURANTS,مطاعم,INTERNATIONAL RESTAURANTS,مطاعم عالمية,242.0,MUHARRAQ,المحرق,50.6321652,26.25471827,"26.25471827, 50.6321652"
1481.0,KARAMI RESTAURANT,مطعم كرامي,RESTAURANTS,مطاعم,ARABIC RESTAURANTS,مطاعم عربية,242.0,MUHARRAQ,المحرق,50.62934043,26.25397222,"26.25397222, 50.62934043"
1482.0,LA PASTA RESTAURANT,مطعم لا باستا,RESTAURANTS,مطاعم,ITALIAN RESTAURANTS,مطاعم إيطالية,242.0,MUHARRAQ,المحرق,50.63417031,26.25523294,"26.25523294, 50.63417031"
1483.0,LEBANESE RESTAURANT,المطعم اللبناني,RESTAURANTS,مطاعم,LEBANESE RESTAURANTS,مطاعم لبنانية,242.0,MUHARRAQ,المحرق,50.6340512,26.2551968,"26.2551968, 50.6340512"
1484.0,MY PIZZA,ماي بيتزا,RESTAURANTS,مطاعم,PIZZA,بيتزا,242.0,MUHARRAQ,المحرق,50.63297969,26.25479431,"26.25479431, 50.63297969"
1485.0,PASTA EXPRESS,باستا إكسبرس,RESTAURANTS,مطاعم,ITALIAN RESTAURANTS,مطاعم إيطالية,242.0,MUHARRAQ,المحرق,50.63599933,26.2556678,"26.2556678, 50.63599933"
1486.0,RAZAN RESTAURANT,مطعم رزان,RESTAURANTS,مطاعم,OTHER RESTAURANTS,مطاعم أخرى,242.0,MUHARRAQ,المحرق,50.63099347,26.25451472,"26.25451472, 50.63099347"
1487.0,ROOTH COFFEE,مقهى روث,RESTAURANTS,مطاعم,COFFEE SHOPS,مقاهي,242.0,MUHARRAQ,المحرق,50.6303088,26.25431903,"26.25431903, 50.6303088"
1488.0,SABA KINGDOM RESTAURANT,مطعم مملكة سبأ,RESTAURANTS,مطاعم,OTHER RESTAURANTS,مطاعم أخرى,242.0,MUHARRAQ,المحرق,50.63662403,26.25537729,"26.25537729, 50.63662403"
1489.0,SAMEEH PASTRIES,معجنات سميح,RESTAURANTS,مطاعم,ARABIC RESTAURANTS,مطاعم عربية,242.0,MUHARRAQ,المحرق,50.63640472,26.25579646,"26.25579646, 50.63640472"
1490.0,ZOOM BARGER,زووم برجر,RESTAURANTS,مطاعم,FAST FOOD RESTAURANTS,وجبات سريعة,242.0,MUHARRAQ,المحرق,50.63181209,26.25466541,"26.25466541, 50.63181209"
1491.0,ABU AL HAUL SANDWICHES,سندويشات أبو الهول,RESTAURANTS,مطاعم,ARABIC RESTAURANTS,مطاعم عربية,243.0,MUHARRAQ,المحرق,50.63553021,26.2583549,"26.2583549, 50.63553021"
1492.0,AL AHALI SANDWICHES,سندويشات الأهالي,RESTAURANTS,مطاعم,ARABIC RESTAURANTS,مطاعم عربية,243.0,MUHARRAQ,المحرق,50.64892431,26.25662144,"26.25662144, 50.64892431"
1493.0,AL AREESH CAFE,مقهى العريش,RESTAURANTS,مطاعم,COFFEE SHOPS,مقاهي,243.0,MUHARRAQ,المحرق,50.64603237,26.25832763,"26.25832763, 50.64603237"
1494.0,ARAD LINE RESTAURANT,مطعم عراد لاين,RESTAURANTS,مطاعم,OTHER RESTAURANTS,مطاعم أخرى,243.0,MUHARRAQ,المحرق,50.64669111,26.25747132,"26.25747132, 50.64669111"
1495.0,FIVE STARS GRILLS,مشويات خمس نجوم,RESTAURANTS,مطاعم,ARABIC RESTAURANTS,مطاعم عربية,243.0,MUHARRAQ,المحرق,50.6393727,26.25731051,"26.25731051, 50.6393727"
1496.0,FOODLICIOUS COFFEE SHOP,كوفي شوب فوودليشيوز,RESTAURANTS,مطاعم,COFFEE SHOPS,مقاهي,243.0,MUHARRAQ,المحرق,50.63526648,26.2590608,"26.2590608, 50.63526648"
1497.0,HARDEES,هارديز,RESTAURANTS,مطاعم,FAST FOOD RESTAURANTS,وجبات سريعة,243.0,MUHARRAQ,المحرق,50.64907035,26.25649164,"26.25649164, 50.64907035"
1498.0,KENTUCKY FRIED CHICKEN - KFC,كنتاكي,RESTAURANTS,مطاعم,FAST FOOD RESTAURANTS,وجبات سريعة,243.0,MUHARRAQ,المحرق,50.64922547,26.25658414,"26.25658414, 50.64922547"
1499.0,MUNACO RESTAURANT,مطعم موناكو,RESTAURANTS,مطاعم,OTHER RESTAURANTS,مطاعم أخرى,243.0,MUHARRAQ,المحرق,50.64598693,26.25649338,"26.25649338, 50.64598693"
1500.0,PIZZA HUT,بيتزا هت,RESTAURANTS,مطاعم,PIZZA,بيتزا,243.0,MUHARRAQ,المحرق,50.64899144,26.25658336,"26.25658336, 50.64899144"
1501.0,THE PIZZA COMPANY,بيتزا كومباني,RESTAURANTS,مطاعم,PIZZA,بيتزا,243.0,MUHARRAQ,المحرق,50.64589292,26.25838794,"26.25838794, 50.64589292"
1502.0,WADI ALSAIL COFFEE SHOP,مقهى وادي السيل الشعبي,RESTAURANTS,مطاعم,COFFEE SHOPS,مقاهي,243.0,MUHARRAQ,المحرق,50.64066423,26.25981402,"26.25981402, 50.64066423"
1503.0,AFFANDI RESTAURANT,مطعم أفندي,RESTAURANTS,مطاعم,OTHER RESTAURANTS,مطاعم أخرى,244.0,MUHARRAQ,المحرق,50.64591737,26.25501099,"26.25501099, 50.64591737"
1504.0,AL QANATER CAFETERIA,كافتيريا القناطر,RESTAURANTS,مطاعم,OTHER RESTAURANTS,مطاعم أخرى,244.0,MUHARRAQ,المحرق,50.64075421,26.25543294,"26.25543294, 50.64075421"
1505.0,AMO WAHEED PASTRIES AND GRILLS,معجنات ومشويات عمو وحيد,RESTAURANTS,مطاعم,TURKISH RESTAURANTS,مطاعم تركية,244.0,MUHARRAQ,المحرق,50.64585685,26.25435837,"26.25435837, 50.64585685"
1506.0,BAIT AL ASEEL RESTAURANT,مطعم بيت الأصيل,RESTAURANTS,مطاعم,OTHER RESTAURANTS,مطاعم أخرى,244.0,MUHARRAQ,المحرق,50.64586196,26.25506221,"26.25506221, 50.64586196"
1507.0,BAIT LEBNAYYAT RESTAURANT,مطعم بيت لبنيات,RESTAURANTS,مطاعم,ARABIC RESTAURANTS,مطاعم عربية,244.0,MUHARRAQ,المحرق,50.64388143,26.25450473,"26.25450473, 50.64388143"
1508.0,CAFETERIA AL JABERIYA,كافتيريا الجابرية,RESTAURANTS,مطاعم,OTHER RESTAURANTS,مطاعم أخرى,244.0,MUHARRAQ,المحرق,50.64589158,26.25530312,"26.25530312, 50.64589158"
1509.0,DAJAJIO CHICKEN RESTAURANT,مطعم دجاج داجاجيو,RESTAURANTS,مطاعم,FAST FOOD RESTAURANTS,وجبات سريعة,244.0,MUHARRAQ,المحرق,50.6448391,26.25508776,"26.25508776, 50.6448391"
1510.0,HILAL TURKISH GRILL RESTAURANT,مطعم هلال تركيا للمشويات,RESTAURANTS,مطاعم,TURKISH RESTAURANTS,مطاعم تركية,244.0,MUHARRAQ,المحرق,50.64588574,26.25543062,"26.25543062, 50.64588574"
1511.0,JASMIS RESTAURANT,مطعم جسميز,RESTAURANTS,مطاعم,FAST FOOD RESTAURANTS,وجبات سريعة,244.0,MUHARRAQ,المحرق,50.64488732,26.25502177,"26.25502177, 50.64488732"
1512.0,LE CHOCOLAT CAFE AND RESTAURANT,مقهى ومطعم لو شوكولا,RESTAURANTS,مطاعم,COFFEE SHOPS,مقاهي,244.0,MUHARRAQ,المحرق,50.6448988,26.25480536,"26.25480536, 50.6448988"
1513.0,NEW YORK 973 BURGERS,نيويورك 973 للبرجر,RESTAURANTS,مطاعم,FAST FOOD RESTAURANTS,وجبات سريعة,244.0,MUHARRAQ,المحرق,50.64589283,26.25514255,"26.25514255, 50.64589283"
1514.0,QAHWA SADA CAFE,قهوة سادة كافيه,RESTAURANTS,مطاعم,COFFEE SHOPS,مقاهي,244.0,MUHARRAQ,المحرق,50.64586143,26.25491081,"26.25491081, 50.64586143"
1515.0,WAHRAN RESTAURANT,مطعم وهران,RESTAURANTS,مطاعم,ARABIC RESTAURANTS,مطاعم عربية,244.0,MUHARRAQ,المحرق,50.64362203,26.25047399,"26.25047399, 50.64362203"
1516.0,DERBY CAFE,دربي كافيه,RESTAURANTS,مطاعم,COFFEE SHOPS,مقاهي,246.0,MUHARRAQ,المحرق,50.62093314,26.24900653,"26.24900653, 50.62093314"
1517.0,AL AYDAM RESTAURANT,مطعم الإيدام,RESTAURANTS,مطاعم,OTHER RESTAURANTS,مطاعم أخرى,251.0,MUHARRAQ,المحرق,50.65271066,26.27347463,"26.27347463, 50.65271066"
1518.0,AL TAWASUL PALACE KARAK,كرك قصر التواصل,RESTAURANTS,مطاعم,COFFEE SHOPS,مقاهي,251.0,MUHARRAQ,المحرق,50.64959037,26.27406343,"26.27406343, 50.64959037"
1519.0,CHAPATI RASHID CAFETERIA,كافتيريا شباتي راشد,RESTAURANTS,مطاعم,FAST FOOD RESTAURANTS,وجبات سريعة,251.0,MUHARRAQ,المحرق,50.64603358,26.27419351,"26.27419351, 50.64603358"
1520.0,DALLA QAHWA AND KARAK,دلة قهوة وكرك,RESTAURANTS,مطاعم,COFFEE SHOPS,مقاهي,251.0,MUHARRAQ,المحرق,50.64738986,26.27409689,"26.27409689, 50.64738986"
1521.0,FITWAY RESTAURANT,مطعم فت واي,RESTAURANTS,مطاعم,OTHER RESTAURANTS,مطاعم أخرى,251.0,MUHARRAQ,المحرق,50.65108357,26.27394267,"26.27394267, 50.65108357"
1522.0,FIX CAFE,فكس كافيه,RESTAURANTS,مطاعم,COFFEE SHOPS,مقاهي,251.0,MUHARRAQ,المحرق,50.6527558,26.27344167,"26.27344167, 50.6527558"
1523.0,KARAK GINGER,كرك زنجبيل,RESTAURANTS,مطاعم,COFFEE SHOPS,مقاهي,251.0,MUHARRAQ,المحرق,50.65079814,26.27401071,"26.27401071, 50.65079814"
1524.0,KK BURGER RESTAURANT,مطعم ك ك برجر,RESTAURANTS,مطاعم,FAST FOOD RESTAURANTS,وجبات سريعة,251.0,MUHARRAQ,المحرق,50.64735488,26.27409877,"26.27409877, 50.64735488"
1525.0,LAMSAT SHABIYA RESTAURANT,مطعم لمسات شعبية,RESTAURANTS,مطاعم,OTHER RESTAURANTS,مطاعم أخرى,251.0,MUHARRAQ,المحرق,50.65143014,26.27389861,"26.27389861, 50.65143014"
1526.0,NARIS RESTAURANT,مطعم ناريس,RESTAURANTS,مطاعم,ARABIC RESTAURANTS,مطاعم عربية,251.0,MUHARRAQ,المحرق,50.64797264,26.27403916,"26.27403916, 50.64797264"
1527.0,NEW JENAN BROASTED RESTAURANT,مطعم بروستد جنان الجديدة,RESTAURANTS,مطاعم,FAST FOOD RESTAURANTS,وجبات سريعة,251.0,MUHARRAQ,المحرق,50.6499801,26.27407352,"26.27407352, 50.6499801"
1528.0,NOON TIME RESTAURANT,مطعم نون تايم,RESTAURANTS,مطاعم,OTHER RESTAURANTS,مطاعم أخرى,251.0,MUHARRAQ,المحرق,50.64766485,26.27408748,"26.27408748, 50.64766485"
1529.0,TAIBAT RESTAURANT,مطعم طيبات للولائم,RESTAURANTS,مطاعم,ARABIC RESTAURANTS,مطاعم عربية,251.0,MUHARRAQ,المحرق,50.65137703,26.27390765,"26.27390765, 50.65137703"
1530.0,UMM YARA KUSHARI RESTAURANT,مطعم أم يارا للكشري,RESTAURANTS,مطاعم,FAST FOOD RESTAURANTS,وجبات سريعة,251.0,MUHARRAQ,المحرق,50.65006863,26.27406821,"26.27406821, 50.65006863"
1531.0,AL BUBU RESTAURANT,مطعم البوبو,RESTAURANTS,مطاعم,OTHER RESTAURANTS,مطاعم أخرى,252.0,MUHARRAQ,المحرق,50.64992452,26.27232337,"26.27232337, 50.64992452"
1532.0,AL INSAF RESTAURANT,مطعم الإنصاف,RESTAURANTS,مطاعم,OTHER RESTAURANTS,مطاعم أخرى,252.0,MUHARRAQ,المحرق,50.64997012,26.27230979,"26.27230979, 50.64997012"
1533.0,AL MUMAIYAZ RESTAURANT,مطعم المميز,RESTAURANTS,مطاعم,ARABIC RESTAURANTS,مطاعم عربية,252.0,MUHARRAQ,المحرق,50.64708287,26.27395359,"26.27395359, 50.64708287"
1534.0,AMWAJ QALALI RESTAURANT,مطعم أمواج قلالي,RESTAURANTS,مطاعم,OTHER RESTAURANTS,مطاعم أخرى,252.0,MUHARRAQ,المحرق,50.65118526,26.27222375,"26.27222375, 50.65118526"
1535.0,BUSHANAB RESTAURANT AND GRILLS,مطعم ومشويات بوشنب,RESTAURANTS,مطاعم,ARABIC RESTAURANTS,مطاعم عربية,252.0,MUHARRAQ,المحرق,50.64592409,26.27404073,"26.27404073, 50.64592409"
1536.0,KING KARAK CAFETERIA,كافتيريا ملك الكرك,RESTAURANTS,مطاعم,OTHER RESTAURANTS,مطاعم أخرى,252.0,MUHARRAQ,المحرق,50.64822994,26.27388073,"26.27388073, 50.64822994"
1537.0,NINAZ GOURMET CHOCO RESTAURANT,مطعم نيناز جورميه,RESTAURANTS,مطاعم,OTHER RESTAURANTS,مطاعم أخرى,252.0,MUHARRAQ,المحرق,50.65063979,26.27385893,"26.27385893, 50.65063979"
1538.0,QALALI LIVE RESTAURANT,مطعم قلالي لايف,RESTAURANTS,مطاعم,OTHER RESTAURANTS,مطاعم أخرى,252.0,MUHARRAQ,المحرق,50.65225694,26.27335373,"26.27335373, 50.65225694"
1539.0,QALALI RESTAURANT,مطعم قلالي,RESTAURANTS,مطاعم,OTHER RESTAURANTS,مطاعم أخرى,252.0,MUHARRAQ,المحرق,50.6516568,26.27196476,"26.27196476, 50.6516568"
1540.0,SPOT TEA CAFETERIA,كافتيريا سبوت تي,RESTAURANTS,مطاعم,OTHER RESTAURANTS,مطاعم أخرى,252.0,MUHARRAQ,المحرق,50.6515654,26.27372127,"26.27372127, 50.6515654"
1541.0,AL ASEEL BACHAH RESTAURANT,مطعم الأصيل للباجة,RESTAURANTS,مطاعم,OTHER RESTAURANTS,مطاعم أخرى,253.0,MUHARRAQ,المحرق,50.65447974,26.27199353,"26.27199353, 50.65447974"
1542.0,AL LAYALI AL JABERIYA TOWER CAFETERIA,كافتيريا برج الليالي الجابرية,RESTAURANTS,مطاعم,FAST FOOD RESTAURANTS,وجبات سريعة,253.0,MUHARRAQ,المحرق,50.65167588,26.27168467,"26.27168467, 50.65167588"
1543.0,AL QANATER CAFETERIA,كافتيريا القناطر,RESTAURANTS,مطاعم,FAST FOOD RESTAURANTS,وجبات سريعة,253.0,MUHARRAQ,المحرق,50.65181071,26.27020016,"26.27020016, 50.65181071"
1544.0,BASKIN ROBBINS,باسكن روبنز,RESTAURANTS,مطاعم,ICE CREAM,أيس كريم,253.0,MUHARRAQ,المحرق,50.65604136,26.27065222,"26.27065222, 50.65604136"
1545.0,BLUE BELL RESTAURANT,مطعم بلوبل,RESTAURANTS,مطاعم,OTHER RESTAURANTS,مطاعم أخرى,253.0,MUHARRAQ,المحرق,50.65189771,26.27192566,"26.27192566, 50.65189771"
1546.0,DAR AL NAFOORA SHAWARMA AND PASTRIES,دار النافورة للشاورما والمعجنات,RESTAURANTS,مطاعم,FAST FOOD RESTAURANTS,وجبات سريعة,253.0,MUHARRAQ,المحرق,50.65419452,26.27218846,"26.27218846, 50.65419452"
1547.0,DESI MASALA RESTAURANT AND GRILLS,مطعم ومشويات ديسي مسالا,RESTAURANTS,مطاعم,OTHER RESTAURANTS,مطاعم أخرى,253.0,MUHARRAQ,المحرق,50.65273328,26.26994987,"26.26994987, 50.65273328"
1548.0,DIYAR QALALI GRILL,مشويات ديار قلالي,RESTAURANTS,مطاعم,ARABIC RESTAURANTS,مطاعم عربية,253.0,MUHARRAQ,المحرق,50.65014891,26.27182906,"26.27182906, 50.65014891"
1549.0,DOCTOR CHAI,دكتور شاي,RESTAURANTS,مطاعم,COFFEE SHOPS,مقاهي,253.0,MUHARRAQ,المحرق,50.65178253,26.27055378,"26.27055378, 50.65178253"
1550.0,DREAM LAND ICE CREAM,آيس كريم دريم لاند,RESTAURANTS,مطاعم,ICE CREAM,أيس كريم,253.0,MUHARRAQ,المحرق,50.65269265,26.26994681,"26.26994681, 50.65269265"
1551.0,KARAK WAY,كرك وي,RESTAURANTS,مطاعم,COFFEE SHOPS,مقاهي,253.0,MUHARRAQ,المحرق,50.65468682,26.27184476,"26.27184476, 50.65468682"
1552.0,LAHORE DARBAR RESTAURANT,مطعم لاهور دربار,RESTAURANTS,مطاعم,OTHER RESTAURANTS,مطاعم أخرى,253.0,MUHARRAQ,المحرق,50.65018683,26.27183105,"26.27183105, 50.65018683"
1553.0,LAMAAR LAND RESTAURANT,مطعم لمار لاند,RESTAURANTS,مطاعم,OTHER RESTAURANTS,مطاعم أخرى,253.0,MUHARRAQ,المحرق,50.65421449,26.27217344,"26.27217344, 50.65421449"
1554.0,NASSER AL TAMIMI RESTAURANT,مطعم ناصر التميمى,RESTAURANTS,مطاعم,OTHER RESTAURANTS,مطاعم أخرى,253.0,MUHARRAQ,المحرق,50.65215868,26.27202331,"26.27202331, 50.65215868"
1555.0,QALALI RESTAURANT,مطعم قلالي,RESTAURANTS,مطاعم,OTHER RESTAURANTS,مطاعم أخرى,253.0,MUHARRAQ,المحرق,50.65167056,26.27185006,"26.27185006, 50.65167056"
1556.0,RANOOSH SANDWICHES,رنوش للسندويشات,RESTAURANTS,مطاعم,FAST FOOD RESTAURANTS,وجبات سريعة,253.0,MUHARRAQ,المحرق,50.65414644,26.27006976,"26.27006976, 50.65414644"
1557.0,SEVENTIES KARAK,كرك السبعينات,RESTAURANTS,مطاعم,COFFEE SHOPS,مقاهي,253.0,MUHARRAQ,المحرق,50.65187411,26.2710862,"26.2710862, 50.65187411"
1558.0,SKY MUHARRAQ CAFETERIA,كافتيريا سما المحرق,RESTAURANTS,مطاعم,OTHER RESTAURANTS,مطاعم أخرى,253.0,MUHARRAQ,المحرق,50.65502794,26.27022074,"26.27022074, 50.65502794"
1559.0,TEA HEAVEN,جنة الشاي,RESTAURANTS,مطاعم,COFFEE SHOPS,مقاهي,253.0,MUHARRAQ,المحرق,50.65370885,26.2721205,"26.2721205, 50.65370885"
1560.0,UMM AL SHAJAR RESTAURANT,مطعم أم الشجر,RESTAURANTS,مطاعم,OTHER RESTAURANTS,مطاعم أخرى,253.0,MUHARRAQ,المحرق,50.65255038,26.2699287,"26.2699287, 50.65255038"
1561.0,UMMIS KARAK,أميس كرك,RESTAURANTS,مطاعم,COFFEE SHOPS,مقاهي,253.0,MUHARRAQ,المحرق,50.6523434,26.26994374,"26.26994374, 50.6523434"
1562.0,WAAD CAFETERIA,كافتيريا وعد,RESTAURANTS,مطاعم,FAST FOOD RESTAURANTS,وجبات سريعة,253.0,MUHARRAQ,المحرق,50.65250019,26.26992531,"26.26992531, 50.65250019"
1563.0,WAHEED PASTRIES,معجنات وحيد,RESTAURANTS,مطاعم,ARABIC RESTAURANTS,مطاعم عربية,253.0,MUHARRAQ,المحرق,50.6513363,26.27177423,"26.27177423, 50.6513363"
1564.0,AL LAMMA RESTAURANT FOR BANQUETS,مطعم اللمة للولائم,RESTAURANTS,مطاعم,ARABIC RESTAURANTS,مطاعم عربية,254.0,MUHARRAQ,المحرق,50.6543695,26.26809158,"26.26809158, 50.6543695"
1565.0,ALI EXPRESS RESTAURANT,مطعم علي إكسبريس,RESTAURANTS,مطاعم,OTHER RESTAURANTS,مطاعم أخرى,254.0,MUHARRAQ,المحرق,50.65746164,26.26438809,"26.26438809, 50.65746164"
1566.0,BITEBOX RESTAURANT,مطعم بايت بوكس,RESTAURANTS,مطاعم,FAST FOOD RESTAURANTS,وجبات سريعة,254.0,MUHARRAQ,المحرق,50.65528146,26.26422189,"26.26422189, 50.65528146"
1567.0,CALORIA RESTAURANT,مطعم كالوريا,RESTAURANTS,مطاعم,OTHER RESTAURANTS,مطاعم أخرى,254.0,MUHARRAQ,المحرق,50.65436577,26.26811814,"26.26811814, 50.65436577"
1568.0,CHAI TALQEMA,شاي تلقيمة,RESTAURANTS,مطاعم,COFFEE SHOPS,مقاهي,254.0,MUHARRAQ,المحرق,50.65931628,26.26733223,"26.26733223, 50.65931628"
1569.0,CREPICO CREPE CAFE,كريبيكو كريب كافيه,RESTAURANTS,مطاعم,COFFEE SHOPS,مقاهي,254.0,MUHARRAQ,المحرق,50.65577643,26.27018281,"26.27018281, 50.65577643"
1570.0,DOLCE BAR SWEETS,حلويات دولس بار,RESTAURANTS,مطاعم,COFFEE SHOPS,مقاهي,254.0,MUHARRAQ,المحرق,50.65617061,26.26419476,"26.26419476, 50.65617061"
1571.0,EIGHTIES KARAK,كرك الثمانينات,RESTAURANTS,مطاعم,COFFEE SHOPS,مقاهي,254.0,MUHARRAQ,المحرق,50.65432987,26.26795353,"26.26795353, 50.65432987"
1572.0,FALAFIL HARITNA RESTAURANT,مطعم فلافل حارتنا,RESTAURANTS,مطاعم,ARABIC RESTAURANTS,مطاعم عربية,254.0,MUHARRAQ,المحرق,50.65303212,26.26983242,"26.26983242, 50.65303212"
1573.0,FOOD BANK HEALTHY RESTAURANT,مطعم بنك الطعام الصحي,RESTAURANTS,مطاعم,OTHER RESTAURANTS,مطاعم أخرى,254.0,MUHARRAQ,المحرق,50.65459463,26.26996631,"26.26996631, 50.65459463"
1574.0,GOLDEN TEA CAFETERIA,كافتيريا الشاي الذهبي,RESTAURANTS,مطاعم,FAST FOOD RESTAURANTS,وجبات سريعة,254.0,MUHARRAQ,المحرق,50.65409291,26.26771589,"26.26771589, 50.65409291"
1575.0,GRANNYS BURGER RESTAURANT,مطعم غرانيز برجر,RESTAURANTS,مطاعم,FAST FOOD RESTAURANTS,وجبات سريعة,254.0,MUHARRAQ,المحرق,50.65468707,26.26434521,"26.26434521, 50.65468707"
1576.0,KAYAN CORNER COFFEE,زاوية كيان للكوفي,RESTAURANTS,مطاعم,COFFEE SHOPS,مقاهي,254.0,MUHARRAQ,المحرق,50.6557203,26.26794539,"26.26794539, 50.6557203"
1577.0,LABASH CAFETERIA,كافتيريا لاباش,RESTAURANTS,مطاعم,FAST FOOD RESTAURANTS,وجبات سريعة,254.0,MUHARRAQ,المحرق,50.654352,26.26896537,"26.26896537, 50.654352"
1578.0,LEBANESE RESTAURANT,المطعم اللبناني,RESTAURANTS,مطاعم,LEBANESE RESTAURANTS,مطاعم لبنانية,254.0,MUHARRAQ,المحرق,50.65370601,26.26797427,"26.26797427, 50.65370601"
1579.0,LITTLE OVEN DESSERT AND SAVOURY,حلويات وموالح ليتل اوفن,RESTAURANTS,مطاعم,COFFEE SHOPS,مقاهي,254.0,MUHARRAQ,المحرق,50.65504325,26.26804696,"26.26804696, 50.65504325"
1580.0,OMAA CAFE,أوما كافيه,RESTAURANTS,مطاعم,FAST FOOD RESTAURANTS,وجبات سريعة,254.0,MUHARRAQ,المحرق,50.65640857,26.27026584,"26.27026584, 50.65640857"
1581.0,SANTE CUISINE RESTAURANT,مطعم سانتي كوزين,RESTAURANTS,مطاعم,OTHER RESTAURANTS,مطاعم أخرى,254.0,MUHARRAQ,المحرق,50.65305259,26.26983456,"26.26983456, 50.65305259"
1582.0,SEKOMBAL CAFETERIA,كافتيريا سيكومبل,RESTAURANTS,مطاعم,FAST FOOD RESTAURANTS,وجبات سريعة,254.0,MUHARRAQ,المحرق,50.65560229,26.26418697,"26.26418697, 50.65560229"
1583.0,UMM AL SHAJAR RESTAURANT,مطعم أم الشجر,RESTAURANTS,مطاعم,TURKISH RESTAURANTS,مطاعم تركية,254.0,MUHARRAQ,المحرق,50.65262223,26.26977292,"26.26977292, 50.65262223"
1584.0,AFKARI FOOD RESTAURANT,مطعم أفكاري فود,RESTAURANTS,مطاعم,OTHER RESTAURANTS,مطاعم أخرى,255.0,MUHARRAQ,المحرق,50.64457423,26.28096799,"26.28096799, 50.64457423"
1585.0,AL DARWAZA BANQUET RESTAURANT,مطعم الدروازة للولائم,RESTAURANTS,مطاعم,BAHRAINI RESTAURANTS,مطاعم بحرينية,255.0,MUHARRAQ,المحرق,50.64519619,26.28187665,"26.28187665, 50.64519619"
1586.0,AL KAAB RESTAURANT,مطعم الكاب,RESTAURANTS,مطاعم,OTHER RESTAURANTS,مطاعم أخرى,255.0,MUHARRAQ,المحرق,50.65759001,26.2762496,"26.2762496, 50.65759001"
1587.0,AL RIFFAAIN EXPRESS RESTAURANT,مطعم الرفاعين اكسبرس,RESTAURANTS,مطاعم,TURKISH RESTAURANTS,مطاعم تركية,255.0,MUHARRAQ,المحرق,50.64505626,26.28171001,"26.28171001, 50.64505626"
1588.0,ALRUBYANA RESTAURANT,مطعم الربيانة,RESTAURANTS,مطاعم,SEAFOOD RESTAURANTS,مأكولات بحرية,255.0,MUHARRAQ,المحرق,50.65754114,26.27629536,"26.27629536, 50.65754114"
1589.0,ANWAR AL IRAQ RESTAURANT,مطعم أنوار العراق,RESTAURANTS,مطاعم,ARABIC RESTAURANTS,مطاعم عربية,255.0,MUHARRAQ,المحرق,50.64603149,26.28214112,"26.28214112, 50.64603149"
1590.0,ARADOUS CAFE,مقهى أرادوس,RESTAURANTS,مطاعم,COFFEE SHOPS,مقاهي,255.0,MUHARRAQ,المحرق,50.64685246,26.28197497,"26.28197497, 50.64685246"
1591.0,BACON RESTAURANT,مطعم بيكون,RESTAURANTS,مطاعم,OTHER RESTAURANTS,مطاعم أخرى,255.0,MUHARRAQ,المحرق,50.65769789,26.27614859,"26.27614859, 50.65769789"
1592.0,CHEESE PLANET RESTAURANT,مطعم تشيز بلانيت,RESTAURANTS,مطاعم,FAST FOOD RESTAURANTS,وجبات سريعة,255.0,MUHARRAQ,المحرق,50.64485723,26.28136436,"26.28136436, 50.64485723"
1593.0,CHICKET RESTAURANT,مطعم تشيكيت,RESTAURANTS,مطاعم,FAST FOOD RESTAURANTS,وجبات سريعة,255.0,MUHARRAQ,المحرق,50.65218401,26.27933284,"26.27933284, 50.65218401"
1594.0,CLUCKYS RESTAURANT,مطعم كلاكيز,RESTAURANTS,مطاعم,FAST FOOD RESTAURANTS,وجبات سريعة,255.0,MUHARRAQ,المحرق,50.65767831,26.27616691,"26.27616691, 50.65767831"
1595.0,DOMINO'S PIZZA,دومينوز بيتزا,RESTAURANTS,مطاعم,PIZZA,بيتزا,255.0,MUHARRAQ,المحرق,50.64826407,26.28124233,"26.28124233, 50.64826407"
1596.0,EAT MORE BURGER RESTAURANT,مطعم إيت مور برجر,RESTAURANTS,مطاعم,FAST FOOD RESTAURANTS,وجبات سريعة,255.0,MUHARRAQ,المحرق,50.65507688,26.2779016,"26.2779016, 50.65507688"
1597.0,FORTY EIGHT CAFE,كافيه ثمانية وأربعين,RESTAURANTS,مطاعم,COFFEE SHOPS,مقاهي,255.0,MUHARRAQ,المحرق,50.65776249,26.27608809,"26.27608809, 50.65776249"
1598.0,FRY AND FRIES CAFE,مقهى فراي آند فرايز,RESTAURANTS,مطاعم,FAST FOOD RESTAURANTS,وجبات سريعة,255.0,MUHARRAQ,المحرق,50.64556089,26.27924232,"26.27924232, 50.64556089"
1599.0,GREEN SPOON SALAD RESTAURANT,مطعم الملعقة الخضراء للسلطة,RESTAURANTS,مطاعم,OTHER RESTAURANTS,مطاعم أخرى,255.0,MUHARRAQ,المحرق,50.64774493,26.28154471,"26.28154471, 50.64774493"
1600.0,JOEY'S PIZZA,جويز بيتزا,RESTAURANTS,مطاعم,PIZZA,بيتزا,255.0,MUHARRAQ,المحرق,50.64798764,26.28142463,"26.28142463, 50.64798764"
1601.0,KAHRAMANAH BAGHDAD RESTAURANT,مطعم كهرمانة بغداد,RESTAURANTS,مطاعم,ARABIC RESTAURANTS,مطاعم عربية,255.0,MUHARRAQ,المحرق,50.65761391,26.27622721,"26.27622721, 50.65761391"
1602.0,KEEMA CHAPATI RESTAURANT,مطعم قيمة وشباتي,RESTAURANTS,مطاعم,FAST FOOD RESTAURANTS,وجبات سريعة,255.0,MUHARRAQ,المحرق,50.6448585,26.27968599,"26.27968599, 50.6448585"
1603.0,LA GOLOSA FOR NUTS AND COFFEE AND CHOCOLATE,لا جولوسا للمكسرات والقهوة والشوكولاته,RESTAURANTS,مطاعم,COFFEE SHOPS,مقاهي,255.0,MUHARRAQ,المحرق,50.64779294,26.28152182,"26.28152182, 50.64779294"
1604.0,LAHORI CHATKHARA RESTAURANT,مطعم لاهوري شاتكارا,RESTAURANTS,مطاعم,OTHER RESTAURANTS,مطاعم أخرى,255.0,MUHARRAQ,المحرق,50.64839011,26.28122259,"26.28122259, 50.64839011"
1605.0,LOFTY DONUTS,لوفتي دونت,RESTAURANTS,مطاعم,COFFEE SHOPS,مقاهي,255.0,MUHARRAQ,المحرق,50.64449588,26.27954653,"26.27954653, 50.64449588"
1606.0,MAJLIS JADDY RESTAURANT AND CAFE,مطعم ومقهى مجلس جدي,RESTAURANTS,مطاعم,OTHER RESTAURANTS,مطاعم أخرى,255.0,MUHARRAQ,المحرق,50.64762981,26.28153083,"26.28153083, 50.64762981"
1607.0,MAKANI BOX RESTAURANT,مطعم مكاني بوكس,RESTAURANTS,مطاعم,OTHER RESTAURANTS,مطاعم أخرى,255.0,MUHARRAQ,المحرق,50.64691186,26.28194783,"26.28194783, 50.64691186"
1608.0,MASHTAN RESTAURANT,مطعم مشتان,RESTAURANTS,مطاعم,ARABIC RESTAURANTS,مطاعم عربية,255.0,MUHARRAQ,المحرق,50.64595565,26.28212168,"26.28212168, 50.64595565"
1609.0,OASIS GARDEN CAFE,مقهى حديقة الواحة,RESTAURANTS,مطاعم,COFFEE SHOPS,مقاهي,255.0,MUHARRAQ,المحرق,50.6518586,26.2794959,"26.2794959, 50.6518586"
1610.0,PJ PIZZA,بي جي بيتزا,RESTAURANTS,مطاعم,PIZZA,بيتزا,255.0,MUHARRAQ,المحرق,50.64854934,26.28114414,"26.28114414, 50.64854934"
1611.0,RAS RAYA CAFE,مقهى رأس ريا,RESTAURANTS,مطاعم,COFFEE SHOPS,مقاهي,255.0,MUHARRAQ,المحرق,50.65033787,26.28022906,"26.28022906, 50.65033787"
1612.0,RICE AND RIBS RESTAURANT,مطعم عيش وضلوع,RESTAURANTS,مطاعم,OTHER RESTAURANTS,مطاعم أخرى,255.0,MUHARRAQ,المحرق,50.64585284,26.28205618,"26.28205618, 50.64585284"
1613.0,SEA SALT RESTAURANT,مطعم ملح البحر,RESTAURANTS,مطاعم,OTHER RESTAURANTS,مطاعم أخرى,255.0,MUHARRAQ,المحرق,50.65001485,26.28039048,"26.28039048, 50.65001485"
1614.0,SHUMOOKH AL YEMEN RESTAURANT,مطعم شموخ اليمن,RESTAURANTS,مطاعم,ARABIC RESTAURANTS,مطاعم عربية,255.0,MUHARRAQ,المحرق,50.64861375,26.28111153,"26.28111153, 50.64861375"
1615.0,THE TIKKAWALA RESTAURANT,مطعم ذا تيكاوالا,RESTAURANTS,مطاعم,OTHER RESTAURANTS,مطاعم أخرى,255.0,MUHARRAQ,المحرق,50.64886448,26.28099568,"26.28099568, 50.64886448"
1616.0,TIKKA POT RESTAURANT,مطعم تكة بوت,RESTAURANTS,مطاعم,OTHER RESTAURANTS,مطاعم أخرى,255.0,MUHARRAQ,المحرق,50.6575669,26.27627124,"26.27627124, 50.6575669"
1617.0,UGRANI MANDI RESTAURANT,مطعم أوجراني ماندي,RESTAURANTS,مطاعم,ARABIC RESTAURANTS,مطاعم عربية,255.0,MUHARRAQ,المحرق,50.65593245,26.27695562,"26.27695562, 50.65593245"
1618.0,WAHRAN RESTAURANT,مطعم وهران,RESTAURANTS,مطاعم,ARABIC RESTAURANTS,مطاعم عربية,255.0,MUHARRAQ,المحرق,50.64465728,26.28109306,"26.28109306, 50.64465728"
1619.0,YEMEN TRADITIONAL RESTAURANT,مطعم اليمن الشعبي,RESTAURANTS,مطاعم,ARABIC RESTAURANTS,مطاعم عربية,255.0,MUHARRAQ,المحرق,50.65604083,26.27737705,"26.27737705, 50.65604083"
1620.0,ALFORNO RESTAURANT,مطعم الفورنو,RESTAURANTS,مطاعم,OTHER RESTAURANTS,مطاعم أخرى,257.0,MUHARRAQ,المحرق,50.66524702,26.2887646,"26.2887646, 50.66524702"
1621.0,ANGHAM BEIRUT RESTAURANT AND CAFE,مطعم ومقهى أنغام بيروت,RESTAURANTS,مطاعم,LEBANESE RESTAURANTS,مطاعم لبنانية,257.0,MUHARRAQ,المحرق,50.6636617,26.28574301,"26.28574301, 50.6636617"
1622.0,BURGER LOUNGE,برجر لاونج,RESTAURANTS,مطاعم,FAST FOOD RESTAURANTS,وجبات سريعة,257.0,MUHARRAQ,المحرق,50.66320789,26.28756674,"26.28756674, 50.66320789"
1623.0,CASERECCIO RESTAURANT,مطعم كزاريشو,RESTAURANTS,مطاعم,ITALIAN RESTAURANTS,مطاعم إيطالية,257.0,MUHARRAQ,المحرق,50.66430822,26.28696221,"26.28696221, 50.66430822"
1624.0,CAVE DINER RESTAURANT,مطعم كيف دينر,RESTAURANTS,مطاعم,OTHER RESTAURANTS,مطاعم أخرى,257.0,MUHARRAQ,المحرق,50.66309597,26.28715893,"26.28715893, 50.66309597"
1625.0,COSTA COFFEE,كوستا كوفي,RESTAURANTS,مطاعم,COFFEE SHOPS,مقاهي,257.0,MUHARRAQ,المحرق,50.66380777,26.28865456,"26.28865456, 50.66380777"
1626.0,COSTA COFFEE,كوستا كوفي,RESTAURANTS,مطاعم,COFFEE SHOPS,مقاهي,257.0,MUHARRAQ,المحرق,50.66286275,26.29798972,"26.29798972, 50.66286275"
1627.0,CURRY TREE RESTAURANT,مطعم شجرة الكاري,RESTAURANTS,مطاعم,OTHER RESTAURANTS,مطاعم أخرى,257.0,MUHARRAQ,المحرق,50.66448788,26.28732222,"26.28732222, 50.66448788"
1628.0,DAIRY QUEEN,ديري كوين,RESTAURANTS,مطاعم,FAST FOOD RESTAURANTS,وجبات سريعة,257.0,MUHARRAQ,المحرق,50.66267641,26.2978269,"26.2978269, 50.66267641"
1629.0,FRANGIPANI RESTAURANT,مطعم فرانجيباني,RESTAURANTS,مطاعم,JAPANESE RESTAURANTS,مطاعم يابانية,257.0,MUHARRAQ,المحرق,50.65967333,26.29282997,"26.29282997, 50.65967333"
1630.0,HOUSE BOAR RESTAURANT,مطعم بيت القارب,RESTAURANTS,مطاعم,OTHER RESTAURANTS,مطاعم أخرى,257.0,MUHARRAQ,المحرق,50.66355045,26.28821676,"26.28821676, 50.66355045"
1631.0,JOHNNY ROCKETS,جوني روكتس,RESTAURANTS,مطاعم,AMERICAN RESTAURANTS,مطاعم أمريكية,257.0,MUHARRAQ,المحرق,50.66365747,26.28835161,"26.28835161, 50.66365747"
1632.0,JONES THE GROCER CAFE & RESTAURANT,مقهى ومطعم جونز ذا جروسر,RESTAURANTS,مطاعم,COFFEE SHOPS,مقاهي,257.0,MUHARRAQ,المحرق,50.66959996,26.28619533,"26.28619533, 50.66959996"
1633.0,LANTERNS RESTAURANT,مطعم لانترنز,RESTAURANTS,مطاعم,INDIAN RESTAURANTS,مطاعم هندية,257.0,MUHARRAQ,المحرق,50.66953783,26.28621926,"26.28621926, 50.66953783"
1634.0,LEEWAN ALKHOR RESTAURANT,مطعم ليوان الخور,RESTAURANTS,مطاعم,BAHRAINI RESTAURANTS,مطاعم بحرينية,257.0,MUHARRAQ,المحرق,50.66314169,26.28734455,"26.28734455, 50.66314169"
1635.0,LEVANTE RESTAURANT AND CAFE,مطعم ومقهى ليفانتي,RESTAURANTS,مطاعم,OTHER RESTAURANTS,مطاعم أخرى,257.0,MUHARRAQ,المحرق,50.66380784,26.28598108,"26.28598108, 50.66380784"
1636.0,LIGHTHOUSE SEAFRONT CAFE,مقهى لايت هاوس,RESTAURANTS,مطاعم,COFFEE SHOPS,مقاهي,257.0,MUHARRAQ,المحرق,50.66530559,26.27790183,"26.27790183, 50.66530559"
1637.0,LION CAFE,لايون كافيه,RESTAURANTS,مطاعم,COFFEE SHOPS,مقاهي,257.0,MUHARRAQ,المحرق,50.66328699,26.28777171,"26.28777171, 50.66328699"
1638.0,MY KITCHEN RESTAURANT,مطعم ماي كيتشن,RESTAURANTS,مطاعم,ITALIAN RESTAURANTS,مطاعم إيطالية,257.0,MUHARRAQ,المحرق,50.6638543,26.29918734,"26.29918734, 50.6638543"
1639.0,NOODLE FACTORY RESTAURANT,مطعم نودل فاكتوري,RESTAURANTS,مطاعم,OTHER RESTAURANTS,مطاعم أخرى,257.0,MUHARRAQ,المحرق,50.6651231,26.28914553,"26.28914553, 50.6651231"
1640.0,PAPA JOHNS,بابا جونز,RESTAURANTS,مطاعم,PIZZA,بيتزا,257.0,MUHARRAQ,المحرق,50.66389798,26.2891062,"26.2891062, 50.66389798"
1641.0,PERSIAN ROOM RESTAURANT,مطعم بيرشين روم,RESTAURANTS,مطاعم,IRANIAN RESTAURANTS,مطاعم إيرانية,257.0,MUHARRAQ,المحرق,50.65905426,26.29325397,"26.29325397, 50.65905426"
1642.0,PIZZA EXPRESS,بيتزا إكسبرس,RESTAURANTS,مطاعم,PIZZA,بيتزا,257.0,MUHARRAQ,المحرق,50.66503581,26.28816584,"26.28816584, 50.66503581"
1643.0,SADAF RESTAURANT AND CAFE,مطعم ومقهى صدف,RESTAURANTS,مطاعم,OTHER RESTAURANTS,مطاعم أخرى,257.0,MUHARRAQ,المحرق,50.66438696,26.28945418,"26.28945418, 50.66438696"
1644.0,SARAI RESTAURANT,مطعم ساراي,RESTAURANTS,مطاعم,OTHER RESTAURANTS,مطاعم أخرى,257.0,MUHARRAQ,المحرق,50.66517801,26.28848152,"26.28848152, 50.66517801"
1645.0,SECOND CUP COFFEE,مقهى سكند كب,RESTAURANTS,مطاعم,COFFEE SHOPS,مقاهي,257.0,MUHARRAQ,المحرق,50.66405436,26.28927858,"26.28927858, 50.66405436"
1646.0,STARBUCKS,ستاربكس,RESTAURANTS,مطاعم,COFFEE SHOPS,مقاهي,257.0,MUHARRAQ,المحرق,50.66489443,26.28785787,"26.28785787, 50.66489443"
1647.0,TEA CLUB,نادي الشاي,RESTAURANTS,مطاعم,COFFEE SHOPS,مقاهي,257.0,MUHARRAQ,المحرق,50.66407807,26.28666217,"26.28666217, 50.66407807"
1648.0,VENICE RESTAURANT,مطعم فينيس,RESTAURANTS,مطاعم,ITALIAN RESTAURANTS,مطاعم إيطالية,257.0,MUHARRAQ,المحرق,50.66304018,26.28697321,"26.28697321, 50.66304018"
1649.0,VERANDA CAFE,مقهى فيرندا,RESTAURANTS,مطاعم,COFFEE SHOPS,مقاهي,257.0,MUHARRAQ,المحرق,50.66336067,26.28795345,"26.28795345, 50.66336067"
1650.0,YAMIN JANA RESTAURANT,مطعم يامن جانا,RESTAURANTS,مطاعم,LEBANESE RESTAURANTS,مطاعم لبنانية,257.0,MUHARRAQ,المحرق,50.67187555,26.28642555,"26.28642555, 50.67187555"
1651.0,BURGER LAND,برجر لاند,RESTAURANTS,مطاعم,ARABIC RESTAURANTS,مطاعم عربية,258.0,MUHARRAQ,المحرق,50.66286217,26.27762207,"26.27762207, 50.66286217"
1652.0,CARIBOU COFFEE,مقهى كاريبو,RESTAURANTS,مطاعم,COFFEE SHOPS,مقاهي,258.0,MUHARRAQ,المحرق,50.66281082,26.27731717,"26.27731717, 50.66281082"
1653.0,CHILIS RESTAURANT,مطعم شيليز,RESTAURANTS,مطاعم,AMERICAN RESTAURANTS,مطاعم أمريكية,258.0,MUHARRAQ,المحرق,50.66319374,26.27859439,"26.27859439, 50.66319374"
1654.0,COSTA COFFEE,كوستا كوفي,RESTAURANTS,مطاعم,COFFEE SHOPS,مقاهي,258.0,MUHARRAQ,المحرق,50.66260537,26.27862167,"26.27862167, 50.66260537"
1655.0,DUNKIN DONUTS,دانكن دونتس,RESTAURANTS,مطاعم,COFFEE SHOPS,مقاهي,258.0,MUHARRAQ,المحرق,50.66303867,26.27861194,"26.27861194, 50.66303867"
1656.0,FUDDRUCKERS RESTAURANT,مطعم فودركرز,RESTAURANTS,مطاعم,AMERICAN RESTAURANTS,مطاعم أمريكية,258.0,MUHARRAQ,المحرق,50.66275964,26.27888363,"26.27888363, 50.66275964"
1657.0,MCDONALD'S,ماكدونالدز,RESTAURANTS,مطاعم,FAST FOOD RESTAURANTS,وجبات سريعة,258.0,MUHARRAQ,المحرق,50.66295507,26.27756854,"26.27756854, 50.66295507"
1658.0,PIZZA HUT,بيتزا هت,RESTAURANTS,مطاعم,PIZZA,بيتزا,258.0,MUHARRAQ,المحرق,50.66276261,26.27768753,"26.27768753, 50.66276261"
1659.0,WINGMAN RESTAURANT,مطعم وينج مان,RESTAURANTS,مطاعم,FAST FOOD RESTAURANTS,وجبات سريعة,258.0,MUHARRAQ,المحرق,50.66235422,26.27783902,"26.27783902, 50.66235422"
1660.0,AMANGO RESTAURANT,مطعم أمانغو,RESTAURANTS,مطاعم,OTHER RESTAURANTS,مطاعم أخرى,263.0,MUHARRAQ,المحرق,50.62762536,26.30528432,"26.30528432, 50.62762536"
1661.0,BUBBLE BEE TEA SHOP,ببل بيي تيي شوب,RESTAURANTS,مطاعم,COFFEE SHOPS,مقاهي,263.0,MUHARRAQ,المحرق,50.62769839,26.30524271,"26.30524271, 50.62769839"
1662.0,CAFE INN,كافيه إن,RESTAURANTS,مطاعم,COFFEE SHOPS,مقاهي,263.0,MUHARRAQ,المحرق,50.62729308,26.30558806,"26.30558806, 50.62729308"
1663.0,CORN N POP BAZAAR FOOD RESTAURANT,مطعم كورن ان بوب بازار,RESTAURANTS,مطاعم,FAST FOOD RESTAURANTS,وجبات سريعة,263.0,MUHARRAQ,المحرق,50.62724031,26.30551028,"26.30551028, 50.62724031"
1664.0,GELATO DIVINO ICE CREAM,جيلاتو ديفينو آيس كريم,RESTAURANTS,مطاعم,ICE CREAM,أيس كريم,263.0,MUHARRAQ,المحرق,50.6277611,26.30531752,"26.30531752, 50.6277611"
1665.0,ICE CUBE CAFE,كافيه أيس كيوب,RESTAURANTS,مطاعم,COFFEE SHOPS,مقاهي,263.0,MUHARRAQ,المحرق,50.62738971,26.30541511,"26.30541511, 50.62738971"
1666.0,JASMIS COFFEE,مقهى جسميز,RESTAURANTS,مطاعم,COFFEE SHOPS,مقاهي,263.0,MUHARRAQ,المحرق,50.62427555,26.30629885,"26.30629885, 50.62427555"
1667.0,JASMIS RESTAURANT,مطعم جسميز,RESTAURANTS,مطاعم,FAST FOOD RESTAURANTS,وجبات سريعة,263.0,MUHARRAQ,المحرق,50.6240498,26.30644159,"26.30644159, 50.6240498"
1668.0,JUICE BAZAAR RESTAURANT,مطعم بازار العصائر,RESTAURANTS,مطاعم,OTHER RESTAURANTS,مطاعم أخرى,263.0,MUHARRAQ,المحرق,50.62754904,26.30532295,"26.30532295, 50.62754904"
1669.0,KOH KAE SNACKS RESTAURANT,مطعم كوه كاي سناكس,RESTAURANTS,مطاعم,FAST FOOD RESTAURANTS,وجبات سريعة,263.0,MUHARRAQ,المحرق,50.6271875,26.30544743,"26.30544743, 50.6271875"
1670.0,MAMMA ITALIA RESTAURANT,مطعم ماما ايطاليا,RESTAURANTS,مطاعم,ITALIAN RESTAURANTS,مطاعم إيطالية,263.0,MUHARRAQ,المحرق,50.62744912,26.30548693,"26.30548693, 50.62744912"
1671.0,TAI ICHI SUSHI RAMEN GRILL RESTAURANT,مطعم تاي ايشي سوشي رامن غرل,RESTAURANTS,مطاعم,THAI RESTAURANTS,مطاعم تايلندية,263.0,MUHARRAQ,المحرق,50.62726053,26.30540581,"26.30540581, 50.62726053"
1672.0,THAI KATHI ICE CREAM,تاي كاثي آيس كريم,RESTAURANTS,مطاعم,ICE CREAM,أيس كريم,263.0,MUHARRAQ,المحرق,50.62731003,26.30546566,"26.30546566, 50.62731003"
1673.0,THAI LANNA RESTAURANT,مطعم لانا التايلاندي,RESTAURANTS,مطاعم,THAI RESTAURANTS,مطاعم تايلندية,263.0,MUHARRAQ,المحرق,50.62760181,26.30539774,"26.30539774, 50.62760181"
1674.0,THAI SNACKS RESTAURANT,الوجبات الخفيفة التايلاندية,RESTAURANTS,مطاعم,OTHER RESTAURANTS,مطاعم أخرى,263.0,MUHARRAQ,المحرق,50.62746925,26.30536586,"26.30536586, 50.62746925"
1675.0,YAHYA TOM YAM KUNG RESTAURANT,مطعم يحيى توم يام كونغ,RESTAURANTS,مطاعم,THAI RESTAURANTS,مطاعم تايلندية,263.0,MUHARRAQ,المحرق,50.62768143,26.3053651,"26.3053651, 50.62768143"
1676.0,AL DIYAR TREE CAFETERIA,كافتيريا شجرة الديار,RESTAURANTS,مطاعم,COFFEE SHOPS,مقاهي,264.0,MUHARRAQ,المحرق,50.63884561,26.30125873,"26.30125873, 50.63884561"
1677.0,AL KWAR RESTAURANT,مطعم الكوار,RESTAURANTS,مطاعم,IRANIAN RESTAURANTS,مطاعم إيرانية,264.0,MUHARRAQ,المحرق,50.63609421,26.30375732,"26.30375732, 50.63609421"
1678.0,ANS ARTISAN PATISSERIE,حلويات آنز ارتيزان,RESTAURANTS,مطاعم,COFFEE SHOPS,مقاهي,264.0,MUHARRAQ,المحرق,50.64212751,26.30550939,"26.30550939, 50.64212751"
1679.0,ARRIBA CAFE,أريبا كافيه,RESTAURANTS,مطاعم,COFFEE SHOPS,مقاهي,264.0,MUHARRAQ,المحرق,50.64183866,26.30540606,"26.30540606, 50.64183866"
1680.0,AUNTIE ANNES CAFE,مقهى أنتي أنز,RESTAURANTS,مطاعم,COFFEE SHOPS,مقاهي,264.0,MUHARRAQ,المحرق,50.64391951,26.30346869,"26.30346869, 50.64391951"
1681.0,BASKIN ROBBINS,باسكن روبنز,RESTAURANTS,مطاعم,ICE CREAM,أيس كريم,264.0,MUHARRAQ,المحرق,50.64401574,26.30351929,"26.30351929, 50.64401574"
1682.0,BILASAN FLOWER RESTAURANT,مطعم زهرة البيلاسان,RESTAURANTS,مطاعم,FAST FOOD RESTAURANTS,وجبات سريعة,264.0,MUHARRAQ,المحرق,50.63286853,26.29962283,"26.29962283, 50.63286853"
1683.0,BOSPORUS RESTAURANT,مطعم بوسبورس,RESTAURANTS,مطاعم,TURKISH RESTAURANTS,مطاعم تركية,264.0,MUHARRAQ,المحرق,50.6441025,26.30357876,"26.30357876, 50.6441025"
1684.0,CALLA CAFE,كالا كافيه,RESTAURANTS,مطاعم,COFFEE SHOPS,مقاهي,264.0,MUHARRAQ,المحرق,50.6276942,26.30311795,"26.30311795, 50.6276942"
1685.0,CINNABON,سينابون,RESTAURANTS,مطاعم,COFFEE SHOPS,مقاهي,264.0,MUHARRAQ,المحرق,50.64399501,26.30336444,"26.30336444, 50.64399501"
1686.0,CIPRIANI RESTAURANT,مطعم سيبرياني,RESTAURANTS,مطاعم,ITALIAN RESTAURANTS,مطاعم إيطالية,264.0,MUHARRAQ,المحرق,50.64638753,26.30314461,"26.30314461, 50.64638753"
1687.0,DERBY CAFE,دربي كافيه,RESTAURANTS,مطاعم,COFFEE SHOPS,مقاهي,264.0,MUHARRAQ,المحرق,50.63794318,26.30523053,"26.30523053, 50.63794318"
1688.0,ESTKANAT CHAI RESTAURANT,مطعم إستكانة شاي,RESTAURANTS,مطاعم,COFFEE SHOPS,مقاهي,264.0,MUHARRAQ,المحرق,50.63487455,26.29854649,"26.29854649, 50.63487455"
1689.0,GULNAR CAFE,كافيه جلنار,RESTAURANTS,مطاعم,COFFEE SHOPS,مقاهي,264.0,MUHARRAQ,المحرق,50.64408811,26.30342965,"26.30342965, 50.64408811"
1690.0,HAJI PATATA RESTAURANT,مطعم حاجي بطاطا,RESTAURANTS,مطاعم,FAST FOOD RESTAURANTS,وجبات سريعة,264.0,MUHARRAQ,المحرق,50.63750646,26.30480773,"26.30480773, 50.63750646"
1691.0,JACK FROST CREAMERY,مصنع جاك فروست للألبان,RESTAURANTS,مطاعم,ICE CREAM,أيس كريم,264.0,MUHARRAQ,المحرق,50.63297849,26.29956153,"26.29956153, 50.63297849"
1692.0,JAN KITCHEN RESTAURANT,مطعم مطبخ جان,RESTAURANTS,مطاعم,ARABIC RESTAURANTS,مطاعم عربية,264.0,MUHARRAQ,المحرق,50.62764272,26.30330057,"26.30330057, 50.62764272"
1693.0,JASMIS COFFEE,مقهى جسميز,RESTAURANTS,مطاعم,COFFEE SHOPS,مقاهي,264.0,MUHARRAQ,المحرق,50.63942772,26.30541379,"26.30541379, 50.63942772"
1694.0,JASMIS RESTAURANT,مطعم جسميز,RESTAURANTS,مطاعم,FAST FOOD RESTAURANTS,وجبات سريعة,264.0,MUHARRAQ,المحرق,50.63915748,26.30537966,"26.30537966, 50.63915748"
1695.0,KANEMOCHI ICE CREAM,كاني موتشي آيس كريم,RESTAURANTS,مطاعم,ICE CREAM,أيس كريم,264.0,MUHARRAQ,المحرق,50.64417489,26.30348146,"26.30348146, 50.64417489"
1696.0,KATANA TORII RESTAURANT,مطعم كاتانا توري,RESTAURANTS,مطاعم,JAPANESE RESTAURANTS,مطاعم يابانية,264.0,MUHARRAQ,المحرق,50.64406951,26.30327097,"26.30327097, 50.64406951"
1697.0,KENTUCKY FRIED CHICKEN - KFC,كنتاكي,RESTAURANTS,مطاعم,FAST FOOD RESTAURANTS,وجبات سريعة,264.0,MUHARRAQ,المحرق,50.64416262,26.30333236,"26.30333236, 50.64416262"
1698.0,KRISPY KREME DONUT,كرسبي كريم دونت,RESTAURANTS,مطاعم,COFFEE SHOPS,مقاهي,264.0,MUHARRAQ,المحرق,50.64323924,26.30346237,"26.30346237, 50.64323924"
1699.0,LA TEXTURE CAFE,لا تكسجر كافيه,RESTAURANTS,مطاعم,COFFEE SHOPS,مقاهي,264.0,MUHARRAQ,المحرق,50.6348267,26.29858053,"26.29858053, 50.6348267"
1700.0,LYRA RESTAURANT,مطعم لايرا,RESTAURANTS,مطاعم,INTERNATIONAL RESTAURANTS,مطاعم عالمية,264.0,MUHARRAQ,المحرق,50.64558704,26.303135,"26.303135, 50.64558704"
1701.0,MCDONALD'S,ماكدونالدز,RESTAURANTS,مطاعم,FAST FOOD RESTAURANTS,وجبات سريعة,264.0,MUHARRAQ,المحرق,50.63585673,26.30263355,"26.30263355, 50.63585673"
1702.0,NEW SHANGHAI RESTAURANT,مطعم نيو شنغهاي,RESTAURANTS,مطاعم,CHINESE RESTAURANTS,مطاعم صينية,264.0,MUHARRAQ,المحرق,50.64425153,26.30338036,"26.30338036, 50.64425153"
1703.0,ORIGINS RESTAURANT,مطعم أوريجينز,RESTAURANTS,مطاعم,OTHER RESTAURANTS,مطاعم أخرى,264.0,MUHARRAQ,المحرق,50.644127,26.30319085,"26.30319085, 50.644127"
1704.0,PAUL RESTAURANT,مطعم باول,RESTAURANTS,مطاعم,FRENCH RESTAURANTS,مطاعم فرنسية,264.0,MUHARRAQ,المحرق,50.64421377,26.30324649,"26.30324649, 50.64421377"
1705.0,PINK CORNER BURGER RESTAURANT,زاوية بينك برجر,RESTAURANTS,مطاعم,AMERICAN RESTAURANTS,مطاعم أمريكية,264.0,MUHARRAQ,المحرق,50.62833944,26.30424376,"26.30424376, 50.62833944"
1706.0,PINKBERRY ICE CREAM,بينك بيري آيس كريم,RESTAURANTS,مطاعم,ICE CREAM,أيس كريم,264.0,MUHARRAQ,المحرق,50.64431539,26.30329834,"26.30329834, 50.64431539"
1707.0,POLLEN CAFE,مقهى بولين,RESTAURANTS,مطاعم,COFFEE SHOPS,مقاهي,264.0,MUHARRAQ,المحرق,50.64419088,26.30310309,"26.30310309, 50.64419088"
1708.0,SEVEN DEGREES DESSERTS AND COFFEE,حلويات وقهوة سبع درجات,RESTAURANTS,مطاعم,COFFEE SHOPS,مقاهي,264.0,MUHARRAQ,المحرق,50.63023198,26.30118402,"26.30118402, 50.63023198"
1709.0,SEVENTIES KARAK,كرك السبعينات,RESTAURANTS,مطاعم,COFFEE SHOPS,مقاهي,264.0,MUHARRAQ,المحرق,50.63153521,26.30038403,"26.30038403, 50.63153521"
1710.0,SHAKE SHACK RESTAURANT,مطعم شيك شاك,RESTAURANTS,مطاعم,AMERICAN RESTAURANTS,مطاعم أمريكية,264.0,MUHARRAQ,المحرق,50.64427976,26.30316256,"26.30316256, 50.64427976"
1711.0,SHAY MAKHAWI ALLAYL RESTAURANT,مطعم شاي مخاوي الليل,RESTAURANTS,مطاعم,COFFEE SHOPS,مقاهي,264.0,MUHARRAQ,المحرق,50.63303248,26.29952968,"26.29952968, 50.63303248"
1712.0,STARBUCKS,ستاربكس,RESTAURANTS,مطاعم,COFFEE SHOPS,مقاهي,264.0,MUHARRAQ,المحرق,50.63766486,26.3050088,"26.3050088, 50.63766486"
1713.0,STARBUCKS,ستاربكس,RESTAURANTS,مطاعم,COFFEE SHOPS,مقاهي,264.0,MUHARRAQ,المحرق,50.64428243,26.30298291,"26.30298291, 50.64428243"
1714.0,STARBUCKS,ستاربكس,RESTAURANTS,مطاعم,COFFEE SHOPS,مقاهي,264.0,MUHARRAQ,المحرق,50.64437343,26.30303856,"26.30303856, 50.64437343"
1715.0,STARBUCKS,ستاربكس,RESTAURANTS,مطاعم,COFFEE SHOPS,مقاهي,264.0,MUHARRAQ,المحرق,50.64446444,26.30309421,"26.30309421, 50.64446444"
1716.0,T.G.I. FRIDAYS RESTAURANT,مطعم تي جي أي فرايديز,RESTAURANTS,مطاعم,AMERICAN RESTAURANTS,مطاعم أمريكية,264.0,MUHARRAQ,المحرق,50.64436757,26.3028761,"26.3028761, 50.64436757"
1717.0,TABASHER CAFETERIA,كافتيريا طباشير,RESTAURANTS,مطاعم,COFFEE SHOPS,مقاهي,264.0,MUHARRAQ,المحرق,50.63485912,26.29855746,"26.29855746, 50.63485912"
1718.0,THE BISTRO BY ORIGINS RESTAURANT,مطعم ذا بيسترو باي أوريجينز,RESTAURANTS,مطاعم,OTHER RESTAURANTS,مطاعم أخرى,264.0,MUHARRAQ,المحرق,50.64445858,26.30293175,"26.30293175, 50.64445858"
1719.0,THE DOT COFFEE ROASTERS,ذا دوت كوفي روسترز,RESTAURANTS,مطاعم,COFFEE SHOPS,مقاهي,264.0,MUHARRAQ,المحرق,50.64290878,26.30580614,"26.30580614, 50.64290878"
1720.0,THE LOUNGE RESTAURANT - ADDRESS HOTEL,مطعم ذا لاونج - فندق العنوان,RESTAURANTS,مطاعم,OTHER RESTAURANTS,مطاعم أخرى,264.0,MUHARRAQ,المحرق,50.64454961,26.30297784,"26.30297784, 50.64454961"
1721.0,THE RESTAURANT RESTAURANT - ADDRESS HOTEL,مطعم المطعم - فندق العنوان,RESTAURANTS,مطاعم,OTHER RESTAURANTS,مطاعم أخرى,264.0,MUHARRAQ,المحرق,50.64444473,26.30276438,"26.30276438, 50.64444473"
1722.0,TWIST RESTAURANT,مطعم تويست,RESTAURANTS,مطاعم,OTHER RESTAURANTS,مطاعم أخرى,264.0,MUHARRAQ,المحرق,50.6445315,26.30281715,"26.30281715, 50.6445315"
1723.0,ZAWEYAT QAWS AL MATAR SHAWARMA,زاوية قوس المطر للشاورما,RESTAURANTS,مطاعم,FAST FOOD RESTAURANTS,وجبات سريعة,264.0,MUHARRAQ,المحرق,50.62836059,26.30426197,"26.30426197, 50.62836059"
1724.0,AL KAYAN JUICE AND CORN RESTAURANT,مطعم الكيان للعصير والذره,RESTAURANTS,مطاعم,COFFEE SHOPS,مقاهي,269.0,MUHARRAQ,المحرق,50.6723083,26.27005954,"26.27005954, 50.6723083"
1725.0,BLUE ISLAND COFFEE,كافيه الجزيرة الزرقاء,RESTAURANTS,مطاعم,COFFEE SHOPS,مقاهي,269.0,MUHARRAQ,المحرق,50.67157663,26.27017971,"26.27017971, 50.67157663"
1726.0,CHKN RESTAURANT,مطعم شكن,RESTAURANTS,مطاعم,FAST FOOD RESTAURANTS,وجبات سريعة,269.0,MUHARRAQ,المحرق,50.67175585,26.27005111,"26.27005111, 50.67175585"
1727.0,DOSE CAFE,دوز كافيه,RESTAURANTS,مطاعم,COFFEE SHOPS,مقاهي,269.0,MUHARRAQ,المحرق,50.67290932,26.26975273,"26.26975273, 50.67290932"
1728.0,EATALIANO ICE CREAM,آيس كريم ايتاليانو,RESTAURANTS,مطاعم,ICE CREAM,أيس كريم,269.0,MUHARRAQ,المحرق,50.67143804,26.26999305,"26.26999305, 50.67143804"
1729.0,FLORENCIA ICE CREAM,فلورينسيا آيس كريم,RESTAURANTS,مطاعم,ICE CREAM,أيس كريم,269.0,MUHARRAQ,المحرق,50.67271826,26.26985263,"26.26985263, 50.67271826"
1730.0,JANAT PARIS CAFE,جانات باريس كافيه,RESTAURANTS,مطاعم,COFFEE SHOPS,مقاهي,269.0,MUHARRAQ,المحرق,50.67281045,26.26957691,"26.26957691, 50.67281045"
1731.0,KAFED SPECIALITY COFFEE,كافد للقهوة المتخصصة,RESTAURANTS,مطاعم,COFFEE SHOPS,مقاهي,269.0,MUHARRAQ,المحرق,50.67259983,26.26925677,"26.26925677, 50.67259983"
1732.0,KUNEFECI RESTAURANT,مطعم كونافشي,RESTAURANTS,مطاعم,TURKISH RESTAURANTS,مطاعم تركية,269.0,MUHARRAQ,المحرق,50.67271286,26.26941782,"26.26941782, 50.67271286"
1733.0,PAUL RESTAURANT,مطعم باول,RESTAURANTS,مطاعم,FRENCH RESTAURANTS,مطاعم فرنسية,269.0,MUHARRAQ,المحرق,50.67281716,26.26915159,"26.26915159, 50.67281716"
1734.0,SLIDER CAFE,سلايدر كافيه,RESTAURANTS,مطاعم,COFFEE SHOPS,مقاهي,269.0,MUHARRAQ,المحرق,50.6720974,26.27014506,"26.27014506, 50.6720974"
1735.0,U TREATS ICE CREAM,آيس كريم يو تريتس,RESTAURANTS,مطاعم,ICE CREAM,أيس كريم,269.0,MUHARRAQ,المحرق,50.67187461,26.27021981,"26.27021981, 50.67187461"
1736.0,FISH HOUSE RESTAURANT,مطعم بيت الأسماك,RESTAURANTS,مطاعم,SEAFOOD RESTAURANTS,مأكولات بحرية,431.0,NORTHERN,الشمالية,50.52451197,26.21732225,"26.21732225, 50.52451197"
1737.0,AL ABRAAJ RESTAURANT,مطعم الأبراج,RESTAURANTS,مطاعم,INTERNATIONAL RESTAURANTS,مطاعم عالمية,433.0,NORTHERN,الشمالية,50.53393334,26.21444216,"26.21444216, 50.53393334"
1738.0,HOOD RESTAURANT,مطعم هود,RESTAURANTS,مطاعم,OTHER RESTAURANTS,مطاعم أخرى,433.0,NORTHERN,الشمالية,50.53235367,26.20969065,"26.20969065, 50.53235367"
1739.0,EXHIBITIONS CAFETERIA,كافتيريا المعارض,RESTAURANTS,مطاعم,OTHER RESTAURANTS,مطاعم أخرى,435.0,NORTHERN,الشمالية,50.52837532,26.21259266,"26.21259266, 50.52837532"
1740.0,AL SAFRAJEL RESTAURANT,مطعم السفرجل,RESTAURANTS,مطاعم,OTHER RESTAURANTS,مطاعم أخرى,439.0,NORTHERN,الشمالية,50.53251143,26.2028182,"26.2028182, 50.53251143"
1741.0,SWEET HOME CAFE,سويت هوم كافيه,RESTAURANTS,مطاعم,COFFEE SHOPS,مقاهي,439.0,NORTHERN,الشمالية,50.53391628,26.20806783,"26.20806783, 50.53391628"
1742.0,AL MAADABA RESTAURANT,مطعم المأدبة,RESTAURANTS,مطاعم,OTHER RESTAURANTS,مطاعم أخرى,449.0,NORTHERN,الشمالية,50.51767139,26.21683527,"26.21683527, 50.51767139"
1743.0,AL NAJAF SEA RESTAURANT,مطعم بحر النجف,RESTAURANTS,مطاعم,OTHER RESTAURANTS,مطاعم أخرى,450.0,NORTHERN,الشمالية,50.51580162,26.21808241,"26.21808241, 50.51580162"
1744.0,ALJAMEEA CATERING,الجميع للتموين,RESTAURANTS,مطاعم,OTHER RESTAURANTS,مطاعم أخرى,450.0,NORTHERN,الشمالية,50.51333752,26.21898881,"26.21898881, 50.51333752"
1745.0,DOMINO'S PIZZA,دومينوز بيتزا,RESTAURANTS,مطاعم,PIZZA,بيتزا,450.0,NORTHERN,الشمالية,50.51261823,26.21911953,"26.21911953, 50.51261823"
1746.0,RANOOSH RESTAURANT,مطعم رنوش,RESTAURANTS,مطاعم,ARABIC RESTAURANTS,مطاعم عربية,450.0,NORTHERN,الشمالية,50.51587136,26.21806763,"26.21806763, 50.51587136"
1747.0,COSTA COFFEE,كوستا كوفي,RESTAURANTS,مطاعم,COFFEE SHOPS,مقاهي,457.0,NORTHERN,الشمالية,50.51499991,26.19203411,"26.19203411, 50.51499991"
1748.0,LAYALI COFFEE SHOP,مقهى الليالي,RESTAURANTS,مطاعم,COFFEE SHOPS,مقاهي,457.0,NORTHERN,الشمالية,50.5082179,26.19432049,"26.19432049, 50.5082179"
1749.0,MCDONALD'S,ماكدونالدز,RESTAURANTS,مطاعم,FAST FOOD RESTAURANTS,وجبات سريعة,457.0,NORTHERN,الشمالية,50.5148925,26.19200516,"26.19200516, 50.5148925"
1750.0,TIM HORTONS CAFE,مقهى تيم هورتونز,RESTAURANTS,مطاعم,COFFEE SHOPS,مقاهي,457.0,NORTHERN,الشمالية,50.51509899,26.1920882,"26.1920882, 50.51509899"
1751.0,AL ZUHOUR PASTRIES,معجنات الزهور,RESTAURANTS,مطاعم,ARABIC RESTAURANTS,مطاعم عربية,458.0,NORTHERN,الشمالية,50.51021584,26.22896165,"26.22896165, 50.51021584"
1752.0,AL MANGAL RESTAURANT,مطعم المنقل,RESTAURANTS,مطاعم,ARABIC RESTAURANTS,مطاعم عربية,469.0,NORTHERN,الشمالية,50.51004194,26.21904733,"26.21904733, 50.51004194"
1753.0,AL WASIL GRILL PASTERIES,مشويات ومعجنات الواصل,RESTAURANTS,مطاعم,OTHER RESTAURANTS,مطاعم أخرى,469.0,NORTHERN,الشمالية,50.51083955,26.21817562,"26.21817562, 50.51083955"
1754.0,BOCADO RESTAURANT,مطعم بوكادو,RESTAURANTS,مطاعم,OTHER RESTAURANTS,مطاعم أخرى,469.0,NORTHERN,الشمالية,50.51012034,26.2190476,"26.2190476, 50.51012034"
1755.0,COSTA COFFEE,كوستا كوفي,RESTAURANTS,مطاعم,COFFEE SHOPS,مقاهي,469.0,NORTHERN,الشمالية,50.51029404,26.2188778,"26.2188778, 50.51029404"
1756.0,MEALS TIME CAFETERIA,كافتيريا ميلز تايم,RESTAURANTS,مطاعم,OTHER RESTAURANTS,مطاعم أخرى,469.0,NORTHERN,الشمالية,50.51019449,26.21904785,"26.21904785, 50.51019449"
1757.0,ATAYEB RESTAURANT,مطعم اطايب,RESTAURANTS,مطاعم,INTERNATIONAL RESTAURANTS,مطاعم عالمية,502.0,NORTHERN,الشمالية,50.50417701,26.22032927,"26.22032927, 50.50417701"
1758.0,BASKIN ROBBINS,باسكن روبنز,RESTAURANTS,مطاعم,ICE CREAM,أيس كريم,502.0,NORTHERN,الشمالية,50.50130072,26.22034608,"26.22034608, 50.50130072"
1759.0,BENNIGAN'S,بينجنز,RESTAURANTS,مطاعم,AMERICAN RESTAURANTS,مطاعم أمريكية,502.0,NORTHERN,الشمالية,50.49796052,26.23059922,"26.23059922, 50.49796052"
1760.0,CAFE ONE,كافيه ون,RESTAURANTS,مطاعم,INTERNATIONAL RESTAURANTS,مطاعم عالمية,502.0,NORTHERN,الشمالية,50.50341581,26.22095578,"26.22095578, 50.50341581"
1761.0,CARIBOU COFFEE,مقهى كاريبو,RESTAURANTS,مطاعم,COFFEE SHOPS,مقاهي,502.0,NORTHERN,الشمالية,50.5030758,26.2206899,"26.2206899, 50.5030758"
1762.0,CHUTNEYS RESTAURANT,مطعم تشوتنييس,RESTAURANTS,مطاعم,INDIAN RESTAURANTS,مطاعم هندية,502.0,NORTHERN,الشمالية,50.50537272,26.22035848,"26.22035848, 50.50537272"
1763.0,COUNTRY HOUSE RESTAURANT,مطعم كونتري هوس,RESTAURANTS,مطاعم,OTHER RESTAURANTS,مطاعم أخرى,502.0,NORTHERN,الشمالية,50.50569854,26.22034885,"26.22034885, 50.50569854"
1764.0,CREPE DELICIOUS CAFE,كريب دي ليشز كافيه,RESTAURANTS,مطاعم,COFFEE SHOPS,مقاهي,502.0,NORTHERN,الشمالية,50.50296699,26.22060985,"26.22060985, 50.50296699"
1765.0,JUICE BAR AND CAFE,ركن العصائر والقهوة,RESTAURANTS,مطاعم,COFFEE SHOPS,مقاهي,502.0,NORTHERN,الشمالية,50.50289955,26.22091776,"26.22091776, 50.50289955"
1766.0,KENTUCKY FRIED CHICKEN - KFC,كنتاكي,RESTAURANTS,مطاعم,FAST FOOD RESTAURANTS,وجبات سريعة,502.0,NORTHERN,الشمالية,50.50080876,26.2203319,"26.2203319, 50.50080876"
1767.0,LEBANON LAND RESTAURANT,مطعم أرض لبنان,RESTAURANTS,مطاعم,LEBANESE RESTAURANTS,مطاعم لبنانية,502.0,NORTHERN,الشمالية,50.50331126,26.22111989,"26.22111989, 50.50331126"
1768.0,LITTLE CHEF RESTAURANT,مطعم الطاهي الصغير,RESTAURANTS,مطاعم,INDIAN RESTAURANTS,مطاعم هندية,502.0,NORTHERN,الشمالية,50.50327507,26.22033417,"26.22033417, 50.50327507"
1769.0,MASHAWI AL ABRAAJ,مشاوي الأبراج,RESTAURANTS,مطاعم,INTERNATIONAL RESTAURANTS,مطاعم عالمية,502.0,NORTHERN,الشمالية,50.50365275,26.22033223,"26.22033223, 50.50365275"
1770.0,MINI DELIGHTS,ميني ديلايت,RESTAURANTS,مطاعم,COFFEE SHOPS,مقاهي,502.0,NORTHERN,الشمالية,50.50549909,26.22053808,"26.22053808, 50.50549909"
1771.0,PIZZA HUT,بيتزا هت,RESTAURANTS,مطاعم,PIZZA,بيتزا,502.0,NORTHERN,الشمالية,50.50005396,26.22027226,"26.22027226, 50.50005396"
1772.0,ROUND TABLE PIZZA,راوند تيبل بيتزا,RESTAURANTS,مطاعم,PIZZA,بيتزا,502.0,NORTHERN,الشمالية,50.50333519,26.22084597,"26.22084597, 50.50333519"
1773.0,SHAKSHOOKA RESTAURANT,مطعم شكشوكة,RESTAURANTS,مطاعم,BAHRAINI RESTAURANTS,مطاعم بحرينية,502.0,NORTHERN,الشمالية,50.5025095,26.22128104,"26.22128104, 50.5025095"
1774.0,THE ARK SEAFOOD CUISINE,مطعم ذا آرك للمأكولات البحرية,RESTAURANTS,مطاعم,SEAFOOD RESTAURANTS,مأكولات بحرية,502.0,NORTHERN,الشمالية,50.50338351,26.22100649,"26.22100649, 50.50338351"
1775.0,TITO'S RESTAURANT,مطعم تيتوس,RESTAURANTS,مطاعم,FAST FOOD RESTAURANTS,وجبات سريعة,502.0,NORTHERN,الشمالية,50.50256961,26.22137186,"26.22137186, 50.50256961"
1776.0,WHOLE SALE RESTAURANT,مطعم الجملة,RESTAURANTS,مطاعم,OTHER RESTAURANTS,مطاعم أخرى,502.0,NORTHERN,الشمالية,50.50325959,26.22042042,"26.22042042, 50.50325959"
1777.0,ZAYT ZAYTOON RESTAURANT,مطعم زيت زيتون,RESTAURANTS,مطاعم,LEBANESE RESTAURANTS,مطاعم لبنانية,502.0,NORTHERN,الشمالية,50.5035844,26.2203334,"26.2203334, 50.5035844"
1778.0,BAN AL SUBUH RESTAURANT,مطعم بان الصبح,RESTAURANTS,مطاعم,ARABIC RESTAURANTS,مطاعم عربية,504.0,NORTHERN,الشمالية,50.49360909,26.21917601,"26.21917601, 50.49360909"
1779.0,BEIRUT RESTAURANT,مطعم بيروت,RESTAURANTS,مطاعم,LEBANESE RESTAURANTS,مطاعم لبنانية,504.0,NORTHERN,الشمالية,50.49291264,26.21925414,"26.21925414, 50.49291264"
1780.0,ESPALION DU CAFE,اسباليون دو كافيه,RESTAURANTS,مطاعم,COFFEE SHOPS,مقاهي,504.0,NORTHERN,الشمالية,50.49375069,26.21919801,"26.21919801, 50.49375069"
1781.0,GOLDEN DOUCH,العجينة الذهبية,RESTAURANTS,مطاعم,ARABIC RESTAURANTS,مطاعم عربية,504.0,NORTHERN,الشمالية,50.49691188,26.21979615,"26.21979615, 50.49691188"
1782.0,HARDEES,هارديز,RESTAURANTS,مطاعم,FAST FOOD RESTAURANTS,وجبات سريعة,504.0,NORTHERN,الشمالية,50.49635849,26.21969622,"26.21969622, 50.49635849"
1783.0,HONG KONG RESTAURANT,مطعم هونج كونج,RESTAURANTS,مطاعم,OTHER RESTAURANTS,مطاعم أخرى,504.0,NORTHERN,الشمالية,50.49382437,26.21921841,"26.21921841, 50.49382437"
1784.0,KRISPY KREME DONUT,كرسبي كريم دونت,RESTAURANTS,مطاعم,COFFEE SHOPS,مقاهي,504.0,NORTHERN,الشمالية,50.49645676,26.21970911,"26.21970911, 50.49645676"
1785.0,LA SCALA RESTAURANT,مطعم لا سكالا,RESTAURANTS,مطاعم,ITALIAN RESTAURANTS,مطاعم إيطالية,504.0,NORTHERN,الشمالية,50.4972224,26.21984337,"26.21984337, 50.4972224"
1786.0,LANNA THAI,لانا تاي,RESTAURANTS,مطاعم,THAI RESTAURANTS,مطاعم تايلندية,504.0,NORTHERN,الشمالية,50.49369256,26.21919585,"26.21919585, 50.49369256"
1787.0,MOTOROX CAFE,موتوروكس كافيه,RESTAURANTS,مطاعم,COFFEE SHOPS,مقاهي,504.0,NORTHERN,الشمالية,50.49424428,26.21929583,"26.21929583, 50.49424428"
1788.0,MUSHROOMS BUSTRO RESTAURANT,مطعم مشروم بوسترو,RESTAURANTS,مطاعم,EUROPEAN RESTAURANTS,مطاعم أوروبية,504.0,NORTHERN,الشمالية,50.49402082,26.21924946,"26.21924946, 50.49402082"
1789.0,NU ASIA,نيو آسيا,RESTAURANTS,مطاعم,CHINESE RESTAURANTS,مطاعم صينية,504.0,NORTHERN,الشمالية,50.49277779,26.21927255,"26.21927255, 50.49277779"
1790.0,THE CREPE CAFE,ذي كريب كافيه,RESTAURANTS,مطاعم,COFFEE SHOPS,مقاهي,504.0,NORTHERN,الشمالية,50.49199983,26.21902932,"26.21902932, 50.49199983"
1791.0,THE ORIGINAL RESTAURANT,مطعم اورجينال,RESTAURANTS,مطاعم,OTHER RESTAURANTS,مطاعم أخرى,504.0,NORTHERN,الشمالية,50.49225397,26.21937889,"26.21937889, 50.49225397"
1792.0,AMMAWSH RESTAURANT,مطعم اموش,RESTAURANTS,مطاعم,ARABIC RESTAURANTS,مطاعم عربية,505.0,NORTHERN,الشمالية,50.49478564,26.21893344,"26.21893344, 50.49478564"
1793.0,CHOCO LOVE CAFE,شوكو لوف كافيه,RESTAURANTS,مطاعم,COFFEE SHOPS,مقاهي,505.0,NORTHERN,الشمالية,50.49153908,26.21782459,"26.21782459, 50.49153908"
1794.0,LA VIE CAFE & RESTAURANT,مقهى ومطعم لافي,RESTAURANTS,مطاعم,COFFEE SHOPS,مقاهي,505.0,NORTHERN,الشمالية,50.49146838,26.21766554,"26.21766554, 50.49146838"
1795.0,CARAMEL COFFEE SHOP,كراميل كافيه,RESTAURANTS,مطاعم,COFFEE SHOPS,مقاهي,509.0,NORTHERN,الشمالية,50.48568175,26.21724351,"26.21724351, 50.48568175"
1796.0,CARLAS LEBANESE BISTRO,كارلاس بيسترو اللبناني,RESTAURANTS,مطاعم,LEBANESE RESTAURANTS,مطاعم لبنانية,509.0,NORTHERN,الشمالية,50.48598096,26.21731374,"26.21731374, 50.48598096"
1797.0,CHAING SAEN RESTAURANT,مطعم شينج سين,RESTAURANTS,مطاعم,THAI RESTAURANTS,مطاعم تايلندية,509.0,NORTHERN,الشمالية,50.48576769,26.21726371,"26.21726371, 50.48576769"
1798.0,CHE DOLCI RESTAURANT,مطعم شي دولسي,RESTAURANTS,مطاعم,OTHER RESTAURANTS,مطاعم أخرى,509.0,NORTHERN,الشمالية,50.4855994,26.21723521,"26.21723521, 50.4855994"
1799.0,GRILL ROOM RESTAURANT,مطعم الحجرة للمشويات,RESTAURANTS,مطاعم,OTHER RESTAURANTS,مطاعم أخرى,509.0,NORTHERN,الشمالية,50.48610234,26.21732608,"26.21732608, 50.48610234"
1800.0,SPANISH COURT CANTINA,سبانش كورت سنتينا,RESTAURANTS,مطاعم,EUROPEAN RESTAURANTS,مطاعم أوروبية,509.0,NORTHERN,الشمالية,50.48615146,26.21734635,"26.21734635, 50.48615146"
1801.0,STARBUCKS,ستاربكس,RESTAURANTS,مطاعم,COFFEE SHOPS,مقاهي,509.0,NORTHERN,الشمالية,50.48603617,26.21731688,"26.21731688, 50.48603617"
1802.0,BASKIN ROBBINS,باسكن روبنز,RESTAURANTS,مطاعم,ICE CREAM,أيس كريم,513.0,NORTHERN,الشمالية,50.49956126,26.20344887,"26.20344887, 50.49956126"
1803.0,ESQUIRES COFFEE HOUSE,مقهى إسكوايرز,RESTAURANTS,مطاعم,COFFEE SHOPS,مقاهي,513.0,NORTHERN,الشمالية,50.49989709,26.20361316,"26.20361316, 50.49989709"
1804.0,KONO PIZZA,كونو بيتزا,RESTAURANTS,مطاعم,PIZZA,بيتزا,513.0,NORTHERN,الشمالية,50.49991896,26.20345146,"26.20345146, 50.49991896"
1805.0,STARBUCKS,ستاربكس,RESTAURANTS,مطاعم,COFFEE SHOPS,مقاهي,513.0,NORTHERN,الشمالية,50.49960505,26.20341577,"26.20341577, 50.49960505"
1806.0,AL OSRA CAFE HOUSE,كافيه بيت الأسرة,RESTAURANTS,مطاعم,COFFEE SHOPS,مقاهي,515.0,NORTHERN,الشمالية,50.47956738,26.21625546,"26.21625546, 50.47956738"
1807.0,ANATOLIA RESTAURANT,مطعم اناتوليا,RESTAURANTS,مطاعم,TURKISH RESTAURANTS,مطاعم تركية,515.0,NORTHERN,الشمالية,50.48343904,26.21702227,"26.21702227, 50.48343904"
1808.0,BASKIN ROBBINS,باسكن روبنز,RESTAURANTS,مطاعم,ICE CREAM,أيس كريم,515.0,NORTHERN,الشمالية,50.48002932,26.21613663,"26.21613663, 50.48002932"
1809.0,CHEZ LE CAFE,شيز لو كافيه,RESTAURANTS,مطاعم,COFFEE SHOPS,مقاهي,515.0,NORTHERN,الشمالية,50.48377747,26.21693796,"26.21693796, 50.48377747"
1810.0,LAYALI ZEZENYA CAFE,كافيه ليالي زيزينيا,RESTAURANTS,مطاعم,COFFEE SHOPS,مقاهي,515.0,NORTHERN,الشمالية,50.48255087,26.21688456,"26.21688456, 50.48255087"
1811.0,MAY CAFE,ماي كافيه,RESTAURANTS,مطاعم,COFFEE SHOPS,مقاهي,515.0,NORTHERN,الشمالية,50.48313801,26.21692898,"26.21692898, 50.48313801"
1812.0,MCDONALD'S,ماكدونالدز,RESTAURANTS,مطاعم,FAST FOOD RESTAURANTS,وجبات سريعة,515.0,NORTHERN,الشمالية,50.47966515,26.21622092,"26.21622092, 50.47966515"
1813.0,LASTING FOOD RESTAURANT,مطعم الوجبات الدائمة,RESTAURANTS,مطاعم,OTHER RESTAURANTS,مطاعم أخرى,517.0,NORTHERN,الشمالية,50.48626698,26.1978703,"26.1978703, 50.48626698"
1814.0,LE VILLA RESTAURANT,مطعم لافيلا,RESTAURANTS,مطاعم,FRENCH RESTAURANTS,مطاعم فرنسية,517.0,NORTHERN,الشمالية,50.48399839,26.20489368,"26.20489368, 50.48399839"
1815.0,METRO PIZZA,بيتزا مترو,RESTAURANTS,مطاعم,PIZZA,بيتزا,517.0,NORTHERN,الشمالية,50.48688639,26.19546306,"26.19546306, 50.48688639"
1816.0,SAFASIF RESTAURANT,مطعم صفاصف,RESTAURANTS,مطاعم,OTHER RESTAURANTS,مطاعم أخرى,517.0,NORTHERN,الشمالية,50.48711038,26.19514077,"26.19514077, 50.48711038"
1817.0,SHAWARMA EXPRESS,شاورما إكسبرس,RESTAURANTS,مطاعم,FAST FOOD RESTAURANTS,وجبات سريعة,517.0,NORTHERN,الشمالية,50.48691066,26.19537392,"26.19537392, 50.48691066"
1818.0,CAFE CINO,سينو كافيه,RESTAURANTS,مطاعم,COFFEE SHOPS,مقاهي,518.0,NORTHERN,الشمالية,50.48963622,26.22079951,"26.22079951, 50.48963622"
1819.0,DAIRY QUEEN,ديري كوين,RESTAURANTS,مطاعم,FAST FOOD RESTAURANTS,وجبات سريعة,518.0,NORTHERN,الشمالية,50.48989304,26.22100285,"26.22100285, 50.48989304"
1820.0,GALLERIA SOFIA CAFE,جاليريا صوفيا كافيه,RESTAURANTS,مطاعم,COFFEE SHOPS,مقاهي,518.0,NORTHERN,الشمالية,50.49028919,26.22042965,"26.22042965, 50.49028919"
1821.0,JAWAD FOOD GARDEN,جواد فود جاردن,RESTAURANTS,مطاعم,FAST FOOD RESTAURANTS,وجبات سريعة,518.0,NORTHERN,الشمالية,50.48968964,26.22040458,"26.22040458, 50.48968964"
1822.0,MAGIC WOK,ماجيك ووك,RESTAURANTS,مطاعم,CHINESE RESTAURANTS,مطاعم صينية,518.0,NORTHERN,الشمالية,50.49035107,26.22043662,"26.22043662, 50.49035107"
1823.0,PAPA JOHNS,بابا جونز,RESTAURANTS,مطاعم,PIZZA,بيتزا,518.0,NORTHERN,الشمالية,50.49008409,26.22102026,"26.22102026, 50.49008409"
1824.0,THAI EXPRESS,تاي إكسبرس,RESTAURANTS,مطاعم,THAI RESTAURANTS,مطاعم تايلندية,518.0,NORTHERN,الشمالية,50.49033301,26.22056971,"26.22056971, 50.49033301"
1825.0,MASAYEF LEBANON PASTRIES,معجنات مصايف لبنان,RESTAURANTS,مطاعم,ARABIC RESTAURANTS,مطاعم عربية,523.0,NORTHERN,الشمالية,50.48458804,26.19464741,"26.19464741, 50.48458804"
1826.0,BOX IT RESTAURANT,مطعم بوكس إت,RESTAURANTS,مطاعم,FAST FOOD RESTAURANTS,وجبات سريعة,525.0,NORTHERN,الشمالية,50.49865168,26.19958804,"26.19958804, 50.49865168"
1827.0,DAIRY QUEEN,ديري كوين,RESTAURANTS,مطاعم,FAST FOOD RESTAURANTS,وجبات سريعة,525.0,NORTHERN,الشمالية,50.49871848,26.19963485,"26.19963485, 50.49871848"
1828.0,JASMIS RESTAURANT,مطعم جسميز,RESTAURANTS,مطاعم,FAST FOOD RESTAURANTS,وجبات سريعة,525.0,NORTHERN,الشمالية,50.49862514,26.19974986,"26.19974986, 50.49862514"
1829.0,KENTUCKY FRIED CHICKEN - KFC,كنتاكي,RESTAURANTS,مطاعم,FAST FOOD RESTAURANTS,وجبات سريعة,525.0,NORTHERN,الشمالية,50.49872003,26.19976578,"26.19976578, 50.49872003"
1830.0,KOJO RESTAURANT,مطعم كوجو,RESTAURANTS,مطاعم,JAPANESE RESTAURANTS,مطاعم يابانية,525.0,NORTHERN,الشمالية,50.49857487,26.19965418,"26.19965418, 50.49857487"
1831.0,LE CHOCOLAT CAFE AND RESTAURANT,مقهى ومطعم لو شوكولا,RESTAURANTS,مطاعم,COFFEE SHOPS,مقاهي,525.0,NORTHERN,الشمالية,50.49908285,26.19953644,"26.19953644, 50.49908285"
1832.0,LUMEE RESTAURANT,مطعم لومي,RESTAURANTS,مطاعم,ARABIC RESTAURANTS,مطاعم عربية,525.0,NORTHERN,الشمالية,50.4985208,26.19960383,"26.19960383, 50.4985208"
1833.0,MAME POD RESTAURANT,مطعم مامي بود,RESTAURANTS,مطاعم,JAPANESE RESTAURANTS,مطاعم يابانية,525.0,NORTHERN,الشمالية,50.49859625,26.19954484,"26.19954484, 50.49859625"
1834.0,MAZMIZ RESTAURANT,مطعم مزمز,RESTAURANTS,مطاعم,ARABIC RESTAURANTS,مطاعم عربية,525.0,NORTHERN,الشمالية,50.49879288,26.19969962,"26.19969962, 50.49879288"
1835.0,PAPA JOHNS,بابا جونز,RESTAURANTS,مطاعم,PIZZA,بيتزا,525.0,NORTHERN,الشمالية,50.49872472,26.1996845,"26.1996845, 50.49872472"
1836.0,STARBUCKS,ستاربكس,RESTAURANTS,مطاعم,COFFEE SHOPS,مقاهي,525.0,NORTHERN,الشمالية,50.4988968,26.19969705,"26.19969705, 50.4988968"
1837.0,YUM YUM EXPERIENCE RESTAURANT,مطعم يم يم إكسبيرينس,RESTAURANTS,مطاعم,INTERNATIONAL RESTAURANTS,مطاعم عالمية,525.0,NORTHERN,الشمالية,50.49864748,26.19970341,"26.19970341, 50.49864748"
1838.0,668 CAFE,مقهى 668,RESTAURANTS,مطاعم,COFFEE SHOPS,مقاهي,527.0,NORTHERN,الشمالية,50.48188254,26.17892362,"26.17892362, 50.48188254"
1839.0,AL SEDRA RESTAURANT,مطعم السدره,RESTAURANTS,مطاعم,ARABIC RESTAURANTS,مطاعم عربية,527.0,NORTHERN,الشمالية,50.4842211,26.1893798,"26.1893798, 50.4842211"
1840.0,AL ZAHRA' AL BUKHARI RESTAURANT AND GRILLS,مطعم ومشويات الزهراء البخاري,RESTAURANTS,مطاعم,ARABIC RESTAURANTS,مطاعم عربية,527.0,NORTHERN,الشمالية,50.48445077,26.18980163,"26.18980163, 50.48445077"
1841.0,ALI HASAN CAFE,كافيه علي حسن,RESTAURANTS,مطاعم,COFFEE SHOPS,مقاهي,527.0,NORTHERN,الشمالية,50.48402081,26.18995321,"26.18995321, 50.48402081"
1842.0,ANWAR AL IRAQ RESTAURANT,مطعم أنوار العراق,RESTAURANTS,مطاعم,ARABIC RESTAURANTS,مطاعم عربية,527.0,NORTHERN,الشمالية,50.48402304,26.18937909,"26.18937909, 50.48402304"
1843.0,BAYT AL AMEEN LEBANESE KITCHEN,مطبخ بيت الأمين اللبناني,RESTAURANTS,مطاعم,LEBANESE RESTAURANTS,مطاعم لبنانية,527.0,NORTHERN,الشمالية,50.48215421,26.17976652,"26.17976652, 50.48215421"
1844.0,DANAS RESTAURANT,مطعم داناز,RESTAURANTS,مطاعم,OTHER RESTAURANTS,مطاعم أخرى,527.0,NORTHERN,الشمالية,50.48412368,26.18991573,"26.18991573, 50.48412368"
1845.0,DELICETO CHOCOLATES AND JUICES,ديليسيتو للشوكولاته والعصائر,RESTAURANTS,مطاعم,COFFEE SHOPS,مقاهي,527.0,NORTHERN,الشمالية,50.48354679,26.19012651,"26.19012651, 50.48354679"
1846.0,DOSE CAFE,دوز كافيه,RESTAURANTS,مطاعم,COFFEE SHOPS,مقاهي,527.0,NORTHERN,الشمالية,50.48378993,26.17666431,"26.17666431, 50.48378993"
1847.0,GUGSU RESTAURANT,مطعم جوجسو,RESTAURANTS,مطاعم,OTHER RESTAURANTS,مطاعم أخرى,527.0,NORTHERN,الشمالية,50.4844361,26.18938057,"26.18938057, 50.4844361"
1848.0,HOOKAH FRUIT RESTAURANT AND CAFE,مطعم ومقهى هوكا فروت,RESTAURANTS,مطاعم,ARABIC RESTAURANTS,مطاعم عربية,527.0,NORTHERN,الشمالية,50.48366809,26.18936994,"26.18936994, 50.48366809"
1849.0,JASMIS RESTAURANT,مطعم جسميز,RESTAURANTS,مطاعم,FAST FOOD RESTAURANTS,وجبات سريعة,527.0,NORTHERN,الشمالية,50.48203531,26.17902907,"26.17902907, 50.48203531"
1850.0,KARAMI CORNER RESTAURANT,مطعم زاوية كرامي,RESTAURANTS,مطاعم,ARABIC RESTAURANTS,مطاعم عربية,527.0,NORTHERN,الشمالية,50.48391982,26.18997807,"26.18997807, 50.48391982"
1851.0,LE CHOCOLAT GOURMET BAKERY,لو شوكولا جورميت بيكري,RESTAURANTS,مطاعم,COFFEE SHOPS,مقاهي,527.0,NORTHERN,الشمالية,50.48203178,26.17992238,"26.17992238, 50.48203178"
1852.0,SLIDERS RESTAURANT,مطعم سلايدرز,RESTAURANTS,مطاعم,FAST FOOD RESTAURANTS,وجبات سريعة,527.0,NORTHERN,الشمالية,50.48193357,26.17894944,"26.17894944, 50.48193357"
1853.0,TRUE FOODS RESTAURANT,مطعم ترو فودز,RESTAURANTS,مطاعم,OTHER RESTAURANTS,مطاعم أخرى,527.0,NORTHERN,الشمالية,50.4843662,26.18938032,"26.18938032, 50.4843662"
1854.0,EATERY FINE DINING RESTAURANT,مطعم ايتري فاين دايننج,RESTAURANTS,مطاعم,OTHER RESTAURANTS,مطاعم أخرى,533.0,NORTHERN,الشمالية,50.47715901,26.19775446,"26.19775446, 50.47715901"
1855.0,L'AVENUE RESTAURANT,مطعم لافينيوز,RESTAURANTS,مطاعم,INTERNATIONAL RESTAURANTS,مطاعم عالمية,533.0,NORTHERN,الشمالية,50.47742762,26.19690159,"26.19690159, 50.47742762"
1856.0,VILLA MAMAS RESTAURANT,مطعم فيلا ماماز,RESTAURANTS,مطاعم,OTHER RESTAURANTS,مطاعم أخرى,533.0,NORTHERN,الشمالية,50.47721475,26.19752176,"26.19752176, 50.47721475"
1857.0,ABU SUBEH RESTAURANT,مطعم أبو صبح,RESTAURANTS,مطاعم,OTHER RESTAURANTS,مطاعم أخرى,536.0,NORTHERN,الشمالية,50.46965747,26.21533234,"26.21533234, 50.46965747"
1858.0,PIZZA HUT,بيتزا هت,RESTAURANTS,مطاعم,PIZZA,بيتزا,539.0,NORTHERN,الشمالية,50.4654686,26.21389596,"26.21389596, 50.4654686"
1859.0,AL AFRAH RESTAURANT,مطعم الأفراح,RESTAURANTS,مطاعم,OTHER RESTAURANTS,مطاعم أخرى,541.0,NORTHERN,الشمالية,50.45724513,26.20940064,"26.20940064, 50.45724513"
1860.0,AL AYAM PASTRIES,معجنات الأيام,RESTAURANTS,مطاعم,ARABIC RESTAURANTS,مطاعم عربية,541.0,NORTHERN,الشمالية,50.45767246,26.20973606,"26.20973606, 50.45767246"
1861.0,AL SUFRAH AL THAHABIYAH RESTAURANT,مطعم السفرة الذهبية,RESTAURANTS,مطاعم,OTHER RESTAURANTS,مطاعم أخرى,541.0,NORTHERN,الشمالية,50.45867329,26.21192656,"26.21192656, 50.45867329"
1862.0,AL ZOMALA RESTAURANT,مطعم الزمالة,RESTAURANTS,مطاعم,OTHER RESTAURANTS,مطاعم أخرى,541.0,NORTHERN,الشمالية,50.45849177,26.21110284,"26.21110284, 50.45849177"
1863.0,EKRAM RESTAURANT,مطعم إكرام,RESTAURANTS,مطاعم,OTHER RESTAURANTS,مطاعم أخرى,552.0,NORTHERN,الشمالية,50.45104476,26.21365785,"26.21365785, 50.45104476"
1864.0,MIDDLE EAST RESTAURANT,مطعم الشرق الأوسط,RESTAURANTS,مطاعم,OTHER RESTAURANTS,مطاعم أخرى,552.0,NORTHERN,الشمالية,50.45129438,26.21310176,"26.21310176, 50.45129438"
1865.0,AL BUDAIYA CASTLE RESTAURANT,مطعم قلعة البديع,RESTAURANTS,مطاعم,OTHER RESTAURANTS,مطاعم أخرى,553.0,NORTHERN,الشمالية,50.45435921,26.21026098,"26.21026098, 50.45435921"
1866.0,LATINO BURGERS,لاتينو برجر,RESTAURANTS,مطاعم,FAST FOOD RESTAURANTS,وجبات سريعة,553.0,NORTHERN,الشمالية,50.45423227,26.21022228,"26.21022228, 50.45423227"
1867.0,AL BADIYAH RESTAURANT,مطعم البادية,RESTAURANTS,مطاعم,OTHER RESTAURANTS,مطاعم أخرى,555.0,NORTHERN,الشمالية,50.4504463,26.21243733,"26.21243733, 50.4504463"
1868.0,ALSAFIR RESTAURANT,مطعم السفير,RESTAURANTS,مطاعم,INTERNATIONAL RESTAURANTS,مطاعم عالمية,555.0,NORTHERN,الشمالية,50.45138347,26.21260271,"26.21260271, 50.45138347"
1869.0,NHARAIN RESTAURANT,مطعم نهرين,RESTAURANTS,مطاعم,OTHER RESTAURANTS,مطاعم أخرى,555.0,NORTHERN,الشمالية,50.45138386,26.21251994,"26.21251994, 50.45138386"
1870.0,SHEESHAL GATE RESTAURANT,مطعم بوابة شيشل,RESTAURANTS,مطاعم,OTHER RESTAURANTS,مطاعم أخرى,555.0,NORTHERN,الشمالية,50.45095817,26.21117979,"26.21117979, 50.45095817"
1871.0,UMM ʻAZIZ PASTRIES,معجنات أم عزيز,RESTAURANTS,مطاعم,ARABIC RESTAURANTS,مطاعم عربية,555.0,NORTHERN,الشمالية,50.45112491,26.21245183,"26.21245183, 50.45112491"
1872.0,CARAMEL COFFEE SHOP,كراميل كافيه,RESTAURANTS,مطاعم,COFFEE SHOPS,مقاهي,561.0,NORTHERN,الشمالية,50.46203069,26.19471876,"26.19471876, 50.46203069"
1873.0,CINE CAFE,سيني كافيه,RESTAURANTS,مطاعم,COFFEE SHOPS,مقاهي,571.0,NORTHERN,الشمالية,50.46715018,26.18249823,"26.18249823, 50.46715018"
1874.0,DUNKIN DONUTS,دانكن دونتس,RESTAURANTS,مطاعم,COFFEE SHOPS,مقاهي,571.0,NORTHERN,الشمالية,50.46704295,26.18249784,"26.18249784, 50.46704295"
1875.0,KENTUCKY FRIED CHICKEN - KFC,كنتاكي,RESTAURANTS,مطاعم,FAST FOOD RESTAURANTS,وجبات سريعة,571.0,NORTHERN,الشمالية,50.46714333,26.18225812,"26.18225812, 50.46714333"
1876.0,BAM BAGUETTES RESTAURANT,مطعم بام باجيت,RESTAURANTS,مطاعم,OTHER RESTAURANTS,مطاعم أخرى,575.0,NORTHERN,الشمالية,50.48130445,26.1786069,"26.1786069, 50.48130445"
1877.0,CHOOX CHICKEN COOP RESTAURANT,مطعم شوكس شيكن كوب,RESTAURANTS,مطاعم,FAST FOOD RESTAURANTS,وجبات سريعة,575.0,NORTHERN,الشمالية,50.48128251,26.17907865,"26.17907865, 50.48128251"
1878.0,DISTRICT 6 RESTAURANT,مطعم ديستريكت 6,RESTAURANTS,مطاعم,FAST FOOD RESTAURANTS,وجبات سريعة,575.0,NORTHERN,الشمالية,50.47579035,26.1857484,"26.1857484, 50.47579035"
1879.0,FRUTTO GELATO,فروتو جيلاتو,RESTAURANTS,مطاعم,ICE CREAM,أيس كريم,575.0,NORTHERN,الشمالية,50.48128309,26.17894726,"26.17894726, 50.48128309"
1880.0,JALAPENO CHARLIE'S RESTAURANT,مطعم جلبينو تشارلي,RESTAURANTS,مطاعم,MEXICAN RESTAURANTS,مطاعم مكسيكية,575.0,NORTHERN,الشمالية,50.48130511,26.17845759,"26.17845759, 50.48130511"
1881.0,JOE MAMA’S RESTAURANT,مطعم جو ماما,RESTAURANTS,مطاعم,FAST FOOD RESTAURANTS,وجبات سريعة,575.0,NORTHERN,الشمالية,50.48116548,26.17860043,"26.17860043, 50.48116548"
1882.0,MAISON MATHIS RESTAURANT,مطعم ميسون ماثيس,RESTAURANTS,مطاعم,EUROPEAN RESTAURANTS,مطاعم أوروبية,575.0,NORTHERN,الشمالية,50.48090726,26.17861741,"26.17861741, 50.48090726"
1883.0,MCDONALD'S,ماكدونالدز,RESTAURANTS,مطاعم,FAST FOOD RESTAURANTS,وجبات سريعة,575.0,NORTHERN,الشمالية,50.481048,26.17845232,"26.17845232, 50.481048"
1884.0,NKD PIZZA,بيتزا إن كي دي,RESTAURANTS,مطاعم,PIZZA,بيتزا,575.0,NORTHERN,الشمالية,50.48131258,26.1782665,"26.1782665, 50.48131258"
1885.0,QUIZZY’S RESTAURANT,مطعم كويزي,RESTAURANTS,مطاعم,AMERICAN RESTAURANTS,مطاعم أمريكية,575.0,NORTHERN,الشمالية,50.4812905,26.17876811,"26.17876811, 50.4812905"
1886.0,SECOND CUP COFFEE,مقهى سكند كب,RESTAURANTS,مطاعم,COFFEE SHOPS,مقاهي,575.0,NORTHERN,الشمالية,50.48116612,26.17845709,"26.17845709, 50.48116612"
1887.0,STARBUCKS,ستاربكس,RESTAURANTS,مطاعم,COFFEE SHOPS,مقاهي,575.0,NORTHERN,الشمالية,50.48103901,26.17876123,"26.17876123, 50.48103901"
1888.0,WADI ALI RESTAURANT,مطعم وادي علي,RESTAURANTS,مطاعم,ARABIC RESTAURANTS,مطاعم عربية,575.0,NORTHERN,الشمالية,50.47747466,26.18619598,"26.18619598, 50.47747466"
1889.0,WANG’S FUNKY CHINESE RESTAURANT,مطعم وانغ فانكي الصيني,RESTAURANTS,مطاعم,CHINESE RESTAURANTS,مطاعم صينية,575.0,NORTHERN,الشمالية,50.48091465,26.17844424,"26.17844424, 50.48091465"
1890.0,WILDSIDE BARBEQUE RESTAURANT,مطعم ويلد سايد باربيكيو,RESTAURANTS,مطاعم,OTHER RESTAURANTS,مطاعم أخرى,575.0,NORTHERN,الشمالية,50.48092201,26.17827704,"26.17827704, 50.48092201"
1891.0,BURGER ZONE SANDWICH,برجر زون سندويتش,RESTAURANTS,مطاعم,FAST FOOD RESTAURANTS,وجبات سريعة,579.0,NORTHERN,الشمالية,50.48381308,26.17095659,"26.17095659, 50.48381308"
1892.0,CAFFEINATED,كافية نيتد,RESTAURANTS,مطاعم,COFFEE SHOPS,مقاهي,579.0,NORTHERN,الشمالية,50.48324795,26.17150477,"26.17150477, 50.48324795"
1893.0,CARIBOU COFFEE,مقهى كاريبو,RESTAURANTS,مطاعم,COFFEE SHOPS,مقاهي,579.0,NORTHERN,الشمالية,50.47278171,26.16294812,"26.16294812, 50.47278171"
1894.0,CHICKY BUNCH RESTAURANT,مطعم شيكي بانش,RESTAURANTS,مطاعم,OTHER RESTAURANTS,مطاعم أخرى,579.0,NORTHERN,الشمالية,50.48403987,26.17203318,"26.17203318, 50.48403987"
1895.0,COPA COFFEE SHOP,كوبا كوفي شوب,RESTAURANTS,مطاعم,COFFEE SHOPS,مقاهي,579.0,NORTHERN,الشمالية,50.48246569,26.17032106,"26.17032106, 50.48246569"
1896.0,ILLY CAFE,إيلي كافيه,RESTAURANTS,مطاعم,COFFEE SHOPS,مقاهي,579.0,NORTHERN,الشمالية,50.48105723,26.17235388,"26.17235388, 50.48105723"
1897.0,KARMAH CAFE,مقهى كرمة,RESTAURANTS,مطاعم,COFFEE SHOPS,مقاهي,579.0,NORTHERN,الشمالية,50.48208472,26.17026236,"26.17026236, 50.48208472"
1898.0,KARMAH CAFE,مقهى كرمة,RESTAURANTS,مطاعم,COFFEE SHOPS,مقاهي,579.0,NORTHERN,الشمالية,50.48168786,26.17020359,"26.17020359, 50.48168786"
1899.0,KETONE CAFE,كيتون كافيه,RESTAURANTS,مطاعم,COFFEE SHOPS,مقاهي,579.0,NORTHERN,الشمالية,50.48319837,26.17074011,"26.17074011, 50.48319837"
1900.0,KITCHEN LAB RESTAURANT,مطعم كتشن لاب,RESTAURANTS,مطاعم,FAST FOOD RESTAURANTS,وجبات سريعة,579.0,NORTHERN,الشمالية,50.48171181,26.17164258,"26.17164258, 50.48171181"
1901.0,KUO YINGS RESTAURANT,مطعم كيو ينجس,RESTAURANTS,مطاعم,CHINESE RESTAURANTS,مطاعم صينية,579.0,NORTHERN,الشمالية,50.47284221,26.16288985,"26.16288985, 50.47284221"
1902.0,LOKMATA COFFEE SHOP,لوكماتا كوفي شوب,RESTAURANTS,مطاعم,COFFEE SHOPS,مقاهي,579.0,NORTHERN,الشمالية,50.48142599,26.17042317,"26.17042317, 50.48142599"
1903.0,MOVENPICK ICE CREAM,موفنبيك أيس كريم,RESTAURANTS,مطاعم,ICE CREAM,أيس كريم,579.0,NORTHERN,الشمالية,50.48332569,26.17188728,"26.17188728, 50.48332569"
1904.0,OAH YAMAL RESTAURANT,مطعم أوه يا مال,RESTAURANTS,مطاعم,SEAFOOD RESTAURANTS,مأكولات بحرية,579.0,NORTHERN,الشمالية,50.48256026,26.17135896,"26.17135896, 50.48256026"
1905.0,OTTO RESTAURANT,مطعم أوتو,RESTAURANTS,مطاعم,ITALIAN RESTAURANTS,مطاعم إيطالية,579.0,NORTHERN,الشمالية,50.47305429,26.1626856,"26.1626856, 50.47305429"
1906.0,RASHFA CAFE,كافيه رشفه,RESTAURANTS,مطاعم,COFFEE SHOPS,مقاهي,579.0,NORTHERN,الشمالية,50.48182109,26.1708785,"26.1708785, 50.48182109"
1907.0,SHAWARMA MAMA RESTAURANT,مطعم شاورما ماما,RESTAURANTS,مطاعم,FAST FOOD RESTAURANTS,وجبات سريعة,579.0,NORTHERN,الشمالية,50.48406928,26.17136437,"26.17136437, 50.48406928"
1908.0,SWEET N CAFE,سويت ان كافية,RESTAURANTS,مطاعم,COFFEE SHOPS,مقاهي,579.0,NORTHERN,الشمالية,50.48184894,26.17056803,"26.17056803, 50.48184894"
1909.0,THE DON STEAKHOUSE AND GRILLS,ذا دون ستيك هاوس اند قرلز,RESTAURANTS,مطاعم,AMERICAN RESTAURANTS,مطاعم أمريكية,579.0,NORTHERN,الشمالية,50.48208224,26.1716917,"26.1716917, 50.48208224"
1910.0,THE FLAMING SALMON,ذي فليمنق سالمون,RESTAURANTS,مطاعم,SEAFOOD RESTAURANTS,مأكولات بحرية,579.0,NORTHERN,الشمالية,50.48247915,26.1717409,"26.1717409, 50.48247915"
1911.0,TRESLICIOUS DESSERT CAFE,تريليشيس ديزرت كافيه,RESTAURANTS,مطاعم,COFFEE SHOPS,مقاهي,579.0,NORTHERN,الشمالية,50.48287594,26.171814,"26.171814, 50.48287594"
1912.0,VEDGE CAFE,فدج كافيه,RESTAURANTS,مطاعم,COFFEE SHOPS,مقاهي,579.0,NORTHERN,الشمالية,50.48286242,26.17040849,"26.17040849, 50.48286242"
1913.0,WILD BURGER RESTAURANT,مطعم وايلد برجر,RESTAURANTS,مطاعم,FAST FOOD RESTAURANTS,وجبات سريعة,579.0,NORTHERN,الشمالية,50.48216325,26.17133364,"26.17133364, 50.48216325"
1914.0,JASMIS RESTAURANT,مطعم جسميز,RESTAURANTS,مطاعم,FAST FOOD RESTAURANTS,وجبات سريعة,581.0,NORTHERN,الشمالية,50.44613552,26.2274017,"26.2274017, 50.44613552"
1915.0,PAPA JOHNS,بابا جونز,RESTAURANTS,مطاعم,PIZZA,بيتزا,702.0,NORTHERN,الشمالية,50.53037952,26.1861357,"26.1861357, 50.53037952"
1916.0,ABABIL RESTAURANT,مطعم أبابيل,RESTAURANTS,مطاعم,OTHER RESTAURANTS,مطاعم أخرى,704.0,NORTHERN,الشمالية,50.52938047,26.17982917,"26.17982917, 50.52938047"
1917.0,ABU DHABI RESTAURANT,مطعم أبو ظبي,RESTAURANTS,مطاعم,OTHER RESTAURANTS,مطاعم أخرى,704.0,NORTHERN,الشمالية,50.53465302,26.18611058,"26.18611058, 50.53465302"
1918.0,AL GHABRA RESTAURANTS,مطعم الغبراء,RESTAURANTS,مطاعم,OTHER RESTAURANTS,مطاعم أخرى,704.0,NORTHERN,الشمالية,50.53294964,26.17903724,"26.17903724, 50.53294964"
1919.0,EGYPT COFFEE SHOP,كوفي شوب مصر,RESTAURANTS,مطاعم,COFFEE SHOPS,مقاهي,704.0,NORTHERN,الشمالية,50.52868324,26.17987721,"26.17987721, 50.52868324"
1920.0,GRACIAS CAFE,غراسياس كافيه,RESTAURANTS,مطاعم,COFFEE SHOPS,مقاهي,704.0,NORTHERN,الشمالية,50.53628875,26.18455043,"26.18455043, 50.53628875"
1921.0,GREEN PARADISE RESTAURANT,مطعم الجنة الخضراء,RESTAURANTS,مطاعم,OTHER RESTAURANTS,مطاعم أخرى,704.0,NORTHERN,الشمالية,50.52865431,26.17903599,"26.17903599, 50.52865431"
1922.0,GULF PEARL RESTAURANT,مطعم لؤلؤة الخليج,RESTAURANTS,مطاعم,OTHER RESTAURANTS,مطاعم أخرى,704.0,NORTHERN,الشمالية,50.52742225,26.17622714,"26.17622714, 50.52742225"
1923.0,MACCHIATO CAFE,ماكياتو كافيه,RESTAURANTS,مطاعم,COFFEE SHOPS,مقاهي,704.0,NORTHERN,الشمالية,50.53635545,26.18449125,"26.18449125, 50.53635545"
1924.0,PISTACHIO CAFE,بيستاشيو كافيه,RESTAURANTS,مطاعم,COFFEE SHOPS,مقاهي,704.0,NORTHERN,الشمالية,50.536855,26.18301828,"26.18301828, 50.536855"
1925.0,REEM RESTAURANT,مطعم ريم,RESTAURANTS,مطاعم,OTHER RESTAURANTS,مطاعم أخرى,704.0,NORTHERN,الشمالية,50.53289337,26.18606182,"26.18606182, 50.53289337"
1926.0,GHAZLAN RESTAURANT,مطعم غزلان,RESTAURANTS,مطاعم,OTHER RESTAURANTS,مطاعم أخرى,706.0,NORTHERN,الشمالية,50.52752948,26.18310987,"26.18310987, 50.52752948"
1927.0,BASKIN ROBBINS,باسكن روبنز,RESTAURANTS,مطاعم,ICE CREAM,أيس كريم,712.0,NORTHERN,الشمالية,50.51884272,26.18602779,"26.18602779, 50.51884272"
1928.0,DOSE CAFE,دوز كافيه,RESTAURANTS,مطاعم,COFFEE SHOPS,مقاهي,712.0,NORTHERN,الشمالية,50.51911431,26.18598091,"26.18598091, 50.51911431"
1929.0,DUNKIN DONUTS,دانكن دونتس,RESTAURANTS,مطاعم,COFFEE SHOPS,مقاهي,712.0,NORTHERN,الشمالية,50.51852004,26.18562058,"26.18562058, 50.51852004"
1930.0,JASMIS RESTAURANT,مطعم جسميز,RESTAURANTS,مطاعم,FAST FOOD RESTAURANTS,وجبات سريعة,712.0,NORTHERN,الشمالية,50.51873708,26.18596173,"26.18596173, 50.51873708"
1931.0,WOODBURY & CO CAFE,وودبيري كافيه,RESTAURANTS,مطاعم,COFFEE SHOPS,مقاهي,712.0,NORTHERN,الشمالية,50.51851942,26.18576989,"26.18576989, 50.51851942"
1932.0,BAB AL RAYYAN RESTAURANT,مطعم باب الريان,RESTAURANTS,مطاعم,TURKISH RESTAURANTS,مطاعم تركية,714.0,NORTHERN,الشمالية,50.52334106,26.17551544,"26.17551544, 50.52334106"
1933.0,RAYA CAFE,مقهى راية,RESTAURANTS,مطاعم,COFFEE SHOPS,مقاهي,732.0,NORTHERN,الشمالية,50.53190518,26.15530296,"26.15530296, 50.53190518"
1934.0,SECRET CAFE,سيكرت كافيه,RESTAURANTS,مطاعم,COFFEE SHOPS,مقاهي,734.0,NORTHERN,الشمالية,50.52290132,26.15879322,"26.15879322, 50.52290132"
1935.0,AL NAIM GRILLS,مشويات النعيم,RESTAURANTS,مطاعم,ARABIC RESTAURANTS,مطاعم عربية,738.0,NORTHERN,الشمالية,50.52132788,26.1585004,"26.1585004, 50.52132788"
1936.0,IRANIAN DANIAL RESTAURANT AND GRILLS,مطعم ومشويات دانيال الايرانية,RESTAURANTS,مطاعم,IRANIAN RESTAURANTS,مطاعم إيرانية,738.0,NORTHERN,الشمالية,50.52108511,26.15893015,"26.15893015, 50.52108511"
1937.0,MAYOOF RESTAURANT,مطعم معيوف,RESTAURANTS,مطاعم,OTHER RESTAURANTS,مطاعم أخرى,738.0,NORTHERN,الشمالية,50.5174355,26.15814649,"26.15814649, 50.5174355"
1938.0,RADHWAN GRILLS,مشويات رضوان,RESTAURANTS,مطاعم,OTHER RESTAURANTS,مطاعم أخرى,738.0,NORTHERN,الشمالية,50.52090049,26.15892316,"26.15892316, 50.52090049"
1939.0,BASKIN ROBBINS,باسكن روبنز,RESTAURANTS,مطاعم,ICE CREAM,أيس كريم,740.0,NORTHERN,الشمالية,50.52333831,26.16172125,"26.16172125, 50.52333831"
1940.0,CARIBOU COFFEE,مقهى كاريبو,RESTAURANTS,مطاعم,COFFEE SHOPS,مقاهي,740.0,NORTHERN,الشمالية,50.52333772,26.16186459,"26.16186459, 50.52333772"
1941.0,DUNKIN DONUTS,دانكن دونتس,RESTAURANTS,مطاعم,COFFEE SHOPS,مقاهي,740.0,NORTHERN,الشمالية,50.52353906,26.16222667,"26.16222667, 50.52353906"
1942.0,FOOD SILVER FORT RESTAURANT,مطعم القلعة الفضية,RESTAURANTS,مطاعم,FAST FOOD RESTAURANTS,وجبات سريعة,740.0,NORTHERN,الشمالية,50.52372801,26.16211215,"26.16211215, 50.52372801"
1943.0,HARDEES,هارديز,RESTAURANTS,مطاعم,FAST FOOD RESTAURANTS,وجبات سريعة,740.0,NORTHERN,الشمالية,50.52373991,26.16198437,"26.16198437, 50.52373991"
1944.0,HI LITE CAFE,كافيه هاي لايت,RESTAURANTS,مطاعم,FAST FOOD RESTAURANTS,وجبات سريعة,740.0,NORTHERN,الشمالية,50.52390402,26.16198969,"26.16198969, 50.52390402"
1945.0,KARAMI RESTAURANT,مطعم كرامي,RESTAURANTS,مطاعم,ARABIC RESTAURANTS,مطاعم عربية,740.0,NORTHERN,الشمالية,50.5235539,26.16185587,"26.16185587, 50.5235539"
1946.0,KENTUCKY FRIED CHICKEN - KFC,كنتاكي,RESTAURANTS,مطاعم,FAST FOOD RESTAURANTS,وجبات سريعة,740.0,NORTHERN,الشمالية,50.52390352,26.16187614,"26.16187614, 50.52390352"
1947.0,KPOP FOOD RESTAURANT,مطعم كبوب فود,RESTAURANTS,مطاعم,INTERNATIONAL RESTAURANTS,مطاعم عالمية,740.0,NORTHERN,الشمالية,50.52336938,26.16172649,"26.16172649, 50.52336938"
1948.0,KRISPY KREME DONUT,كرسبي كريم دونت,RESTAURANTS,مطاعم,COFFEE SHOPS,مقاهي,740.0,NORTHERN,الشمالية,50.52355597,26.16173666,"26.16173666, 50.52355597"
1949.0,KUCHE KUSHARI RESTAURANT,مطعم كوجي كشري,RESTAURANTS,مطاعم,ARABIC RESTAURANTS,مطاعم عربية,740.0,NORTHERN,الشمالية,50.52374788,26.16174088,"26.16174088, 50.52374788"
1950.0,MAMA JOZ PIZZA,بيتزا ماما جوز,RESTAURANTS,مطاعم,PIZZA,بيتزا,740.0,NORTHERN,الشمالية,50.52375293,26.16160508,"26.16160508, 50.52375293"
1951.0,MCDONALD'S,ماكدونالدز,RESTAURANTS,مطاعم,FAST FOOD RESTAURANTS,وجبات سريعة,740.0,NORTHERN,الشمالية,50.52331853,26.16137717,"26.16137717, 50.52331853"
1952.0,NOOR LIGHT SHAWARMA,نورلايت للشاورما,RESTAURANTS,مطاعم,FAST FOOD RESTAURANTS,وجبات سريعة,740.0,NORTHERN,الشمالية,50.52356704,26.16148789,"26.16148789, 50.52356704"
1953.0,PAPA JOHNS,بابا جونز,RESTAURANTS,مطاعم,PIZZA,بيتزا,740.0,NORTHERN,الشمالية,50.52391965,26.16149673,"26.16149673, 50.52391965"
1954.0,PASTA EXPRESS,باستا إكسبرس,RESTAURANTS,مطاعم,ITALIAN RESTAURANTS,مطاعم إيطالية,740.0,NORTHERN,الشمالية,50.52355001,26.16174107,"26.16174107, 50.52355001"
1955.0,PIZZA HUT,بيتزا هت,RESTAURANTS,مطاعم,PIZZA,بيتزا,740.0,NORTHERN,الشمالية,50.52299673,26.16138236,"26.16138236, 50.52299673"
1956.0,ROSMARINO ITALIAN CUISINE RESTAURANT,مطعم مطبخ روزمارينو الإيطالي,RESTAURANTS,مطاعم,ITALIAN RESTAURANTS,مطاعم إيطالية,740.0,NORTHERN,الشمالية,50.5235688,26.16138866,"26.16138866, 50.5235688"
1957.0,BANAMA RESTAURANT,مطعم بنما,RESTAURANTS,مطاعم,OTHER RESTAURANTS,مطاعم أخرى,1012.0,NORTHERN,الشمالية,50.48070642,26.1328782,"26.1328782, 50.48070642"
1958.0,AL ABRAAJ RESTAURANT,مطعم الأبراج,RESTAURANTS,مطاعم,INTERNATIONAL RESTAURANTS,مطاعم عالمية,1014.0,NORTHERN,الشمالية,50.48839266,26.14756818,"26.14756818, 50.48839266"
1959.0,AL KARAM RESTAURANT,مطعم الكرم,RESTAURANTS,مطاعم,OTHER RESTAURANTS,مطاعم أخرى,1014.0,NORTHERN,الشمالية,50.49102446,26.14474518,"26.14474518, 50.49102446"
1960.0,AL SUFRAH ALERENIEH RESTAURANT,مطعم السفرة الإيرانية,RESTAURANTS,مطاعم,OTHER RESTAURANTS,مطاعم أخرى,1014.0,NORTHERN,الشمالية,50.4890935,26.14496322,"26.14496322, 50.4890935"
1961.0,ALHAN RESTAURANT,مطعم ألحان,RESTAURANTS,مطاعم,LEBANESE RESTAURANTS,مطاعم لبنانية,1014.0,NORTHERN,الشمالية,50.47069959,26.16090406,"26.16090406, 50.47069959"
1962.0,ANARESTAN IRANIAN RESTAURANT,مطعم أناريستان الإيراني,RESTAURANTS,مطاعم,IRANIAN RESTAURANTS,مطاعم إيرانية,1014.0,NORTHERN,الشمالية,50.4697789,26.16265199,"26.16265199, 50.4697789"
1963.0,BASKIN ROBBINS,باسكن روبنز,RESTAURANTS,مطاعم,ICE CREAM,أيس كريم,1014.0,NORTHERN,الشمالية,50.46683657,26.16754955,"26.16754955, 50.46683657"
1964.0,BRUNCH AND CAKE RESTAURANT,مطعم برنش اند كيك,RESTAURANTS,مطاعم,INTERNATIONAL RESTAURANTS,مطاعم عالمية,1014.0,NORTHERN,الشمالية,50.47036256,26.16251715,"26.16251715, 50.47036256"
1965.0,CANTINE RESTAURANT,مطعم كانتين,RESTAURANTS,مطاعم,OTHER RESTAURANTS,مطاعم أخرى,1014.0,NORTHERN,الشمالية,50.47114912,26.16042791,"26.16042791, 50.47114912"
1966.0,CAST IRON STEAKHOUSE,كاست آيرون ستيك هاوس,RESTAURANTS,مطاعم,INTERNATIONAL RESTAURANTS,مطاعم عالمية,1014.0,NORTHERN,الشمالية,50.47050145,26.16112965,"26.16112965, 50.47050145"
1967.0,CFC,دجاج تشيكي,RESTAURANTS,مطاعم,EUROPEAN RESTAURANTS,مطاعم أوروبية,1014.0,NORTHERN,الشمالية,50.46806104,26.16640603,"26.16640603, 50.46806104"
1968.0,CHOCOMELT RESTAURANT,مطعم شوكوميلت,RESTAURANTS,مطاعم,OTHER RESTAURANTS,مطاعم أخرى,1014.0,NORTHERN,الشمالية,50.47006544,26.16156859,"26.16156859, 50.47006544"
1969.0,CINNABON,سينابون,RESTAURANTS,مطاعم,COFFEE SHOPS,مقاهي,1014.0,NORTHERN,الشمالية,50.46953045,26.16144789,"26.16144789, 50.46953045"
1970.0,CIOCCOLATITALIANI CAFE,شوكولاتي ايطالياني كافيه,RESTAURANTS,مطاعم,ICE CREAM,أيس كريم,1014.0,NORTHERN,الشمالية,50.47003889,26.1619978,"26.1619978, 50.47003889"
1971.0,CRAZY PIZZA,بيتزا كريزي,RESTAURANTS,مطاعم,PIZZA,بيتزا,1014.0,NORTHERN,الشمالية,50.46991636,26.16146173,"26.16146173, 50.46991636"
1972.0,CREME CAFE,كافيه كريم,RESTAURANTS,مطاعم,COFFEE SHOPS,مقاهي,1014.0,NORTHERN,الشمالية,50.47005192,26.16192522,"26.16192522, 50.47005192"
1973.0,CURIOUS DINER RESTAURANT,مطعم كيوريوس دينر,RESTAURANTS,مطاعم,FAST FOOD RESTAURANTS,وجبات سريعة,1014.0,NORTHERN,الشمالية,50.46950886,26.16153955,"26.16153955, 50.46950886"
1974.0,DAIRY QUEEN,ديري كوين,RESTAURANTS,مطاعم,FAST FOOD RESTAURANTS,وجبات سريعة,1014.0,NORTHERN,الشمالية,50.48749375,26.14837492,"26.14837492, 50.48749375"
1975.0,DAR DASMAN RESTAURANT,مطعم دار دسمان,RESTAURANTS,مطاعم,OTHER RESTAURANTS,مطاعم أخرى,1014.0,NORTHERN,الشمالية,50.49163269,26.14468212,"26.14468212, 50.49163269"
1976.0,FUDDRUCKERS RESTAURANT,مطعم فودركرز,RESTAURANTS,مطاعم,AMERICAN RESTAURANTS,مطاعم أمريكية,1014.0,NORTHERN,الشمالية,50.47011353,26.1594464,"26.1594464, 50.47011353"
1977.0,GRILL ROOM RESTAURANT,مطعم الحجرة للمشويات,RESTAURANTS,مطاعم,OTHER RESTAURANTS,مطاعم أخرى,1014.0,NORTHERN,الشمالية,50.48939307,26.14665771,"26.14665771, 50.48939307"
1978.0,GYUTO RESTAURANT,مطعم جيوتو,RESTAURANTS,مطاعم,JAPANESE RESTAURANTS,مطاعم يابانية,1014.0,NORTHERN,الشمالية,50.46963512,26.16090609,"26.16090609, 50.46963512"
1979.0,HARDEES,هارديز,RESTAURANTS,مطاعم,FAST FOOD RESTAURANTS,وجبات سريعة,1014.0,NORTHERN,الشمالية,50.48906445,26.14695856,"26.14695856, 50.48906445"
1980.0,INTEGRALE CAFE,كافيه انتغرالي,RESTAURANTS,مطاعم,COFFEE SHOPS,مقاهي,1014.0,NORTHERN,الشمالية,50.47004052,26.16275329,"26.16275329, 50.47004052"
1981.0,ISFAHANI RESTAURANT,مطعم أصفهاني,RESTAURANTS,مطاعم,IRANIAN RESTAURANTS,مطاعم إيرانية,1014.0,NORTHERN,الشمالية,50.49012272,26.14610904,"26.14610904, 50.49012272"
1982.0,JOE AND THE JUICE CAFE,كافيه جو اند جوس,RESTAURANTS,مطاعم,COFFEE SHOPS,مقاهي,1014.0,NORTHERN,الشمالية,50.47004424,26.16174936,"26.16174936, 50.47004424"
1983.0,KABUKI RESTAURANT,مطعم كابوكي,RESTAURANTS,مطاعم,JAPANESE RESTAURANTS,مطاعم يابانية,1014.0,NORTHERN,الشمالية,50.47041916,26.16229279,"26.16229279, 50.47041916"
1984.0,KENTUCKY FRIED CHICKEN - KFC,كنتاكي,RESTAURANTS,مطاعم,FAST FOOD RESTAURANTS,وجبات سريعة,1014.0,NORTHERN,الشمالية,50.46812401,26.16634712,"26.16634712, 50.46812401"
1985.0,KYO RESTAURANT,مطعم كايو,RESTAURANTS,مطاعم,INTERNATIONAL RESTAURANTS,مطاعم عالمية,1014.0,NORTHERN,الشمالية,50.46945981,26.16221912,"26.16221912, 50.46945981"
1986.0,LAMB CHEF RESTAURANT,مطعم خروف الشيف,RESTAURANTS,مطاعم,ARABIC RESTAURANTS,مطاعم عربية,1014.0,NORTHERN,الشمالية,50.46942925,26.16090595,"26.16090595, 50.46942925"
1987.0,LUNA RESTAURANT,مطعم لونا,RESTAURANTS,مطاعم,ITALIAN RESTAURANTS,مطاعم إيطالية,1014.0,NORTHERN,الشمالية,50.46962634,26.16192349,"26.16192349, 50.46962634"
1988.0,MAMA MOCHA CAFE,ماما موكا كافيه,RESTAURANTS,مطاعم,COFFEE SHOPS,مقاهي,1014.0,NORTHERN,الشمالية,50.46955282,26.16501292,"26.16501292, 50.46955282"
1989.0,MIRAJ RESTAURANT & HALL FOR EVENTS,مطعم وصالة الميراج,RESTAURANTS,مطاعم,OTHER RESTAURANTS,مطاعم أخرى,1014.0,NORTHERN,الشمالية,50.48760075,26.14743896,"26.14743896, 50.48760075"
1990.0,MOVENPICK ICE CREAM,موفنبيك أيس كريم,RESTAURANTS,مطاعم,ICE CREAM,أيس كريم,1014.0,NORTHERN,الشمالية,50.46994738,26.16133404,"26.16133404, 50.46994738"
1991.0,NAPOLI RESTAURANT,مطعم نابولي,RESTAURANTS,مطاعم,ITALIAN RESTAURANTS,مطاعم إيطالية,1014.0,NORTHERN,الشمالية,50.49074826,26.14546734,"26.14546734, 50.49074826"
1992.0,NEW YORK COFFEE,نيويورك كوفي,RESTAURANTS,مطاعم,COFFEE SHOPS,مقاهي,1014.0,NORTHERN,الشمالية,50.46858742,26.16591364,"26.16591364, 50.46858742"
1993.0,NOVO DELIZIE AND MERCATO CAFE,كافيه نوفو ديليزي اند مركاتو,RESTAURANTS,مطاعم,COFFEE SHOPS,مقاهي,1014.0,NORTHERN,الشمالية,50.46963936,26.16185474,"26.16185474, 50.46963936"
1994.0,PAPA JOHNS,بابا جونز,RESTAURANTS,مطاعم,PIZZA,بيتزا,1014.0,NORTHERN,الشمالية,50.48731742,26.14852844,"26.14852844, 50.48731742"
1995.0,PIZZA BELLA,بيتزا بيلا,RESTAURANTS,مطاعم,PIZZA,بيتزا,1014.0,NORTHERN,الشمالية,50.46864709,26.16585779,"26.16585779, 50.46864709"
1996.0,PLANT CAFE,كافيه بلانت,RESTAURANTS,مطاعم,OTHER RESTAURANTS,مطاعم أخرى,1014.0,NORTHERN,الشمالية,50.47012095,26.16129406,"26.16129406, 50.47012095"
1997.0,RASMALAI RESTAURANT,مطعم راس مالاي,RESTAURANTS,مطاعم,INDIAN RESTAURANTS,مطاعم هندية,1014.0,NORTHERN,الشمالية,50.46961751,26.16200182,"26.16200182, 50.46961751"
1998.0,RUMI CAFE,كافيه رومي,RESTAURANTS,مطاعم,COFFEE SHOPS,مقاهي,1014.0,NORTHERN,الشمالية,50.46955413,26.16136389,"26.16136389, 50.46955413"
1999.0,STARBUCKS,ستاربكس,RESTAURANTS,مطاعم,COFFEE SHOPS,مقاهي,1014.0,NORTHERN,الشمالية,50.46946996,26.15892801,"26.15892801, 50.46946996"
2000.0,THE ORANGERY,كافيه ذا أورنجري,RESTAURANTS,مطاعم,COFFEE SHOPS,مقاهي,1014.0,NORTHERN,الشمالية,50.47005735,26.16107524,"26.16107524, 50.47005735"
2001.0,VIVEL CAFE,كافيه فيفيل,RESTAURANTS,مطاعم,COFFEE SHOPS,مقاهي,1014.0,NORTHERN,الشمالية,50.46957569,26.16127987,"26.16127987, 50.46957569"
2002.0,MAMA NOORA RASTURANT,مطعم ماما نورة,RESTAURANTS,مطاعم,ARABIC RESTAURANTS,مطاعم عربية,1019.0,NORTHERN,الشمالية,50.47741682,26.12644804,"26.12644804, 50.47741682"
2003.0,AL FRAN PASTRIES & SHAWARMA,معجنات وشوارما الفرن,RESTAURANTS,مطاعم,ARABIC RESTAURANTS,مطاعم عربية,1025.0,NORTHERN,الشمالية,50.48219458,26.11449483,"26.11449483, 50.48219458"
2004.0,BASKIN ROBBINS,باسكن روبنز,RESTAURANTS,مطاعم,ICE CREAM,أيس كريم,1032.0,NORTHERN,الشمالية,50.49803647,26.10299507,"26.10299507, 50.49803647"
2005.0,AL FARHAN GRILLS,مشويات الفرحان,RESTAURANTS,مطاعم,ARABIC RESTAURANTS,مطاعم عربية,1033.0,NORTHERN,الشمالية,50.48611856,26.09772037,"26.09772037, 50.48611856"
2006.0,NOOR ALWLAYA RESTAURANT AND GRILLS,مطعم ومشويات نور الولاية,RESTAURANTS,مطاعم,OTHER RESTAURANTS,مطاعم أخرى,1033.0,NORTHERN,الشمالية,50.48587965,26.09833341,"26.09833341, 50.48587965"
2007.0,BU HAMEED RESTAURANT,مطعم بو حميد,RESTAURANTS,مطاعم,OTHER RESTAURANTS,مطاعم أخرى,1034.0,NORTHERN,الشمالية,50.48656717,26.09741407,"26.09741407, 50.48656717"
2008.0,DOMINO'S PIZZA,دومينوز بيتزا,RESTAURANTS,مطاعم,PIZZA,بيتزا,1038.0,NORTHERN,الشمالية,50.48860655,26.09274936,"26.09274936, 50.48860655"
2009.0,MCDONALD'S,ماكدونالدز,RESTAURANTS,مطاعم,FAST FOOD RESTAURANTS,وجبات سريعة,1038.0,NORTHERN,الشمالية,50.48882434,26.09310548,"26.09310548, 50.48882434"
2010.0,MEALS TIME RESTAURANT,مطعم ميلز تايم,RESTAURANTS,مطاعم,OTHER RESTAURANTS,مطاعم أخرى,1038.0,NORTHERN,الشمالية,50.48896579,26.09313997,"26.09313997, 50.48896579"
2011.0,PENNE NAPOLI RESTAURANT,مطعم بيني نابولي,RESTAURANTS,مطاعم,ITALIAN RESTAURANTS,مطاعم إيطالية,1038.0,NORTHERN,الشمالية,50.48852855,26.09288994,"26.09288994, 50.48852855"
2012.0,AL PATA AL MAREHA PASTRIES,معجنات البطه المرحة,RESTAURANTS,مطاعم,ARABIC RESTAURANTS,مطاعم عربية,1046.0,NORTHERN,الشمالية,50.5064114,26.06287222,"26.06287222, 50.5064114"
2013.0,BASKIN ROBBINS,باسكن روبنز,RESTAURANTS,مطاعم,ICE CREAM,أيس كريم,1046.0,NORTHERN,الشمالية,50.50731582,26.06235204,"26.06235204, 50.50731582"
2014.0,ABU FAISAL RESTAURANT,مطعم أبو فيصل,RESTAURANTS,مطاعم,OTHER RESTAURANTS,مطاعم أخرى,1203.0,NORTHERN,الشمالية,50.49423323,26.14287064,"26.14287064, 50.49423323"
2015.0,AL AHALI SANDWICHES,سندويشات الأهالي,RESTAURANTS,مطاعم,ARABIC RESTAURANTS,مطاعم عربية,1203.0,NORTHERN,الشمالية,50.49867298,26.14144164,"26.14144164, 50.49867298"
2016.0,AL HAMALAYA RESTAURANT,مطعم الهملايا,RESTAURANTS,مطاعم,OTHER RESTAURANTS,مطاعم أخرى,1203.0,NORTHERN,الشمالية,50.49475168,26.14212768,"26.14212768, 50.49475168"
2017.0,AL MADHIF RESTAURANT,مطعم المضيف,RESTAURANTS,مطاعم,OTHER RESTAURANTS,مطاعم أخرى,1203.0,NORTHERN,الشمالية,50.49720277,26.14253868,"26.14253868, 50.49720277"
2018.0,AL RAFEEQ RESTAURANT,مطعم الرفيق,RESTAURANTS,مطاعم,OTHER RESTAURANTS,مطاعم أخرى,1203.0,NORTHERN,الشمالية,50.49414179,26.14305864,"26.14305864, 50.49414179"
2019.0,AL RAJA RESTAURANT,مطعم الرجا,RESTAURANTS,مطاعم,OTHER RESTAURANTS,مطاعم أخرى,1203.0,NORTHERN,الشمالية,50.49655893,26.14063081,"26.14063081, 50.49655893"
2020.0,AL RUMAIHI RESTAURANT,مطعم الرميحي,RESTAURANTS,مطاعم,OTHER RESTAURANTS,مطاعم أخرى,1203.0,NORTHERN,الشمالية,50.49321107,26.14304586,"26.14304586, 50.49321107"
2021.0,AL SANABEL PALACE RESTAURANT,مطعم قصر السنابل,RESTAURANTS,مطاعم,OTHER RESTAURANTS,مطاعم أخرى,1203.0,NORTHERN,الشمالية,50.49824042,26.13979392,"26.13979392, 50.49824042"
2022.0,AL THUWAWDAH RESTAURANT,مطعم الذواودة,RESTAURANTS,مطاعم,OTHER RESTAURANTS,مطاعم أخرى,1203.0,NORTHERN,الشمالية,50.49835861,26.14073325,"26.14073325, 50.49835861"
2023.0,AL WEJDAN RESTAURANT,مطعم الوجدان,RESTAURANTS,مطاعم,COFFEE SHOPS,مقاهي,1203.0,NORTHERN,الشمالية,50.49580549,26.14138618,"26.14138618, 50.49580549"
2024.0,AL ZUARA RESTAURANT,مطعم الزوراء,RESTAURANTS,مطاعم,OTHER RESTAURANTS,مطاعم أخرى,1203.0,NORTHERN,الشمالية,50.49877771,26.13998463,"26.13998463, 50.49877771"
2025.0,ASEER RESTAURANT,مطعم أسير,RESTAURANTS,مطاعم,OTHER RESTAURANTS,مطاعم أخرى,1203.0,NORTHERN,الشمالية,50.49427509,26.1432891,"26.1432891, 50.49427509"
2026.0,BABA SUNFOOR PASTRIES,معجنات بابا سنفور,RESTAURANTS,مطاعم,ARABIC RESTAURANTS,مطاعم عربية,1203.0,NORTHERN,الشمالية,50.49690016,26.14272813,"26.14272813, 50.49690016"
2027.0,BARDI FOR SHAMIYAH GRILLS,بردي للمشويات الشامية,RESTAURANTS,مطاعم,LEBANESE RESTAURANTS,مطاعم لبنانية,1203.0,NORTHERN,الشمالية,50.49838888,26.14032669,"26.14032669, 50.49838888"
2028.0,BASKIN ROBBINS,باسكن روبنز,RESTAURANTS,مطاعم,ICE CREAM,أيس كريم,1203.0,NORTHERN,الشمالية,50.49692358,26.14234989,"26.14234989, 50.49692358"
2029.0,HATTEN RESTAURANT,مطعم حطين,RESTAURANTS,مطاعم,OTHER RESTAURANTS,مطاعم أخرى,1203.0,NORTHERN,الشمالية,50.49445922,26.14218558,"26.14218558, 50.49445922"
2030.0,JAN BURGER,جان برجر,RESTAURANTS,مطاعم,FAST FOOD RESTAURANTS,وجبات سريعة,1203.0,NORTHERN,الشمالية,50.49833913,26.14088092,"26.14088092, 50.49833913"
2031.0,KENTUCKY FRIED CHICKEN - KFC,كنتاكي,RESTAURANTS,مطاعم,FAST FOOD RESTAURANTS,وجبات سريعة,1203.0,NORTHERN,الشمالية,50.49754932,26.14258356,"26.14258356, 50.49754932"
2032.0,KUWAITAN BACHAH RESTAURANT,مطعم الباجة الكويتي,RESTAURANTS,مطاعم,OTHER RESTAURANTS,مطاعم أخرى,1203.0,NORTHERN,الشمالية,50.49686777,26.1421355,"26.1421355, 50.49686777"
2033.0,LAHORE RESTAURANT,مطعم لاهور,RESTAURANTS,مطاعم,INDIAN RESTAURANTS,مطاعم هندية,1203.0,NORTHERN,الشمالية,50.49512395,26.1422192,"26.1422192, 50.49512395"
2034.0,LATIF PASTRIES,معجنات لطيف,RESTAURANTS,مطاعم,ARABIC RESTAURANTS,مطاعم عربية,1203.0,NORTHERN,الشمالية,50.4965228,26.14047058,"26.14047058, 50.4965228"
2035.0,MARMARIS RESTAURANT,مطعم مرمريز,RESTAURANTS,مطاعم,ARABIC RESTAURANTS,مطاعم عربية,1203.0,NORTHERN,الشمالية,50.49697947,26.14256458,"26.14256458, 50.49697947"
2036.0,MATTAR RESTAURANT,مطعم مطار,RESTAURANTS,مطاعم,OTHER RESTAURANTS,مطاعم أخرى,1203.0,NORTHERN,الشمالية,50.49522015,26.1431676,"26.1431676, 50.49522015"
2037.0,NAJMAT ALAHALI PASTRIES,معجنات نجمة الأهالي,RESTAURANTS,مطاعم,ARABIC RESTAURANTS,مطاعم عربية,1203.0,NORTHERN,الشمالية,50.49869467,26.14113953,"26.14113953, 50.49869467"
2038.0,ORBAN RESTAURANT,مطعم أوربان,RESTAURANTS,مطاعم,OTHER RESTAURANTS,مطاعم أخرى,1203.0,NORTHERN,الشمالية,50.49823832,26.14232537,"26.14232537, 50.49823832"
2039.0,PIZZA HUT,بيتزا هت,RESTAURANTS,مطاعم,PIZZA,بيتزا,1203.0,NORTHERN,الشمالية,50.4973532,26.14263285,"26.14263285, 50.4973532"
2040.0,RABAB PASTRIES,معجنات رباب,RESTAURANTS,مطاعم,ARABIC RESTAURANTS,مطاعم عربية,1203.0,NORTHERN,الشمالية,50.49841051,26.1400363,"26.1400363, 50.49841051"
2041.0,SAUDI BROSTED,بروستد السعودي,RESTAURANTS,مطاعم,OTHER RESTAURANTS,مطاعم أخرى,1203.0,NORTHERN,الشمالية,50.49666505,26.14110148,"26.14110148, 50.49666505"
2042.0,SHAHID RESTAURANT,مطعم شاهد,RESTAURANTS,مطاعم,OTHER RESTAURANTS,مطاعم أخرى,1203.0,NORTHERN,الشمالية,50.49490024,26.14087845,"26.14087845, 50.49490024"
2043.0,SOUQ WAQIF COFFEE SHOP,كوفي شوب سوق واقف,RESTAURANTS,مطاعم,COFFEE SHOPS,مقاهي,1203.0,NORTHERN,الشمالية,50.49844323,26.14141554,"26.14141554, 50.49844323"
2044.0,SUFRAT ALARAB RESTAURANT,مطعم سفرة العرب,RESTAURANTS,مطاعم,ARABIC RESTAURANTS,مطاعم عربية,1203.0,NORTHERN,الشمالية,50.4985096,26.14069298,"26.14069298, 50.4985096"
2045.0,THE GIANT PASTA,العملاق للباستا,RESTAURANTS,مطاعم,ITALIAN RESTAURANTS,مطاعم إيطالية,1203.0,NORTHERN,الشمالية,50.49383281,26.13460657,"26.13460657, 50.49383281"
2046.0,WADIYAN RESTAURANT,مطعم واديان,RESTAURANTS,مطاعم,OTHER RESTAURANTS,مطاعم أخرى,1203.0,NORTHERN,الشمالية,50.49678402,26.14276168,"26.14276168, 50.49678402"
2047.0,AMWAJ ALSEEF CAFETERIA,كافتيريا أمواج السيف,RESTAURANTS,مطاعم,OTHER RESTAURANTS,مطاعم أخرى,1204.0,NORTHERN,الشمالية,50.50653434,26.13510212,"26.13510212, 50.50653434"
2048.0,UMM OMAR CAFETERIA,كافتيريا أم عمر,RESTAURANTS,مطاعم,OTHER RESTAURANTS,مطاعم أخرى,1204.0,NORTHERN,الشمالية,50.50746802,26.13303464,"26.13303464, 50.50746802"
2049.0,ADAM BROASTED & SHAWARMA & PASTRIES,آدم للبروستد والشاورما والمعجنات,RESTAURANTS,مطاعم,TURKISH RESTAURANTS,مطاعم تركية,1206.0,NORTHERN,الشمالية,50.50346183,26.1235359,"26.1235359, 50.50346183"
2050.0,AL SHAMADAN GRILLS,مشويات الشمعدان,RESTAURANTS,مطاعم,OTHER RESTAURANTS,مطاعم أخرى,1218.0,NORTHERN,الشمالية,50.50618906,26.10587998,"26.10587998, 50.50618906"
2051.0,FISHMARKET RESTAURANT,مطعم سوق السمك,RESTAURANTS,مطاعم,SEAFOOD RESTAURANTS,مأكولات بحرية,615.0,SOUTHERN,الجنوبية,50.63392576,26.11443501,"26.11443501, 50.63392576"
2052.0,FAYADH RESTAURANT,مطعم فياض,RESTAURANTS,مطاعم,OTHER RESTAURANTS,مطاعم أخرى,643.0,SOUTHERN,الجنوبية,50.60045991,26.12999074,"26.12999074, 50.60045991"
2053.0,BASKIN ROBBINS,باسكن روبنز,RESTAURANTS,مطاعم,ICE CREAM,أيس كريم,646.0,SOUTHERN,الجنوبية,50.58713846,26.14124336,"26.14124336, 50.58713846"
2054.0,BUNO CAFE,بيونو كافيه,RESTAURANTS,مطاعم,COFFEE SHOPS,مقاهي,646.0,SOUTHERN,الجنوبية,50.58724641,26.1412537,"26.1412537, 50.58724641"
2055.0,CITY PALACE RESTAURANT,مطعم قصر المدينة,RESTAURANTS,مطاعم,OTHER RESTAURANTS,مطاعم أخرى,646.0,SOUTHERN,الجنوبية,50.58935776,26.13459697,"26.13459697, 50.58935776"
2056.0,DAIRY QUEEN,ديري كوين,RESTAURANTS,مطاعم,FAST FOOD RESTAURANTS,وجبات سريعة,646.0,SOUTHERN,الجنوبية,50.58988566,26.12740072,"26.12740072, 50.58988566"
2057.0,ESPRERANZA CAFE,مقهى اسبريرانزا,RESTAURANTS,مطاعم,COFFEE SHOPS,مقاهي,646.0,SOUTHERN,الجنوبية,50.59012011,26.1272206,"26.1272206, 50.59012011"
2058.0,HARDEES,هارديز,RESTAURANTS,مطاعم,FAST FOOD RESTAURANTS,وجبات سريعة,646.0,SOUTHERN,الجنوبية,50.58994963,26.12728159,"26.12728159, 50.58994963"
2059.0,IBN AL ʻAZZ RESTAURANT,مطعم إبن العز,RESTAURANTS,مطاعم,OTHER RESTAURANTS,مطاعم أخرى,646.0,SOUTHERN,الجنوبية,50.58573298,26.13547737,"26.13547737, 50.58573298"
2060.0,KARAMI RESTAURANT,مطعم كرامي,RESTAURANTS,مطاعم,ARABIC RESTAURANTS,مطاعم عربية,646.0,SOUTHERN,الجنوبية,50.58757557,26.14073192,"26.14073192, 50.58757557"
2061.0,KENTUCKY FRIED CHICKEN - KFC,كنتاكي,RESTAURANTS,مطاعم,FAST FOOD RESTAURANTS,وجبات سريعة,646.0,SOUTHERN,الجنوبية,50.59045171,26.12603577,"26.12603577, 50.59045171"
2062.0,LAYALI UMM KALTHOOM COFFEE SHOP,مقهى ليالي أم كلثوم,RESTAURANTS,مطاعم,COFFEE SHOPS,مقاهي,646.0,SOUTHERN,الجنوبية,50.5968781,26.12735858,"26.12735858, 50.5968781"
2063.0,MCDONALD'S,ماكدونالدز,RESTAURANTS,مطاعم,FAST FOOD RESTAURANTS,وجبات سريعة,646.0,SOUTHERN,الجنوبية,50.5903407,26.12597997,"26.12597997, 50.5903407"
2064.0,MOOD RESTAURANT AND CAFE,مطعم ومقهى مود,RESTAURANTS,مطاعم,OTHER RESTAURANTS,مطاعم أخرى,646.0,SOUTHERN,الجنوبية,50.59123086,26.13182912,"26.13182912, 50.59123086"
2065.0,PAPA JOHNS,بابا جونز,RESTAURANTS,مطاعم,PIZZA,بيتزا,646.0,SOUTHERN,الجنوبية,50.59033642,26.12649602,"26.12649602, 50.59033642"
2066.0,PAPA SAEED HEALTHY FOOD,مطعم بابا سعيد للوجبات الصحية,RESTAURANTS,مطاعم,OTHER RESTAURANTS,مطاعم أخرى,646.0,SOUTHERN,الجنوبية,50.58823812,26.13896678,"26.13896678, 50.58823812"
2067.0,PIZZA HUT,بيتزا هت,RESTAURANTS,مطاعم,PIZZA,بيتزا,646.0,SOUTHERN,الجنوبية,50.59033642,26.12649602,"26.12649602, 50.59033642"
2068.0,SHANGRILA CAFE,شانغريلا كافيه,RESTAURANTS,مطاعم,COFFEE SHOPS,مقاهي,646.0,SOUTHERN,الجنوبية,50.58633712,26.13585284,"26.13585284, 50.58633712"
2069.0,SWEET HEART COFFEE SHOP,سويت هارت كوفي شوب,RESTAURANTS,مطاعم,COFFEE SHOPS,مقاهي,646.0,SOUTHERN,الجنوبية,50.58995547,26.12700354,"26.12700354, 50.58995547"
2070.0,BASKIN ROBBINS,باسكن روبنز,RESTAURANTS,مطاعم,ICE CREAM,أيس كريم,718.0,SOUTHERN,الجنوبية,50.54231768,26.16550797,"26.16550797, 50.54231768"
2071.0,BELLA NAPOLI RESTAURANT,مطعم بيلا نابولي,RESTAURANTS,مطاعم,ITALIAN RESTAURANTS,مطاعم إيطالية,718.0,SOUTHERN,الجنوبية,50.54280263,26.16670683,"26.16670683, 50.54280263"
2072.0,COSTA COFFEE,كوستا كوفي,RESTAURANTS,مطاعم,COFFEE SHOPS,مقاهي,718.0,SOUTHERN,الجنوبية,50.54279662,26.16692378,"26.16692378, 50.54279662"
2073.0,DAIRY QUEEN,ديري كوين,RESTAURANTS,مطاعم,FAST FOOD RESTAURANTS,وجبات سريعة,718.0,SOUTHERN,الجنوبية,50.54279037,26.16649135,"26.16649135, 50.54279037"
2074.0,DERBY CAFE,دربي كافيه,RESTAURANTS,مطاعم,COFFEE SHOPS,مقاهي,718.0,SOUTHERN,الجنوبية,50.54238807,26.16578771,"26.16578771, 50.54238807"
2075.0,DERBY JUICES,عصائر دربي,RESTAURANTS,مطاعم,COFFEE SHOPS,مقاهي,718.0,SOUTHERN,الجنوبية,50.54214077,26.16538937,"26.16538937, 50.54214077"
2076.0,HEALTHY BITE,هلثي بايت,RESTAURANTS,مطاعم,OTHER RESTAURANTS,مطاعم أخرى,718.0,SOUTHERN,الجنوبية,50.54242341,26.16690588,"26.16690588, 50.54242341"
2077.0,JASMIS RESTAURANT,مطعم جسميز,RESTAURANTS,مطاعم,FAST FOOD RESTAURANTS,وجبات سريعة,718.0,SOUTHERN,الجنوبية,50.5429311,26.16763675,"26.16763675, 50.5429311"
2078.0,KOJO RESTARAUNT,مطعم كوجو,RESTAURANTS,مطاعم,JAPANESE RESTAURANTS,مطاعم يابانية,718.0,SOUTHERN,الجنوبية,50.54211756,26.16523163,"26.16523163, 50.54211756"
2079.0,NANDOS RESTAURANT,مطعم ناندوز,RESTAURANTS,مطاعم,FAST FOOD RESTAURANTS,وجبات سريعة,718.0,SOUTHERN,الجنوبية,50.54258492,26.16683367,"26.16683367, 50.54258492"
2080.0,NU ASIA,نيو آسيا,RESTAURANTS,مطاعم,CHINESE RESTAURANTS,مطاعم صينية,718.0,SOUTHERN,الجنوبية,50.54258549,26.16670742,"26.16670742, 50.54258549"
2081.0,PARADISE HAVANA COFFEE,مقهى برادايس هافانا,RESTAURANTS,مطاعم,COFFEE SHOPS,مقاهي,718.0,SOUTHERN,الجنوبية,50.5422423,26.16582689,"26.16582689, 50.5422423"
2082.0,PIZZA KING,بيتزا كنج,RESTAURANTS,مطاعم,PIZZA,بيتزا,718.0,SOUTHERN,الجنوبية,50.542341,26.16563705,"26.16563705, 50.542341"
2083.0,TONY ROMA'S,توني روماس,RESTAURANTS,مطاعم,AMERICAN RESTAURANTS,مطاعم أمريكية,718.0,SOUTHERN,الجنوبية,50.54304339,26.16677884,"26.16677884, 50.54304339"
2084.0,3 LINES RESTAURANT,مطعم ثري لاينز,RESTAURANTS,مطاعم,INTERNATIONAL RESTAURANTS,مطاعم عالمية,720.0,SOUTHERN,الجنوبية,50.54165065,26.17006662,"26.17006662, 50.54165065"
2085.0,ALBAIK RESTAURANT,مطعم البيك,RESTAURANTS,مطاعم,FAST FOOD RESTAURANTS,وجبات سريعة,720.0,SOUTHERN,الجنوبية,50.54143349,26.17006653,"26.17006653, 50.54143349"
2086.0,GLORIA JEAN'S COFFEES,جلوريا جينز كوفي,RESTAURANTS,مطاعم,COFFEE SHOPS,مقاهي,720.0,SOUTHERN,الجنوبية,50.54124864,26.16968864,"26.16968864, 50.54124864"
2087.0,MCDONALD'S,ماكدونالدز,RESTAURANTS,مطاعم,FAST FOOD RESTAURANTS,وجبات سريعة,720.0,SOUTHERN,الجنوبية,50.54165145,26.16992285,"26.16992285, 50.54165145"
2088.0,ZAYT ZAYTOON RESTAURANT,مطعم زيت زيتون,RESTAURANTS,مطاعم,LEBANESE RESTAURANTS,مطاعم لبنانية,720.0,SOUTHERN,الجنوبية,50.54089215,26.16945458,"26.16945458, 50.54089215"
2089.0,AMIN RESTAURANT,مطعم أمين,RESTAURANTS,مطاعم,OTHER RESTAURANTS,مطاعم أخرى,806.0,SOUTHERN,الجنوبية,50.54787695,26.1796133,"26.1796133, 50.54787695"
2090.0,ANWAR AL MADINAH RESTAURANT,مطعم أنوار المدينة,RESTAURANTS,مطاعم,OTHER RESTAURANTS,مطاعم أخرى,806.0,SOUTHERN,الجنوبية,50.54464816,26.18400959,"26.18400959, 50.54464816"
2091.0,AL MANGO JUICE,المانجو للعصير,RESTAURANTS,مطاعم,OTHER RESTAURANTS,مطاعم أخرى,809.0,SOUTHERN,الجنوبية,50.55396508,26.16801115,"26.16801115, 50.55396508"
2092.0,BOX IT RESTAURANT,مطعم بوكس إت,RESTAURANTS,مطاعم,FAST FOOD RESTAURANTS,وجبات سريعة,809.0,SOUTHERN,الجنوبية,50.55329176,26.16824318,"26.16824318, 50.55329176"
2093.0,NESTLE TOLL HOUSE CAFE,مقهى نستله تول هاوس,RESTAURANTS,مطاعم,COFFEE SHOPS,مقاهي,809.0,SOUTHERN,الجنوبية,50.55403975,26.16786804,"26.16786804, 50.55403975"
2094.0,AJAITAH RESTAURANT,مطعم أجيتا,RESTAURANTS,مطاعم,OTHER RESTAURANTS,مطاعم أخرى,810.0,SOUTHERN,الجنوبية,50.54665499,26.17232789,"26.17232789, 50.54665499"
2095.0,BASKIN ROBBINS,باسكن روبنز,RESTAURANTS,مطاعم,ICE CREAM,أيس كريم,810.0,SOUTHERN,الجنوبية,50.54712324,26.17218565,"26.17218565, 50.54712324"
2096.0,BU ADEL COFFEE SHOP,كوفي شوب بوعادل,RESTAURANTS,مطاعم,COFFEE SHOPS,مقاهي,810.0,SOUTHERN,الجنوبية,50.54631408,26.17288883,"26.17288883, 50.54631408"
2097.0,CHICKEN NOW RESTAURANT,مطعم جكن ناو,RESTAURANTS,مطاعم,FAST FOOD RESTAURANTS,وجبات سريعة,810.0,SOUTHERN,الجنوبية,50.54824147,26.17182954,"26.17182954, 50.54824147"
2098.0,CORN CORNER CAFE,كافيه ركن الذرة,RESTAURANTS,مطاعم,COFFEE SHOPS,مقاهي,810.0,SOUTHERN,الجنوبية,50.54811962,26.17127703,"26.17127703, 50.54811962"
2099.0,HARDEES,هارديز,RESTAURANTS,مطاعم,FAST FOOD RESTAURANTS,وجبات سريعة,810.0,SOUTHERN,الجنوبية,50.54820763,26.17098987,"26.17098987, 50.54820763"
2100.0,HOL N ONE,هول إن ون,RESTAURANTS,مطاعم,COFFEE SHOPS,مقاهي,810.0,SOUTHERN,الجنوبية,50.54784273,26.17151752,"26.17151752, 50.54784273"
2101.0,HOUSE OF CORN CAFE,كافيه بيت الذرة,RESTAURANTS,مطاعم,COFFEE SHOPS,مقاهي,810.0,SOUTHERN,الجنوبية,50.54836372,26.17188509,"26.17188509, 50.54836372"
2102.0,HUNGRY FISHERMAN RESTAURANT AND CAFE,مطعم ومقهى هنجري فشرمان,RESTAURANTS,مطاعم,COFFEE SHOPS,مقاهي,810.0,SOUTHERN,الجنوبية,50.54795107,26.17157042,"26.17157042, 50.54795107"
2103.0,KRISPY KREME DONUT,كرسبي كريم دونت,RESTAURANTS,مطاعم,COFFEE SHOPS,مقاهي,810.0,SOUTHERN,الجنوبية,50.54806738,26.17161618,"26.17161618, 50.54806738"
2104.0,NAM NAM TERY GRILLS RESTAURANT,مطعم مشويات نم نم تري,RESTAURANTS,مطاعم,OTHER RESTAURANTS,مطاعم أخرى,810.0,SOUTHERN,الجنوبية,50.54638851,26.17250026,"26.17250026, 50.54638851"
2105.0,PAPA JOHNS,بابا جونز,RESTAURANTS,مطاعم,PIZZA,بيتزا,810.0,SOUTHERN,الجنوبية,50.54859567,26.17171308,"26.17171308, 50.54859567"
2106.0,PIZZA HUT,بيتزا هت,RESTAURANTS,مطاعم,PIZZA,بيتزا,810.0,SOUTHERN,الجنوبية,50.54759193,26.17196723,"26.17196723, 50.54759193"
2107.0,VILLA ROSA RESTAURANT,مطعم فيلا روزا,RESTAURANTS,مطاعم,ITALIAN RESTAURANTS,مطاعم إيطالية,810.0,SOUTHERN,الجنوبية,50.54817289,26.17118444,"26.17118444, 50.54817289"
2108.0,AL AHALI SANDWICHES,سندويشات الأهالي,RESTAURANTS,مطاعم,ARABIC RESTAURANTS,مطاعم عربية,812.0,SOUTHERN,الجنوبية,50.55508397,26.17603895,"26.17603895, 50.55508397"
2109.0,AL SABAH PASTRIES,معجنات الصباح,RESTAURANTS,مطاعم,ARABIC RESTAURANTS,مطاعم عربية,812.0,SOUTHERN,الجنوبية,50.55859678,26.17145625,"26.17145625, 50.55859678"
2110.0,BASKIN ROBBINS,باسكن روبنز,RESTAURANTS,مطاعم,ICE CREAM,أيس كريم,812.0,SOUTHERN,الجنوبية,50.55815634,26.17097293,"26.17097293, 50.55815634"
2111.0,DOMINO'S PIZZA,دومينوز بيتزا,RESTAURANTS,مطاعم,PIZZA,بيتزا,812.0,SOUTHERN,الجنوبية,50.55199145,26.16915704,"26.16915704, 50.55199145"
2112.0,FISH ISLAND RESTAURANT,مطعم جزيرة السمك,RESTAURANTS,مطاعم,SEAFOOD RESTAURANTS,مأكولات بحرية,812.0,SOUTHERN,الجنوبية,50.55911585,26.17234087,"26.17234087, 50.55911585"
2113.0,HASAN ABUL GRILLS,مشويات حسن أبل,RESTAURANTS,مطاعم,ARABIC RESTAURANTS,مطاعم عربية,812.0,SOUTHERN,الجنوبية,50.55903202,26.17196237,"26.17196237, 50.55903202"
2114.0,ISFAHANI RESTAURANT,مطعم أصفهاني,RESTAURANTS,مطاعم,IRANIAN RESTAURANTS,مطاعم إيرانية,812.0,SOUTHERN,الجنوبية,50.55031721,26.16963965,"26.16963965, 50.55031721"
2115.0,JAN BURGER,جان برجر,RESTAURANTS,مطاعم,FAST FOOD RESTAURANTS,وجبات سريعة,812.0,SOUTHERN,الجنوبية,50.55522113,26.17591437,"26.17591437, 50.55522113"
2116.0,MESHMESH JUICES,عصائر مشمش,RESTAURANTS,مطاعم,OTHER RESTAURANTS,مطاعم أخرى,812.0,SOUTHERN,الجنوبية,50.55944545,26.17291315,"26.17291315, 50.55944545"
2117.0,MILAN EXPRESS,ميلان إكسبرس,RESTAURANTS,مطاعم,OTHER RESTAURANTS,مطاعم أخرى,812.0,SOUTHERN,الجنوبية,50.5543006,26.17648769,"26.17648769, 50.5543006"
2118.0,POPEYE PASTRIES,معجنات بباي,RESTAURANTS,مطاعم,ARABIC RESTAURANTS,مطاعم عربية,812.0,SOUTHERN,الجنوبية,50.5539078,26.17683626,"26.17683626, 50.5539078"
2119.0,SAMIR PASTRIES,معجنات سمير,RESTAURANTS,مطاعم,ARABIC RESTAURANTS,مطاعم عربية,812.0,SOUTHERN,الجنوبية,50.55498778,26.17611807,"26.17611807, 50.55498778"
2120.0,SAWSAN RESTAURANT,مطعم سوسن,RESTAURANTS,مطاعم,OTHER RESTAURANTS,مطاعم أخرى,812.0,SOUTHERN,الجنوبية,50.55360604,26.1771493,"26.1771493, 50.55360604"
2121.0,BIN HAMADA CAFETERIA,كافتيريا بن حماده,RESTAURANTS,مطاعم,OTHER RESTAURANTS,مطاعم أخرى,813.0,SOUTHERN,الجنوبية,50.55693358,26.1661724,"26.1661724, 50.55693358"
2122.0,KANOON GRILLS,مشويات كانون,RESTAURANTS,مطاعم,ARABIC RESTAURANTS,مطاعم عربية,813.0,SOUTHERN,الجنوبية,50.55688387,26.16619016,"26.16619016, 50.55688387"
2123.0,ABU ALFALAFIL SANDWICHES,سندويشات أبو الفلافل,RESTAURANTS,مطاعم,ARABIC RESTAURANTS,مطاعم عربية,814.0,SOUTHERN,الجنوبية,50.55913007,26.17160962,"26.17160962, 50.55913007"
2124.0,AL AHALI SANDWICHES,سندويشات الأهالي,RESTAURANTS,مطاعم,ARABIC RESTAURANTS,مطاعم عربية,814.0,SOUTHERN,الجنوبية,50.55769332,26.16839623,"26.16839623, 50.55769332"
2125.0,AL AHRAM COFFEE SHOP,مقهى الأهرام,RESTAURANTS,مطاعم,COFFEE SHOPS,مقاهي,814.0,SOUTHERN,الجنوبية,50.56243716,26.16638968,"26.16638968, 50.56243716"
2126.0,AL SAAFA RESTAURANT AND GRILLS,مطعم ومشويات السعفة,RESTAURANTS,مطاعم,LEBANESE RESTAURANTS,مطاعم لبنانية,814.0,SOUTHERN,الجنوبية,50.56111554,26.17193599,"26.17193599, 50.56111554"
2127.0,AL ZAEEM CAFE,كافيه الزعيم,RESTAURANTS,مطاعم,COFFEE SHOPS,مقاهي,814.0,SOUTHERN,الجنوبية,50.56307403,26.1663327,"26.1663327, 50.56307403"
2128.0,ALSAHA RESTAURANT,مطعم الساحة,RESTAURANTS,مطاعم,ARABIC RESTAURANTS,مطاعم عربية,814.0,SOUTHERN,الجنوبية,50.55935086,26.17162605,"26.17162605, 50.55935086"
2129.0,BREER RESTAURANT,مطعم برير,RESTAURANTS,مطاعم,OTHER RESTAURANTS,مطاعم أخرى,814.0,SOUTHERN,الجنوبية,50.5598669,26.17258019,"26.17258019, 50.5598669"
2130.0,MUHAMMAD NOOR BUKHARI RESTAURANT,مطعم محمد نور بخاري,RESTAURANTS,مطاعم,ARABIC RESTAURANTS,مطاعم عربية,814.0,SOUTHERN,الجنوبية,50.55746531,26.16848512,"26.16848512, 50.55746531"
2131.0,PASTA EXPRESS,باستا إكسبرس,RESTAURANTS,مطاعم,ITALIAN RESTAURANTS,مطاعم إيطالية,814.0,SOUTHERN,الجنوبية,50.56488543,26.16894746,"26.16894746, 50.56488543"
2132.0,RANOOSH RESTAURANT,مطعم رنوش,RESTAURANTS,مطاعم,ARABIC RESTAURANTS,مطاعم عربية,814.0,SOUTHERN,الجنوبية,50.55900681,26.171464,"26.171464, 50.55900681"
2133.0,ALBASMA RESTAURANT,مطعم بسمة,RESTAURANTS,مطاعم,OTHER RESTAURANTS,مطاعم أخرى,901.0,SOUTHERN,الجنوبية,50.56596454,26.12160193,"26.12160193, 50.56596454"
2134.0,LE CHOCOLAT CAFE & RESTAURANT,مقهى ومطعم لو شوكولا,RESTAURANTS,مطاعم,COFFEE SHOPS,مقاهي,901.0,SOUTHERN,الجنوبية,50.56140174,26.12507238,"26.12507238, 50.56140174"
2135.0,DHAHIYAT AL GHARBI RESTAURANT,مطعم ضاحية الغربي,RESTAURANTS,مطاعم,OTHER RESTAURANTS,مطاعم أخرى,902.0,SOUTHERN,الجنوبية,50.543634,26.12655044,"26.12655044, 50.543634"
2136.0,LAYALI AL RIFFA RESTAURANT,مطعم ليالي الرفاع,RESTAURANTS,مطاعم,OTHER RESTAURANTS,مطاعم أخرى,902.0,SOUTHERN,الجنوبية,50.54363424,26.12648682,"26.12648682, 50.54363424"
2137.0,SIT AL SHAM RESTAURANT,مطعم ست الشام,RESTAURANTS,مطاعم,ARABIC RESTAURANTS,مطاعم عربية,902.0,SOUTHERN,الجنوبية,50.54371139,26.12559504,"26.12559504, 50.54371139"
2138.0,AL KHARTOM RESTAURANT,مطعم الخرطوم,RESTAURANTS,مطاعم,OTHER RESTAURANTS,مطاعم أخرى,903.0,SOUTHERN,الجنوبية,50.56732885,26.11887345,"26.11887345, 50.56732885"
2139.0,AL SUWAIFIYA RESTAURANT,مطعم السويفية,RESTAURANTS,مطاعم,OTHER RESTAURANTS,مطاعم أخرى,903.0,SOUTHERN,الجنوبية,50.56718492,26.11866841,"26.11866841, 50.56718492"
2140.0,AL MAHZORA RESTAURANT,مطعم محزورة,RESTAURANTS,مطاعم,OTHER RESTAURANTS,مطاعم أخرى,904.0,SOUTHERN,الجنوبية,50.54113958,26.1274477,"26.1274477, 50.54113958"
2141.0,ARABELLA CATERING,أرابيلا للتموين الخارجي,RESTAURANTS,مطاعم,OTHER RESTAURANTS,مطاعم أخرى,904.0,SOUTHERN,الجنوبية,50.54129822,26.12894282,"26.12894282, 50.54129822"
2142.0,BASKIN ROBBINS,باسكن روبنز,RESTAURANTS,مطاعم,ICE CREAM,أيس كريم,904.0,SOUTHERN,الجنوبية,50.54131006,26.12873735,"26.12873735, 50.54131006"
2143.0,BURGER BOUTIQUE RESTAURANT,مطعم برجر بوتيك,RESTAURANTS,مطاعم,FAST FOOD RESTAURANTS,وجبات سريعة,904.0,SOUTHERN,الجنوبية,50.54130806,26.12865204,"26.12865204, 50.54130806"
2144.0,2006 RESTAURANT,مطعم 2006,RESTAURANTS,مطاعم,OTHER RESTAURANTS,مطاعم أخرى,905.0,SOUTHERN,الجنوبية,50.56806969,26.12003426,"26.12003426, 50.56806969"
2145.0,AFRAH AL KHALEEJI RESTAURANT,مطعم أفراح الخليجي,RESTAURANTS,مطاعم,OTHER RESTAURANTS,مطاعم أخرى,905.0,SOUTHERN,الجنوبية,50.56941216,26.11954444,"26.11954444, 50.56941216"
2146.0,AL AWANI RESTAURANT,مطعم الأواني,RESTAURANTS,مطاعم,OTHER RESTAURANTS,مطاعم أخرى,905.0,SOUTHERN,الجنوبية,50.56962334,26.12023809,"26.12023809, 50.56962334"
2147.0,AL DAFNAH RESTAURANT,مطعم الدفنه,RESTAURANTS,مطاعم,OTHER RESTAURANTS,مطاعم أخرى,905.0,SOUTHERN,الجنوبية,50.56815028,26.12006291,"26.12006291, 50.56815028"
2148.0,AL ERSHAD RESTAURANT,مطعم الإرشاد,RESTAURANTS,مطاعم,OTHER RESTAURANTS,مطاعم أخرى,905.0,SOUTHERN,الجنوبية,50.56745779,26.12134714,"26.12134714, 50.56745779"
2149.0,AL HASHEL RESTAURANT,مطعم الهاشل,RESTAURANTS,مطاعم,OTHER RESTAURANTS,مطاعم أخرى,905.0,SOUTHERN,الجنوبية,50.56620751,26.12371604,"26.12371604, 50.56620751"
2150.0,AL RAQI RESTAURANT,مطعم الراقي,RESTAURANTS,مطاعم,OTHER RESTAURANTS,مطاعم أخرى,905.0,SOUTHERN,الجنوبية,50.567508,26.12222358,"26.12222358, 50.567508"
2151.0,AL SHAWOOSH RESTAURANT,مطعم الشاووش,RESTAURANTS,مطاعم,OTHER RESTAURANTS,مطاعم أخرى,905.0,SOUTHERN,الجنوبية,50.56799705,26.12000617,"26.12000617, 50.56799705"
2152.0,AL WATANI RESTAURANT,مطعم الوطني,RESTAURANTS,مطاعم,OTHER RESTAURANTS,مطاعم أخرى,905.0,SOUTHERN,الجنوبية,50.56684511,26.1223684,"26.1223684, 50.56684511"
2153.0,KABANA RESTAURANT,مطعم كبانا,RESTAURANTS,مطاعم,OTHER RESTAURANTS,مطاعم أخرى,905.0,SOUTHERN,الجنوبية,50.56826831,26.120827,"26.120827, 50.56826831"
2154.0,KUNG FU RESTAURANT,مطعم كنغ فو,RESTAURANTS,مطاعم,OTHER RESTAURANTS,مطاعم أخرى,905.0,SOUTHERN,الجنوبية,50.57306778,26.12145229,"26.12145229, 50.57306778"
2155.0,PARADISE CORNER,زاوية الفردوس,RESTAURANTS,مطاعم,INTERNATIONAL RESTAURANTS,مطاعم عالمية,905.0,SOUTHERN,الجنوبية,50.56822274,26.11967899,"26.11967899, 50.56822274"
2156.0,WAHAT ALJAMBO RESTAURANT,مطعم واحة الجامبو,RESTAURANTS,مطاعم,OTHER RESTAURANTS,مطاعم أخرى,905.0,SOUTHERN,الجنوبية,50.56672915,26.12171804,"26.12171804, 50.56672915"
2157.0,AL JAWHARAH RESTAURANT,مطعم الجوهرة,RESTAURANTS,مطاعم,LEBANESE RESTAURANTS,مطاعم لبنانية,907.0,SOUTHERN,الجنوبية,50.57263498,26.11616508,"26.11616508, 50.57263498"
2158.0,AL QADISIYAH RESTAURANT,مطعم القادسية,RESTAURANTS,مطاعم,OTHER RESTAURANTS,مطاعم أخرى,907.0,SOUTHERN,الجنوبية,50.56945038,26.11809712,"26.11809712, 50.56945038"
2159.0,CHIC KING INTERNATIONAL RESTAURANT,مطعم الملك الأنيق العالمي,RESTAURANTS,مطاعم,OTHER RESTAURANTS,مطاعم أخرى,907.0,SOUTHERN,الجنوبية,50.57560728,26.11659031,"26.11659031, 50.57560728"
2160.0,LIFE LAND RESTAURANT,مطعم أرض الحياة,RESTAURANTS,مطاعم,OTHER RESTAURANTS,مطاعم أخرى,907.0,SOUTHERN,الجنوبية,50.57405714,26.11560238,"26.11560238, 50.57405714"
2161.0,SULTAN AL SHAM RESTAURANT,مطعم سلطان الشام,RESTAURANTS,مطاعم,LEBANESE RESTAURANTS,مطاعم لبنانية,907.0,SOUTHERN,الجنوبية,50.57396357,26.11561927,"26.11561927, 50.57396357"
2162.0,INTERNATIONAL TASTE RESTAURANT,مطعم الذوق الدولي,RESTAURANTS,مطاعم,OTHER RESTAURANTS,مطاعم أخرى,908.0,SOUTHERN,الجنوبية,50.53963837,26.12165801,"26.12165801, 50.53963837"
2163.0,ALSAMRY COFFEE SHOP & CAFETERIA,مقهى وكافتيريا السامري الشعبي,RESTAURANTS,مطاعم,COFFEE SHOPS,مقاهي,909.0,SOUTHERN,الجنوبية,50.57435544,26.11520229,"26.11520229, 50.57435544"
2164.0,FRANCE BURGER RESTAURANT,مطعم فرنس برجر,RESTAURANTS,مطاعم,FAST FOOD RESTAURANTS,وجبات سريعة,909.0,SOUTHERN,الجنوبية,50.57351695,26.11548364,"26.11548364, 50.57351695"
2165.0,SEASHELL GATE RESTAURANT,مطعم بوابة سيشل,RESTAURANTS,مطاعم,OTHER RESTAURANTS,مطاعم أخرى,909.0,SOUTHERN,الجنوبية,50.57366886,26.11544428,"26.11544428, 50.57366886"
2166.0,JASMIS RESTAURANT,مطعم جسميز,RESTAURANTS,مطاعم,FAST FOOD RESTAURANTS,وجبات سريعة,910.0,SOUTHERN,الجنوبية,50.54352168,26.12396614,"26.12396614, 50.54352168"
2167.0,RIFFA MALL CAFE,رفاع مول كافيه,RESTAURANTS,مطاعم,COFFEE SHOPS,مقاهي,910.0,SOUTHERN,الجنوبية,50.54210244,26.12217752,"26.12217752, 50.54210244"
2168.0,ABUL QASIMI RESTAURANT,مطعم أبل قاسمي,RESTAURANTS,مطاعم,ARABIC RESTAURANTS,مطاعم عربية,911.0,SOUTHERN,الجنوبية,50.57559551,26.11474541,"26.11474541, 50.57559551"
2169.0,AL AHALI SANDWICHES,سندويشات الأهالي,RESTAURANTS,مطاعم,ARABIC RESTAURANTS,مطاعم عربية,911.0,SOUTHERN,الجنوبية,50.57620786,26.11427312,"26.11427312, 50.57620786"
2170.0,HAYAN RESTAURANT,مطعم حيان,RESTAURANTS,مطاعم,ARABIC RESTAURANTS,مطاعم عربية,911.0,SOUTHERN,الجنوبية,50.57849673,26.11961385,"26.11961385, 50.57849673"
2171.0,LAYALI AL BADER RESTAURANT,مطعم ليالي البدر,RESTAURANTS,مطاعم,ARABIC RESTAURANTS,مطاعم عربية,911.0,SOUTHERN,الجنوبية,50.57694418,26.11370798,"26.11370798, 50.57694418"
2172.0,NEW ALABUL GRILLS,مشويات الأبل الجديدة,RESTAURANTS,مطاعم,ARABIC RESTAURANTS,مطاعم عربية,911.0,SOUTHERN,الجنوبية,50.57578973,26.11460787,"26.11460787, 50.57578973"
2173.0,ALSAʻAH RESTAURANT,مطعم الساعة,RESTAURANTS,مطاعم,OTHER RESTAURANTS,مطاعم أخرى,912.0,SOUTHERN,الجنوبية,50.55066231,26.12886188,"26.12886188, 50.55066231"
2174.0,ASWAR RESTAURANT,مطعم أسوار,RESTAURANTS,مطاعم,OTHER RESTAURANTS,مطاعم أخرى,912.0,SOUTHERN,الجنوبية,50.54976646,26.12797743,"26.12797743, 50.54976646"
2175.0,BURGER LAND,برجر لاند,RESTAURANTS,مطاعم,ARABIC RESTAURANTS,مطاعم عربية,912.0,SOUTHERN,الجنوبية,50.54487223,26.13096126,"26.13096126, 50.54487223"
2176.0,BURGER STATION,برجر ستيشن,RESTAURANTS,مطاعم,FAST FOOD RESTAURANTS,وجبات سريعة,912.0,SOUTHERN,الجنوبية,50.54362232,26.12865403,"26.12865403, 50.54362232"
2177.0,LEZZETLI RESTAURANT,مطعم ليزيتلي,RESTAURANTS,مطاعم,OTHER RESTAURANTS,مطاعم أخرى,912.0,SOUTHERN,الجنوبية,50.54358715,26.12886441,"26.12886441, 50.54358715"
2178.0,MALEK AL MAJBOUS RESTAURANT,مطعم ملك المجبوس,RESTAURANTS,مطاعم,ARABIC RESTAURANTS,مطاعم عربية,912.0,SOUTHERN,الجنوبية,50.54364089,26.12814824,"26.12814824, 50.54364089"
2179.0,MASHMOOM RESTAURANT,مطعم مشموم,RESTAURANTS,مطاعم,OTHER RESTAURANTS,مطاعم أخرى,912.0,SOUTHERN,الجنوبية,50.54349408,26.13027452,"26.13027452, 50.54349408"
2180.0,SANTA LUCIA RESTAURANT,مطعم سانتا لوسيا,RESTAURANTS,مطاعم,FAST FOOD RESTAURANTS,وجبات سريعة,912.0,SOUTHERN,الجنوبية,50.5432989,26.13008391,"26.13008391, 50.5432989"
2181.0,TEST THE BEST SANDWICHES,تست ذا بست سندويشيز,RESTAURANTS,مطاعم,FAST FOOD RESTAURANTS,وجبات سريعة,912.0,SOUTHERN,الجنوبية,50.54360791,26.12874023,"26.12874023, 50.54360791"
2182.0,TGAHWA COFFEE SHOP,تقهوى كوفي شوب,RESTAURANTS,مطاعم,COFFEE SHOPS,مقاهي,912.0,SOUTHERN,الجنوبية,50.54838666,26.12978595,"26.12978595, 50.54838666"
2183.0,VIA CAFE,فيا كافيه,RESTAURANTS,مطاعم,COFFEE SHOPS,مقاهي,912.0,SOUTHERN,الجنوبية,50.54520624,26.13091724,"26.13091724, 50.54520624"
2184.0,3 LINES RESTAURANT,مطعم ثري لاينز,RESTAURANTS,مطاعم,FAST FOOD RESTAURANTS,وجبات سريعة,913.0,SOUTHERN,الجنوبية,50.55730082,26.13025386,"26.13025386, 50.55730082"
2185.0,A PIECE OF CAKE,قطعة من الكعك,RESTAURANTS,مطاعم,COFFEE SHOPS,مقاهي,913.0,SOUTHERN,الجنوبية,50.55551124,26.12909168,"26.12909168, 50.55551124"
2186.0,BABA DONER RESTAURANT,مطعم بابا دونر,RESTAURANTS,مطاعم,FAST FOOD RESTAURANTS,وجبات سريعة,913.0,SOUTHERN,الجنوبية,50.55500927,26.12905109,"26.12905109, 50.55500927"
2187.0,BAIT AL DONUT‎‏,بيت الدونت,RESTAURANTS,مطاعم,COFFEE SHOPS,مقاهي,913.0,SOUTHERN,الجنوبية,50.55896951,26.13066772,"26.13066772, 50.55896951"
2188.0,BANOOSH AL KHAIR SEAFOOD RESTAURANT,مطعم بانوش الخير للمأكولات البحرية,RESTAURANTS,مطاعم,SEAFOOD RESTAURANTS,مأكولات بحرية,913.0,SOUTHERN,الجنوبية,50.55777572,26.13249542,"26.13249542, 50.55777572"
2189.0,BASKIN ROBBINS,باسكن روبنز,RESTAURANTS,مطاعم,ICE CREAM,أيس كريم,913.0,SOUTHERN,الجنوبية,50.55881515,26.1308624,"26.1308624, 50.55881515"
2190.0,BASKIN ROBBINS,باسكن روبنز,RESTAURANTS,مطاعم,ICE CREAM,أيس كريم,913.0,SOUTHERN,الجنوبية,50.55673232,26.13491953,"26.13491953, 50.55673232"
2191.0,BASKIN ROBBINS,باسكن روبنز,RESTAURANTS,مطاعم,ICE CREAM,أيس كريم,913.0,SOUTHERN,الجنوبية,50.55896532,26.13092133,"26.13092133, 50.55896532"
2192.0,BURGER LINE,برجر لاين,RESTAURANTS,مطاعم,FAST FOOD RESTAURANTS,وجبات سريعة,913.0,SOUTHERN,الجنوبية,50.56017794,26.1314402,"26.1314402, 50.56017794"
2193.0,BURGER ZONE,برجر زون,RESTAURANTS,مطاعم,FAST FOOD RESTAURANTS,وجبات سريعة,913.0,SOUTHERN,الجنوبية,50.55811992,26.1328778,"26.1328778, 50.55811992"
2194.0,DAR BU SALEH RESTAURANT,مطعم دار بو صالح,RESTAURANTS,مطاعم,ARABIC RESTAURANTS,مطاعم عربية,913.0,SOUTHERN,الجنوبية,50.55946461,26.13140879,"26.13140879, 50.55946461"
2195.0,DOMINO'S PIZZA,دومينوز بيتزا,RESTAURANTS,مطاعم,PIZZA,بيتزا,913.0,SOUTHERN,الجنوبية,50.5592937,26.13107053,"26.13107053, 50.5592937"
2196.0,GOLDEN DOUCH,العجينة الذهبية,RESTAURANTS,مطاعم,ARABIC RESTAURANTS,مطاعم عربية,913.0,SOUTHERN,الجنوبية,50.55913114,26.13071597,"26.13071597, 50.55913114"
2197.0,HOL N ONE,هول إن ون,RESTAURANTS,مطاعم,COFFEE SHOPS,مقاهي,913.0,SOUTHERN,الجنوبية,50.55902873,26.13069264,"26.13069264, 50.55902873"
2198.0,JAN BURGER,جان برجر,RESTAURANTS,مطاعم,FAST FOOD RESTAURANTS,وجبات سريعة,913.0,SOUTHERN,الجنوبية,50.55813083,26.13032129,"26.13032129, 50.55813083"
2199.0,KENTUCKY FRIED CHICKEN - KFC,كنتاكي,RESTAURANTS,مطاعم,FAST FOOD RESTAURANTS,وجبات سريعة,913.0,SOUTHERN,الجنوبية,50.55874683,26.13083376,"26.13083376, 50.55874683"
2200.0,LEBANESE RESTAURANT,المطعم اللبناني,RESTAURANTS,مطاعم,LEBANESE RESTAURANTS,مطاعم لبنانية,913.0,SOUTHERN,الجنوبية,50.56084679,26.13320941,"26.13320941, 50.56084679"
2201.0,MALAYSIA EXPRESS CAFETERIA,كافتيريا ماليزيا إكسبرس,RESTAURANTS,مطاعم,OTHER RESTAURANTS,مطاعم أخرى,913.0,SOUTHERN,الجنوبية,50.56107042,26.13178178,"26.13178178, 50.56107042"
2202.0,MOROOSH GRILLS,مشويات مروش,RESTAURANTS,مطاعم,LEBANESE RESTAURANTS,مطاعم لبنانية,913.0,SOUTHERN,الجنوبية,50.55866405,26.1308009,"26.1308009, 50.55866405"
2203.0,MUHAMMAD NOOR BUKHARI RESTAURANT,مطعم محمد نور بخاري,RESTAURANTS,مطاعم,ARABIC RESTAURANTS,مطاعم عربية,913.0,SOUTHERN,الجنوبية,50.55719698,26.13019105,"26.13019105, 50.55719698"
2204.0,MY PASTRIES RESTAURANT,مطعم معجناتي,RESTAURANTS,مطاعم,ARABIC RESTAURANTS,مطاعم عربية,913.0,SOUTHERN,الجنوبية,50.55400249,26.13258019,"26.13258019, 50.55400249"
2205.0,NADHMI PASTRIES & GRILLS,مشويات ومعجنات نظمي,RESTAURANTS,مطاعم,OTHER RESTAURANTS,مطاعم أخرى,913.0,SOUTHERN,الجنوبية,50.55830474,26.13292874,"26.13292874, 50.55830474"
2206.0,SUBWAY,سب واي,RESTAURANTS,مطاعم,OTHER RESTAURANTS,مطاعم أخرى,913.0,SOUTHERN,الجنوبية,50.55879052,26.13059525,"26.13059525, 50.55879052"
2207.0,ACROPOLIS RESTAURANT AND CAFE,مطعم ومقهى الأكروبوليس,RESTAURANTS,مطاعم,OTHER RESTAURANTS,مطاعم أخرى,914.0,SOUTHERN,الجنوبية,50.54984778,26.13371103,"26.13371103, 50.54984778"
2208.0,AGORA RESTAURANT,مطعم أجورا,RESTAURANTS,مطاعم,OTHER RESTAURANTS,مطاعم أخرى,914.0,SOUTHERN,الجنوبية,50.54922458,26.13361062,"26.13361062, 50.54922458"
2209.0,AL BEDAR RESTAURANT,مطعم البيدار,RESTAURANTS,مطاعم,OTHER RESTAURANTS,مطاعم أخرى,914.0,SOUTHERN,الجنوبية,50.55445689,26.12972829,"26.12972829, 50.55445689"
2210.0,AL MIDAR SEAFOOD RESTAURANT,الميدار للمأكولات البحرية,RESTAURANTS,مطاعم,SEAFOOD RESTAURANTS,مأكولات بحرية,914.0,SOUTHERN,الجنوبية,50.55101283,26.13413031,"26.13413031, 50.55101283"
2211.0,AL YAZWAH TRADITIONAL FOOD,اليزوة للمأكولات الشعبية,RESTAURANTS,مطاعم,BAHRAINI RESTAURANTS,مطاعم بحرينية,914.0,SOUTHERN,الجنوبية,50.55108476,26.13413881,"26.13413881, 50.55108476"
2212.0,AL ZAJIL INTERNATIONL RESTAURANT,مطعم الزاجل الدولي,RESTAURANTS,مطاعم,OTHER RESTAURANTS,مطاعم أخرى,914.0,SOUTHERN,الجنوبية,50.55394886,26.1307789,"26.1307789, 50.55394886"
2213.0,BIG APPLE COFFEE,بيج أبل كوفي,RESTAURANTS,مطاعم,COFFEE SHOPS,مقاهي,914.0,SOUTHERN,الجنوبية,50.55060735,26.13404297,"26.13404297, 50.55060735"
2214.0,CHICKEYS RESTAURANT,مطعم شكيز,RESTAURANTS,مطاعم,FAST FOOD RESTAURANTS,وجبات سريعة,914.0,SOUTHERN,الجنوبية,50.55347939,26.13181564,"26.13181564, 50.55347939"
2215.0,COSTA COFFEE,كوستا كوفي,RESTAURANTS,مطاعم,COFFEE SHOPS,مقاهي,914.0,SOUTHERN,الجنوبية,50.54865299,26.13378386,"26.13378386, 50.54865299"
2216.0,KABAB CHEF RESTAURANT,مطعم الشيف كباب,RESTAURANTS,مطاعم,OTHER RESTAURANTS,مطاعم أخرى,914.0,SOUTHERN,الجنوبية,50.55275803,26.13218805,"26.13218805, 50.55275803"
2217.0,KUDU,كودو,RESTAURANTS,مطاعم,FAST FOOD RESTAURANTS,وجبات سريعة,914.0,SOUTHERN,الجنوبية,50.55288942,26.13219986,"26.13219986, 50.55288942"
2218.0,LITTLE CAESARS RESTAURANT,مطعم لتل سيزر,RESTAURANTS,مطاعم,PIZZA,بيتزا,914.0,SOUTHERN,الجنوبية,50.55340425,26.13196606,"26.13196606, 50.55340425"
2219.0,MASHTAN CAFETERIA,كافتيريا مشتان,RESTAURANTS,مطاعم,OTHER RESTAURANTS,مطاعم أخرى,914.0,SOUTHERN,الجنوبية,50.55252887,26.13428894,"26.13428894, 50.55252887"
2220.0,PASTA EXPRESS,باستا إكسبرس,RESTAURANTS,مطاعم,ITALIAN RESTAURANTS,مطاعم إيطالية,914.0,SOUTHERN,الجنوبية,50.54985286,26.13400632,"26.13400632, 50.54985286"
2221.0,PETALO CAFE,بيتالو كافيه,RESTAURANTS,مطاعم,COFFEE SHOPS,مقاهي,914.0,SOUTHERN,الجنوبية,50.54984015,26.13384511,"26.13384511, 50.54984015"
2222.0,SAMEEH PASTRIES,معجنات سميح,RESTAURANTS,مطاعم,ARABIC RESTAURANTS,مطاعم عربية,914.0,SOUTHERN,الجنوبية,50.55279621,26.13432984,"26.13432984, 50.55279621"
2223.0,SO SWEET COFFEE SHOP,مقهى سو سويت,RESTAURANTS,مطاعم,COFFEE SHOPS,مقاهي,914.0,SOUTHERN,الجنوبية,50.55375974,26.13393065,"26.13393065, 50.55375974"
2224.0,STICK HOUSE ICE CREAM,آيس كريم ستك هاوس,RESTAURANTS,مطاعم,ICE CREAM,أيس كريم,914.0,SOUTHERN,الجنوبية,50.55024496,26.13402479,"26.13402479, 50.55024496"
2225.0,SUPREMO PIZZA AND PASTA,بيتزا وباستا سوبريمو,RESTAURANTS,مطاعم,PIZZA,بيتزا,914.0,SOUTHERN,الجنوبية,50.55118011,26.13415007,"26.13415007, 50.55118011"
2226.0,TERMINAL TRANSIT BURGER,تيرمينال ترانست برجر,RESTAURANTS,مطاعم,FAST FOOD RESTAURANTS,وجبات سريعة,914.0,SOUTHERN,الجنوبية,50.55086758,26.13411315,"26.13411315, 50.55086758"
2227.0,WALAYIM AL MAJALIS AL SHARQIYAH RESTAURANT,مطعم ولائم المجالس الشرقية,RESTAURANTS,مطاعم,ARABIC RESTAURANTS,مطاعم عربية,914.0,SOUTHERN,الجنوبية,50.55293093,26.13434962,"26.13434962, 50.55293093"
2228.0,BAIT AL DAR RESTAURANT,مطعم بيت الدار,RESTAURANTS,مطاعم,ARABIC RESTAURANTS,مطاعم عربية,915.0,SOUTHERN,الجنوبية,50.55963417,26.13639972,"26.13639972, 50.55963417"
2229.0,BIG SMOKE BURGER RESTAURANT,مطعم بيج سموك برجر,RESTAURANTS,مطاعم,FAST FOOD RESTAURANTS,وجبات سريعة,915.0,SOUTHERN,الجنوبية,50.55932213,26.13576376,"26.13576376, 50.55932213"
2230.0,FARAH SANDWICHES,فرح للسندويشات,RESTAURANTS,مطاعم,FAST FOOD RESTAURANTS,وجبات سريعة,915.0,SOUTHERN,الجنوبية,50.55566801,26.13508266,"26.13508266, 50.55566801"
2231.0,FAUCHON PARIS CAFE,مقهى فوشون باريس,RESTAURANTS,مطاعم,COFFEE SHOPS,مقاهي,915.0,SOUTHERN,الجنوبية,50.55969973,26.13627951,"26.13627951, 50.55969973"
2232.0,HEALTHY CALORIE RESTAURANT,مطعم هلثي كالوري,RESTAURANTS,مطاعم,OTHER RESTAURANTS,مطاعم أخرى,915.0,SOUTHERN,الجنوبية,50.55747938,26.13632758,"26.13632758, 50.55747938"
2233.0,MILLIONS OF MILKSHAKES,ميليونز أوف ميلك شيك,RESTAURANTS,مطاعم,OTHER RESTAURANTS,مطاعم أخرى,915.0,SOUTHERN,الجنوبية,50.55953639,26.13579595,"26.13579595, 50.55953639"
2234.0,NEW YORK COFFEE,نيويورك كوفي,RESTAURANTS,مطاعم,COFFEE SHOPS,مقاهي,915.0,SOUTHERN,الجنوبية,50.55924033,26.13621917,"26.13621917, 50.55924033"
2235.0,PAPPA ROTI CAFE,مقهى بابا روتي,RESTAURANTS,مطاعم,COFFEE SHOPS,مقاهي,915.0,SOUTHERN,الجنوبية,50.55963549,26.1360471,"26.1360471, 50.55963549"
2236.0,STARBUCKS,ستاربكس,RESTAURANTS,مطاعم,COFFEE SHOPS,مقاهي,915.0,SOUTHERN,الجنوبية,50.55947709,26.13678913,"26.13678913, 50.55947709"
2237.0,TEA CLUB,نادي الشاي,RESTAURANTS,مطاعم,COFFEE SHOPS,مقاهي,915.0,SOUTHERN,الجنوبية,50.55921858,26.136372,"26.136372, 50.55921858"
2238.0,AZMIR TURKESH PASTRIES & SHAWARMA,معجنات وشوارما أزمير تركيا,RESTAURANTS,مطاعم,ARABIC RESTAURANTS,مطاعم عربية,917.0,SOUTHERN,الجنوبية,50.56601977,26.12886357,"26.12886357, 50.56601977"
2239.0,MAGICAL CHICKEN RESTAURANT,مطعم الدجاجة الساحرة,RESTAURANTS,مطاعم,OTHER RESTAURANTS,مطاعم أخرى,917.0,SOUTHERN,الجنوبية,50.56579867,26.12943278,"26.12943278, 50.56579867"
2240.0,ART CAFE,مقهى آرت,RESTAURANTS,مطاعم,COFFEE SHOPS,مقاهي,923.0,SOUTHERN,الجنوبية,50.5671854,26.136956,"26.136956, 50.5671854"
2241.0,BASKIN ROBBINS,باسكن روبنز,RESTAURANTS,مطاعم,ICE CREAM,أيس كريم,923.0,SOUTHERN,الجنوبية,50.56724835,26.13711147,"26.13711147, 50.56724835"
2242.0,CARIBOU COFFEE,مقهى كاريبو,RESTAURANTS,مطاعم,COFFEE SHOPS,مقاهي,923.0,SOUTHERN,الجنوبية,50.56706534,26.13721604,"26.13721604, 50.56706534"
2243.0,EZ BURGER,إي زد برجر,RESTAURANTS,مطاعم,FAST FOOD RESTAURANTS,وجبات سريعة,923.0,SOUTHERN,الجنوبية,50.56651735,26.13724784,"26.13724784, 50.56651735"
2244.0,FEDORA COFFEE,فيدورا كوفي,RESTAURANTS,مطاعم,COFFEE SHOPS,مقاهي,923.0,SOUTHERN,الجنوبية,50.5670607,26.13703685,"26.13703685, 50.5670607"
2245.0,TONY LUKE'S RESTAURANT,مطعم توني لوكا,RESTAURANTS,مطاعم,FAST FOOD RESTAURANTS,وجبات سريعة,923.0,SOUTHERN,الجنوبية,50.56740221,26.13701638,"26.13701638, 50.56740221"
2246.0,YOGBERRY FROZEN YOGURT,يوغبيري للزبادي المثلج,RESTAURANTS,مطاعم,ICE CREAM,أيس كريم,923.0,SOUTHERN,الجنوبية,50.56733323,26.13705917,"26.13705917, 50.56733323"
2247.0,ALMNHENH BAHRAINI FOOD RESTAURANT,مطعم المنهنه للمؤكولات البحرينية,RESTAURANTS,مطاعم,ARABIC RESTAURANTS,مطاعم عربية,925.0,SOUTHERN,الجنوبية,50.57255598,26.12922236,"26.12922236, 50.57255598"
2248.0,CAMELLIAS SANDWICH,كميلياز,RESTAURANTS,مطاعم,FAST FOOD RESTAURANTS,وجبات سريعة,925.0,SOUTHERN,الجنوبية,50.57345924,26.12636262,"26.12636262, 50.57345924"
2249.0,DAJAJIO CHICKEN RESTAURANT,مطعم دجاج داجاجيو,RESTAURANTS,مطاعم,FAST FOOD RESTAURANTS,وجبات سريعة,925.0,SOUTHERN,الجنوبية,50.57514666,26.12904416,"26.12904416, 50.57514666"
2250.0,JASMIS RESTAURANT,مطعم جسميز,RESTAURANTS,مطاعم,FAST FOOD RESTAURANTS,وجبات سريعة,925.0,SOUTHERN,الجنوبية,50.57450539,26.12994086,"26.12994086, 50.57450539"
2251.0,LE CHOCOLAT CAFE AND RESTAURANT,مقهى ومطعم لو شوكولا,RESTAURANTS,مطاعم,COFFEE SHOPS,مقاهي,925.0,SOUTHERN,الجنوبية,50.57452335,26.12936754,"26.12936754, 50.57452335"
2252.0,MADO RESTAURANT,مطعم مادو,RESTAURANTS,مطاعم,TURKISH RESTAURANTS,مطاعم تركية,925.0,SOUTHERN,الجنوبية,50.57489517,26.12946181,"26.12946181, 50.57489517"
2253.0,MESHMESH JUICES,عصائر مشمش,RESTAURANTS,مطاعم,OTHER RESTAURANTS,مطاعم أخرى,925.0,SOUTHERN,الجنوبية,50.56729142,26.1265712,"26.1265712, 50.56729142"
2254.0,MRS VANELLI'S RESTAURANT,مطعم ميسيز فانيلياز,RESTAURANTS,مطاعم,ITALIAN RESTAURANTS,مطاعم إيطالية,925.0,SOUTHERN,الجنوبية,50.57426877,26.12951013,"26.12951013, 50.57426877"
2255.0,NAHER AL FORAT GRILLS,مشويات نهر الفرات,RESTAURANTS,مطاعم,ARABIC RESTAURANTS,مطاعم عربية,925.0,SOUTHERN,الجنوبية,50.56717059,26.12682919,"26.12682919, 50.56717059"
2256.0,RUFAIDA RESTAURANT,مطعم رفيدة,RESTAURANTS,مطاعم,OTHER RESTAURANTS,مطاعم أخرى,925.0,SOUTHERN,الجنوبية,50.57265712,26.12568814,"26.12568814, 50.57265712"
2257.0,SABERAH RESTAURANT,مطعم صابره,RESTAURANTS,مطاعم,OTHER RESTAURANTS,مطاعم أخرى,925.0,SOUTHERN,الجنوبية,50.56999075,26.12472345,"26.12472345, 50.56999075"
2258.0,SEGAFREDO ZANETTI CAFE,مقهى سيغافريدو زانتي,RESTAURANTS,مطاعم,COFFEE SHOPS,مقاهي,925.0,SOUTHERN,الجنوبية,50.57497116,26.12897866,"26.12897866, 50.57497116"
2259.0,SHAWAYTNAH RESTAURANT,مطعم شوايتنه,RESTAURANTS,مطاعم,ARABIC RESTAURANTS,مطاعم عربية,925.0,SOUTHERN,الجنوبية,50.57452626,26.12864694,"26.12864694, 50.57452626"
2260.0,STARBUCKS,ستاربكس,RESTAURANTS,مطاعم,COFFEE SHOPS,مقاهي,925.0,SOUTHERN,الجنوبية,50.57484008,26.12960499,"26.12960499, 50.57484008"
2261.0,SUBWAY,سب واي,RESTAURANTS,مطاعم,OTHER RESTAURANTS,مطاعم أخرى,925.0,SOUTHERN,الجنوبية,50.57418885,26.12965324,"26.12965324, 50.57418885"
2262.0,AL ARQAM RESTAURANT,مطعم الأرقم,RESTAURANTS,مطاعم,OTHER RESTAURANTS,مطاعم أخرى,927.0,SOUTHERN,الجنوبية,50.57447466,26.12496689,"26.12496689, 50.57447466"
2263.0,AL MANAZEL PROSTED,بروستد المنازل,RESTAURANTS,مطاعم,OTHER RESTAURANTS,مطاعم أخرى,927.0,SOUTHERN,الجنوبية,50.5748462,26.12629813,"26.12629813, 50.5748462"
2264.0,BASKIN ROBBINS,باسكن روبنز,RESTAURANTS,مطاعم,ICE CREAM,أيس كريم,927.0,SOUTHERN,الجنوبية,50.57611336,26.1266853,"26.1266853, 50.57611336"
2265.0,BIG MOUTH BURGERS,برجر بيج ماوث,RESTAURANTS,مطاعم,FAST FOOD RESTAURANTS,وجبات سريعة,927.0,SOUTHERN,الجنوبية,50.57655657,26.12676824,"26.12676824, 50.57655657"
2266.0,FOOD LAND RESTAURANT,مطعم فود لاند,RESTAURANTS,مطاعم,OTHER RESTAURANTS,مطاعم أخرى,927.0,SOUTHERN,الجنوبية,50.57022192,26.12461793,"26.12461793, 50.57022192"
2267.0,GHAREEB RESTAURANT,مطعم الغريب,RESTAURANTS,مطاعم,OTHER RESTAURANTS,مطاعم أخرى,927.0,SOUTHERN,الجنوبية,50.57551878,26.12646867,"26.12646867, 50.57551878"
2268.0,MALAYSIA EXPRESS CAFETERIA,كافتيريا ماليزيا إكسبرس,RESTAURANTS,مطاعم,OTHER RESTAURANTS,مطاعم أخرى,927.0,SOUTHERN,الجنوبية,50.57441724,26.12609957,"26.12609957, 50.57441724"
2269.0,RANOOSH RESTAURANT,مطعم رنوش,RESTAURANTS,مطاعم,ARABIC RESTAURANTS,مطاعم عربية,927.0,SOUTHERN,الجنوبية,50.57603354,26.12665907,"26.12665907, 50.57603354"
2270.0,AL KHALIDIYAH RESTAURANT,مطعم الخالدية,RESTAURANTS,مطاعم,OTHER RESTAURANTS,مطاعم أخرى,928.0,SOUTHERN,الجنوبية,50.5136599,26.12958489,"26.12958489, 50.5136599"
2271.0,ALSHAAER RESTAURANT,مطعم الشاعر,RESTAURANTS,مطاعم,OTHER RESTAURANTS,مطاعم أخرى,928.0,SOUTHERN,الجنوبية,50.51349831,26.13111825,"26.13111825, 50.51349831"
2272.0,BASKIN ROBBINS,باسكن روبنز,RESTAURANTS,مطاعم,ICE CREAM,أيس كريم,928.0,SOUTHERN,الجنوبية,50.52040906,26.13679481,"26.13679481, 50.52040906"
2273.0,DURRAT WADI ALSAIL RESTAURANT,مطعم درة وادي السيل,RESTAURANTS,مطاعم,OTHER RESTAURANTS,مطاعم أخرى,928.0,SOUTHERN,الجنوبية,50.51365929,26.12973152,"26.12973152, 50.51365929"
2274.0,MANARAT ISTANBUL RESTAURANT,مطعم منارة اسطنبول,RESTAURANTS,مطاعم,OTHER RESTAURANTS,مطاعم أخرى,928.0,SOUTHERN,الجنوبية,50.51366064,26.1298462,"26.1298462, 50.51366064"
2275.0,RENDEZVOUS,رنديفو,RESTAURANTS,مطاعم,INTERNATIONAL RESTAURANTS,مطاعم عالمية,928.0,SOUTHERN,الجنوبية,50.52040374,26.13653787,"26.13653787, 50.52040374"
2276.0,AL BAWARQ RESTAURANT,مطعم البوارق,RESTAURANTS,مطاعم,ARABIC RESTAURANTS,مطاعم عربية,931.0,SOUTHERN,الجنوبية,50.57923797,26.12552954,"26.12552954, 50.57923797"
2277.0,DAJAJIO CHICKEN RESTAURANT,مطعم دجاج داجاجيو,RESTAURANTS,مطاعم,FAST FOOD RESTAURANTS,وجبات سريعة,932.0,SOUTHERN,الجنوبية,50.52823537,26.13466471,"26.13466471, 50.52823537"
2278.0,DERBY CAFE,دربي كافيه,RESTAURANTS,مطاعم,COFFEE SHOPS,مقاهي,932.0,SOUTHERN,الجنوبية,50.52840746,26.13476711,"26.13476711, 50.52840746"
2279.0,FAT BURGER,فات برجر,RESTAURANTS,مطاعم,FAST FOOD RESTAURANTS,وجبات سريعة,932.0,SOUTHERN,الجنوبية,50.52852795,26.1348358,"26.1348358, 50.52852795"
2280.0,FISH EXPRESS,فيش إكسبرس,RESTAURANTS,مطاعم,SEAFOOD RESTAURANTS,مأكولات بحرية,932.0,SOUTHERN,الجنوبية,50.52814333,26.13442299,"26.13442299, 50.52814333"
2281.0,JASMIS RESTAURANT,مطعم جسميز,RESTAURANTS,مطاعم,FAST FOOD RESTAURANTS,وجبات سريعة,932.0,SOUTHERN,الجنوبية,50.52811164,26.13486001,"26.13486001, 50.52811164"
2282.0,MCDONALD'S,ماكدونالدز,RESTAURANTS,مطاعم,FAST FOOD RESTAURANTS,وجبات سريعة,932.0,SOUTHERN,الجنوبية,50.52843249,26.13460326,"26.13460326, 50.52843249"
2283.0,TIM HORTONS CAFE,مقهى تيم هورتونز,RESTAURANTS,مطاعم,COFFEE SHOPS,مقاهي,932.0,SOUTHERN,الجنوبية,50.52817468,26.13510228,"26.13510228, 50.52817468"
2284.0,ZAYT ZAYTOON RESTAURANT,مطعم زيت زيتون,RESTAURANTS,مطاعم,LEBANESE RESTAURANTS,مطاعم لبنانية,932.0,SOUTHERN,الجنوبية,50.52825275,26.1348157,"26.1348157, 50.52825275"
2285.0,DASMAN RESTAURANT,مطعم دسمان,RESTAURANTS,مطاعم,OTHER RESTAURANTS,مطاعم أخرى,933.0,SOUTHERN,الجنوبية,50.57095712,26.13759977,"26.13759977, 50.57095712"
2286.0,PIZZA INN,بيتزا إن,RESTAURANTS,مطاعم,PIZZA,بيتزا,933.0,SOUTHERN,الجنوبية,50.56981888,26.13615679,"26.13615679, 50.56981888"
2287.0,DERBY CAFE,دربي كافيه,RESTAURANTS,مطاعم,COFFEE SHOPS,مقاهي,934.0,SOUTHERN,الجنوبية,50.56477074,26.15820595,"26.15820595, 50.56477074"
2288.0,ZAHRAT AL KHALEEJ PASTRIES & SHAWARMA,معجنات وشوارما زهرة الخليج,RESTAURANTS,مطاعم,ARABIC RESTAURANTS,مطاعم عربية,935.0,SOUTHERN,الجنوبية,50.57424936,26.1358852,"26.1358852, 50.57424936"
2289.0,AL AHALI SANDWICHES,سندويشات الأهالي,RESTAURANTS,مطاعم,ARABIC RESTAURANTS,مطاعم عربية,939.0,SOUTHERN,الجنوبية,50.57432174,26.13608781,"26.13608781, 50.57432174"
2290.0,AL PESTO CAFE,كافيه البستو,RESTAURANTS,مطاعم,COFFEE SHOPS,مقاهي,939.0,SOUTHERN,الجنوبية,50.5891048,26.12611837,"26.12611837, 50.5891048"
2291.0,DANIAL GATE RESTAURANT & GRILLS,مشويات بوابة دانيال,RESTAURANTS,مطاعم,ARABIC RESTAURANTS,مطاعم عربية,939.0,SOUTHERN,الجنوبية,50.58504607,26.13245266,"26.13245266, 50.58504607"
2292.0,MIRAJ RESTAURANT,مطعم الميراج,RESTAURANTS,مطاعم,OTHER RESTAURANTS,مطاعم أخرى,939.0,SOUTHERN,الجنوبية,50.57552636,26.13498147,"26.13498147, 50.57552636"
2293.0,ROTANA CAFE,روتانا كافيه,RESTAURANTS,مطاعم,COFFEE SHOPS,مقاهي,939.0,SOUTHERN,الجنوبية,50.58313984,26.13533108,"26.13533108, 50.58313984"
2294.0,AL ABRAAJ RESTAURANT,مطعم الأبراج,RESTAURANTS,مطاعم,INTERNATIONAL RESTAURANTS,مطاعم عالمية,941.0,SOUTHERN,الجنوبية,50.57841478,26.1426719,"26.1426719, 50.57841478"
2295.0,AL BINDAIRA CAFE,مقهى البنديرة,RESTAURANTS,مطاعم,COFFEE SHOPS,مقاهي,941.0,SOUTHERN,الجنوبية,50.578336,26.14279542,"26.14279542, 50.578336"
2296.0,AL WANEES,الونيس,RESTAURANTS,مطاعم,ARABIC RESTAURANTS,مطاعم عربية,941.0,SOUTHERN,الجنوبية,50.57821278,26.14299448,"26.14299448, 50.57821278"
2297.0,DREAM CAFE,دريم كافيه,RESTAURANTS,مطاعم,COFFEE SHOPS,مقاهي,941.0,SOUTHERN,الجنوبية,50.57923224,26.14163933,"26.14163933, 50.57923224"
2298.0,LATINO ISLAND,لاتينو ايلاند,RESTAURANTS,مطاعم,SEAFOOD RESTAURANTS,مأكولات بحرية,941.0,SOUTHERN,الجنوبية,50.57882653,26.14209214,"26.14209214, 50.57882653"
2299.0,MALMO CAFE,مالمو كافيه,RESTAURANTS,مطاعم,COFFEE SHOPS,مقاهي,941.0,SOUTHERN,الجنوبية,50.57573776,26.14847738,"26.14847738, 50.57573776"
2300.0,PANINI RESTAURANT,مطعم بانيني,RESTAURANTS,مطاعم,OTHER RESTAURANTS,مطاعم أخرى,941.0,SOUTHERN,الجنوبية,50.57839093,26.13937183,"26.13937183, 50.57839093"
2301.0,PASTA EXPRESS,باستا إكسبرس,RESTAURANTS,مطاعم,ITALIAN RESTAURANTS,مطاعم إيطالية,941.0,SOUTHERN,الجنوبية,50.57830787,26.13933296,"26.13933296, 50.57830787"
2302.0,SALT AND PEPPER RESTAURANT,مطعم ملح وفلفل,RESTAURANTS,مطاعم,PAKISTANI RESTAURANTS,مطاعم باكستانية,941.0,SOUTHERN,الجنوبية,50.57908571,26.14195103,"26.14195103, 50.57908571"
2303.0,MCDONALD'S,ماكدونالدز,RESTAURANTS,مطاعم,FAST FOOD RESTAURANTS,وجبات سريعة,942.0,SOUTHERN,الجنوبية,50.5531199,26.1010578,"26.1010578, 50.5531199"
2304.0,OAK RESTAURANT,مطعم أوك,RESTAURANTS,مطاعم,OTHER RESTAURANTS,مطاعم أخرى,942.0,SOUTHERN,الجنوبية,50.55363543,26.10175347,"26.10175347, 50.55363543"
2305.0,STARBUCKS,ستاربكس,RESTAURANTS,مطاعم,COFFEE SHOPS,مقاهي,942.0,SOUTHERN,الجنوبية,50.55285642,26.10094858,"26.10094858, 50.55285642"
2306.0,DOME CAFE,دوم كافيه,RESTAURANTS,مطاعم,COFFEE SHOPS,مقاهي,943.0,SOUTHERN,الجنوبية,50.56527914,26.10220756,"26.10220756, 50.56527914"
2307.0,ELEVATION BURGER,إليفيشن برجر,RESTAURANTS,مطاعم,FAST FOOD RESTAURANTS,وجبات سريعة,943.0,SOUTHERN,الجنوبية,50.5654616,26.10223678,"26.10223678, 50.5654616"
2308.0,GUSTO PIZZA,جوستو بيتزا,RESTAURANTS,مطاعم,PIZZA,بيتزا,943.0,SOUTHERN,الجنوبية,50.56502577,26.10203479,"26.10203479, 50.56502577"
2309.0,LILOU ARTISAN PATISSERIE,حلويات ليلو ارتيزان,RESTAURANTS,مطاعم,COFFEE SHOPS,مقاهي,943.0,SOUTHERN,الجنوبية,50.56513647,26.1021498,"26.1021498, 50.56513647"
2310.0,SAGE KITCHEN RESTAURANT,مطعم مطبخ سيج,RESTAURANTS,مطاعم,OTHER RESTAURANTS,مطاعم أخرى,943.0,SOUTHERN,الجنوبية,50.56533598,26.10223822,"26.10223822, 50.56533598"
2311.0,THE LEBANESE BAKERY RESTAURANT,مطعم الفرن اللبناني,RESTAURANTS,مطاعم,ARABIC RESTAURANTS,مطاعم عربية,943.0,SOUTHERN,الجنوبية,50.56517529,26.10218709,"26.10218709, 50.56517529"
2312.0,JASMIS COFFEE,مقهى جسميز,RESTAURANTS,مطاعم,COFFEE SHOPS,مقاهي,945.0,SOUTHERN,الجنوبية,50.54876747,26.09724646,"26.09724646, 50.54876747"
2313.0,JASMIS RESTAURANT,مطعم جسميز,RESTAURANTS,مطاعم,FAST FOOD RESTAURANTS,وجبات سريعة,945.0,SOUTHERN,الجنوبية,50.54867656,26.09740958,"26.09740958, 50.54867656"
2314.0,AL BALOCH CORNER RESTAURANT,مطعم زاوية البلوش,RESTAURANTS,مطاعم,OTHER RESTAURANTS,مطاعم أخرى,948.0,SOUTHERN,الجنوبية,50.59744605,26.10317347,"26.10317347, 50.59744605"
2315.0,CHINNUS RESTAURANT,مطعم شينوس,RESTAURANTS,مطاعم,OTHER RESTAURANTS,مطاعم أخرى,948.0,SOUTHERN,الجنوبية,50.59824191,26.10106325,"26.10106325, 50.59824191"
2316.0,GRIP CAFE AND BAR,كافيه وبار جريب,RESTAURANTS,مطاعم,COFFEE SHOPS,مقاهي,948.0,SOUTHERN,الجنوبية,50.59986042,26.10493966,"26.10493966, 50.59986042"
2317.0,NEW PALACE KITCHEN RESTAURANT COMPANY,شركة مطعم نيو بالاس كيتشن,RESTAURANTS,مطاعم,INDIAN RESTAURANTS,مطاعم هندية,948.0,SOUTHERN,الجنوبية,50.59955521,26.10343732,"26.10343732, 50.59955521"
2318.0,PAK ARAB RESTAURANT,مطعم باك عرب,RESTAURANTS,مطاعم,PAKISTANI RESTAURANTS,مطاعم باكستانية,948.0,SOUTHERN,الجنوبية,50.60003993,26.10272431,"26.10272431, 50.60003993"
2319.0,RUBY STAR RESTAURANT,مطعم روبي ستار,RESTAURANTS,مطاعم,OTHER RESTAURANTS,مطاعم أخرى,948.0,SOUTHERN,الجنوبية,50.59894777,26.10512778,"26.10512778, 50.59894777"
2320.0,SHIFT 6 CAFE,كافيه شفت 6,RESTAURANTS,مطاعم,COFFEE SHOPS,مقاهي,948.0,SOUTHERN,الجنوبية,50.59966038,26.10484288,"26.10484288, 50.59966038"
2321.0,STARBUCKS,ستاربكس,RESTAURANTS,مطاعم,COFFEE SHOPS,مقاهي,948.0,SOUTHERN,الجنوبية,50.60093998,26.10261946,"26.10261946, 50.60093998"
2322.0,RAZANAH RESTAURANT,مطعم رزانه,RESTAURANTS,مطاعم,OTHER RESTAURANTS,مطاعم أخرى,952.0,SOUTHERN,الجنوبية,50.62568762,26.08088647,"26.08088647, 50.62568762"
2323.0,AL ʻAHAD GOLDEN CAFETERIA,كافتيريا العهد الذهبي,RESTAURANTS,مطاعم,OTHER RESTAURANTS,مطاعم أخرى,957.0,SOUTHERN,الجنوبية,50.6113359,26.0445814,"26.0445814, 50.6113359"
2324.0,AL DAR AL ODAH RESTAURANT,مطعم الدار العوده,RESTAURANTS,مطاعم,ARABIC RESTAURANTS,مطاعم عربية,957.0,SOUTHERN,الجنوبية,50.61036952,26.04555249,"26.04555249, 50.61036952"
2325.0,AL KAAB RESTAURANT,مطعم الكاب,RESTAURANTS,مطاعم,OTHER RESTAURANTS,مطاعم أخرى,957.0,SOUTHERN,الجنوبية,50.61243036,26.04502547,"26.04502547, 50.61243036"
2326.0,BAHARAT UMMY RESTAURANT,مطعم بهارات أمي,RESTAURANTS,مطاعم,ARABIC RESTAURANTS,مطاعم عربية,957.0,SOUTHERN,الجنوبية,50.61098734,26.04404799,"26.04404799, 50.61098734"
2327.0,BARISTA CAFE,باريستا كافية,RESTAURANTS,مطاعم,COFFEE SHOPS,مقاهي,957.0,SOUTHERN,الجنوبية,50.61173861,26.04596187,"26.04596187, 50.61173861"
2328.0,BASKIN ROBBINS,باسكن روبنز,RESTAURANTS,مطاعم,ICE CREAM,أيس كريم,957.0,SOUTHERN,الجنوبية,50.61219551,26.0469001,"26.0469001, 50.61219551"
2329.0,COFFEE BREAK CAFE,كافية استراحة القهوة,RESTAURANTS,مطاعم,COFFEE SHOPS,مقاهي,957.0,SOUTHERN,الجنوبية,50.61043076,26.04534278,"26.04534278, 50.61043076"
2330.0,COFFEE HARBOUR CAFE,مقهى مرفأ القهوه,RESTAURANTS,مطاعم,COFFEE SHOPS,مقاهي,957.0,SOUTHERN,الجنوبية,50.61182474,26.04554656,"26.04554656, 50.61182474"
2331.0,CORTADO CAFE,كورتادو كافيه,RESTAURANTS,مطاعم,COFFEE SHOPS,مقاهي,957.0,SOUTHERN,الجنوبية,50.61229753,26.04504724,"26.04504724, 50.61229753"
2332.0,DAR AHMED RESTAURANT,مطعم دار أحمد,RESTAURANTS,مطاعم,OTHER RESTAURANTS,مطاعم أخرى,957.0,SOUTHERN,الجنوبية,50.61210926,26.04504074,"26.04504074, 50.61210926"
2333.0,DAR AL ʻAZZ RESTAURANT,مطعم دار العز,RESTAURANTS,مطاعم,BAHRAINI RESTAURANTS,مطاعم بحرينية,957.0,SOUTHERN,الجنوبية,50.61071988,26.04404158,"26.04404158, 50.61071988"
2334.0,DENIZ RESTAURANT,مطعم دينيز,RESTAURANTS,مطاعم,TURKISH RESTAURANTS,مطاعم تركية,957.0,SOUTHERN,الجنوبية,50.61199422,26.04688489,"26.04688489, 50.61199422"
2335.0,DOMINO'S PIZZA,دومينوز بيتزا,RESTAURANTS,مطاعم,PIZZA,بيتزا,957.0,SOUTHERN,الجنوبية,50.61229623,26.0468863,"26.0468863, 50.61229623"
2336.0,DREAM CATCHER CAFE,دريم كاتشر كافيه,RESTAURANTS,مطاعم,COFFEE SHOPS,مقاهي,957.0,SOUTHERN,الجنوبية,50.61086026,26.04404494,"26.04404494, 50.61086026"
2337.0,DRIP COFFEE SHOP,كوفي شوب دريب,RESTAURANTS,مطاعم,COFFEE SHOPS,مقاهي,957.0,SOUTHERN,الجنوبية,50.61173872,26.04592747,"26.04592747, 50.61173872"
2338.0,GOLDEN HOUSE RESTAURANTS,مطاعم البيت الذهبي,RESTAURANTS,مطاعم,OTHER RESTAURANTS,مطاعم أخرى,957.0,SOUTHERN,الجنوبية,50.61147972,26.04627558,"26.04627558, 50.61147972"
2339.0,GRANNYS BURGER RESTAURANT,مطعم غرانيز برجر,RESTAURANTS,مطاعم,FAST FOOD RESTAURANTS,وجبات سريعة,957.0,SOUTHERN,الجنوبية,50.61233776,26.04503836,"26.04503836, 50.61233776"
2340.0,HARBOUR COFFEE SHOP,كوفي شوب هاربر,RESTAURANTS,مطاعم,COFFEE SHOPS,مقاهي,957.0,SOUTHERN,الجنوبية,50.6117659,26.04566094,"26.04566094, 50.6117659"
2341.0,HASHEM RESTAURANT,مطعم هاشم,RESTAURANTS,مطاعم,ARABIC RESTAURANTS,مطاعم عربية,957.0,SOUTHERN,الجنوبية,50.61140457,26.04522339,"26.04522339, 50.61140457"
2342.0,JASMIS RESTAURANT,مطعم جسميز,RESTAURANTS,مطاعم,FAST FOOD RESTAURANTS,وجبات سريعة,957.0,SOUTHERN,الجنوبية,50.61148735,26.04570084,"26.04570084, 50.61148735"
2343.0,KARAK AL FAREEJ,كرك الفريج,RESTAURANTS,مطاعم,COFFEE SHOPS,مقاهي,957.0,SOUTHERN,الجنوبية,50.61140302,26.04457882,"26.04457882, 50.61140302"
2344.0,KARAK TIME CAFETERIA,كافتيريا كرك تايم,RESTAURANTS,مطاعم,COFFEE SHOPS,مقاهي,957.0,SOUTHERN,الجنوبية,50.6107659,26.04404268,"26.04404268, 50.6107659"
2345.0,KHALIFA TOWN RESTAURANT AND GRILLS,مطعم ومشويات مدينة خليفة,RESTAURANTS,مطاعم,ARABIC RESTAURANTS,مطاعم عربية,957.0,SOUTHERN,الجنوبية,50.61043364,26.04531349,"26.04531349, 50.61043364"
2346.0,LAHZA BAS RESTAURANT,مطعم لحظه بس,RESTAURANTS,مطاعم,OTHER RESTAURANTS,مطاعم أخرى,957.0,SOUTHERN,الجنوبية,50.61063903,26.04505972,"26.04505972, 50.61063903"
2347.0,MCDONALD'S,ماكدونالدز,RESTAURANTS,مطاعم,FAST FOOD RESTAURANTS,وجبات سريعة,957.0,SOUTHERN,الجنوبية,50.6124205,26.04690952,"26.04690952, 50.6124205"
2348.0,MILO PASTA BURGER RESTAURANT,مطعم ميلو للباستا والبرجر,RESTAURANTS,مطاعم,FAST FOOD RESTAURANTS,وجبات سريعة,957.0,SOUTHERN,الجنوبية,50.61214601,26.04504143,"26.04504143, 50.61214601"
2349.0,PJ PIZZA,بي جي بيتزا,RESTAURANTS,مطاعم,PIZZA,بيتزا,957.0,SOUTHERN,الجنوبية,50.61140596,26.04512324,"26.04512324, 50.61140596"
2350.0,RICE AND RIBS RESTAURANT,مطعم عيش وضلوع,RESTAURANTS,مطاعم,OTHER RESTAURANTS,مطاعم أخرى,957.0,SOUTHERN,الجنوبية,50.611404,26.04517304,"26.04517304, 50.611404"
2351.0,RICE AND SALT RESTAURANT,مطعم عيش وملح,RESTAURANTS,مطاعم,OTHER RESTAURANTS,مطاعم أخرى,957.0,SOUTHERN,الجنوبية,50.6122068,26.04505354,"26.04505354, 50.6122068"
2352.0,SEVENTIES KARAK,كرك السبعينات,RESTAURANTS,مطاعم,COFFEE SHOPS,مقاهي,957.0,SOUTHERN,الجنوبية,50.61175027,26.04638249,"26.04638249, 50.61175027"
2353.0,TAEM WALA ALATH RESTAURANT,مطعم طعم ولا ألذ,RESTAURANTS,مطاعم,OTHER RESTAURANTS,مطاعم أخرى,957.0,SOUTHERN,الجنوبية,50.61255053,26.04636064,"26.04636064, 50.61255053"
2354.0,VOYA AL MEDHAL CAFE,مقهى فويا المدهال,RESTAURANTS,مطاعم,COFFEE SHOPS,مقاهي,957.0,SOUTHERN,الجنوبية,50.60983603,26.04355867,"26.04355867, 50.60983603"
2355.0,ZELLA RESTAURANT,مطعم زيلا,RESTAURANTS,مطاعم,OTHER RESTAURANTS,مطاعم أخرى,957.0,SOUTHERN,الجنوبية,50.611908,26.04688466,"26.04688466, 50.611908"
2356.0,ABD EL WAHAB RESTAURANT,مطعم عبدالوهاب,RESTAURANTS,مطاعم,LEBANESE RESTAURANTS,مطاعم لبنانية,999.0,SOUTHERN,الجنوبية,50.6142549,25.83387314,"25.83387314, 50.6142549"
2357.0,BASKIN ROBBINS,باسكن روبنز,RESTAURANTS,مطاعم,ICE CREAM,أيس كريم,999.0,SOUTHERN,الجنوبية,50.61436977,25.83416099,"25.83416099, 50.61436977"
2358.0,BASTA 23,بسطة 23,RESTAURANTS,مطاعم,ARABIC RESTAURANTS,مطاعم عربية,999.0,SOUTHERN,الجنوبية,50.61428324,25.83359495,"25.83359495, 50.61428324"
2359.0,CARAMEL COFFEE SHOP,كراميل كافيه,RESTAURANTS,مطاعم,COFFEE SHOPS,مقاهي,999.0,SOUTHERN,الجنوبية,50.61506926,25.83901028,"25.83901028, 50.61506926"
2360.0,CARIBOU COFFEE,مقهى كاريبو,RESTAURANTS,مطاعم,COFFEE SHOPS,مقاهي,999.0,SOUTHERN,الجنوبية,50.61906499,25.84445448,"25.84445448, 50.61906499"
2361.0,FUDDRUCKERS RESTAURANT,مطعم فودركرز,RESTAURANTS,مطاعم,AMERICAN RESTAURANTS,مطاعم أمريكية,999.0,SOUTHERN,الجنوبية,50.61898633,25.84428703,"25.84428703, 50.61898633"
2362.0,KOJO RESTARAUNT,مطعم كوجو,RESTAURANTS,مطاعم,JAPANESE RESTAURANTS,مطاعم يابانية,999.0,SOUTHERN,الجنوبية,50.61998323,25.83374828,"25.83374828, 50.61998323"
2363.0,LANTERNS RESTAURANT,مطعم لانترنز,RESTAURANTS,مطاعم,INDIAN RESTAURANTS,مطاعم هندية,999.0,SOUTHERN,الجنوبية,50.6159734,25.84812679,"25.84812679, 50.6159734"
2364.0,LITTLE CAESARS RESTAURANT,مطعم لتل سيزر,RESTAURANTS,مطاعم,PIZZA,بيتزا,999.0,SOUTHERN,الجنوبية,50.61778751,25.82913978,"25.82913978, 50.61778751"
2365.0,PASTARITO,بستريتو,RESTAURANTS,مطاعم,ITALIAN RESTAURANTS,مطاعم إيطالية,999.0,SOUTHERN,الجنوبية,50.61837193,25.82931981,"25.82931981, 50.61837193"
2366.0,AL HASIR RESTAURANT,مطعم الحصير,RESTAURANTS,مطاعم,OTHER RESTAURANTS,مطاعم أخرى,1048.0,SOUTHERN,الجنوبية,50.50521991,26.0658064,"26.0658064, 50.50521991"
2367.0,AL HUTAIM GRILLS,مشويات الحطيم,RESTAURANTS,مطاعم,OTHER RESTAURANTS,مطاعم أخرى,1048.0,SOUTHERN,الجنوبية,50.50534933,26.06509321,"26.06509321, 50.50534933"
2368.0,LINAS,لينوز,RESTAURANTS,مطاعم,OTHER RESTAURANTS,مطاعم أخرى,1054.0,SOUTHERN,الجنوبية,50.50941479,26.04893731,"26.04893731, 50.50941479"
2369.0,BASKIN ROBBINS,باسكن روبنز,RESTAURANTS,مطاعم,ICE CREAM,أيس كريم,1056.0,SOUTHERN,الجنوبية,50.49960268,26.04882964,"26.04882964, 50.49960268"
2370.0,CAMARDO COFFEE,كاماردو كوفي,RESTAURANTS,مطاعم,COFFEE SHOPS,مقاهي,1056.0,SOUTHERN,الجنوبية,50.48854234,26.05118328,"26.05118328, 50.48854234"
2371.0,CAPRI COFFEE,كوفي كابري,RESTAURANTS,مطاعم,COFFEE SHOPS,مقاهي,1056.0,SOUTHERN,الجنوبية,50.49039932,26.05240017,"26.05240017, 50.49039932"
2372.0,CARIBOU COFFEE,مقهى كاريبو,RESTAURANTS,مطاعم,COFFEE SHOPS,مقاهي,1056.0,SOUTHERN,الجنوبية,50.49890206,26.04877645,"26.04877645, 50.49890206"
2373.0,COFFEE REPUBLIC,كوفي ريببليك,RESTAURANTS,مطاعم,COFFEE SHOPS,مقاهي,1056.0,SOUTHERN,الجنوبية,50.4911015,26.05270845,"26.05270845, 50.4911015"
2374.0,COSTA COFFEE,كوستا كوفي,RESTAURANTS,مطاعم,COFFEE SHOPS,مقاهي,1056.0,SOUTHERN,الجنوبية,50.49919094,26.04909111,"26.04909111, 50.49919094"
2375.0,DUNKIN DONUTS,دانكن دونتس,RESTAURANTS,مطاعم,COFFEE SHOPS,مقاهي,1056.0,SOUTHERN,الجنوبية,50.49929247,26.04870314,"26.04870314, 50.49929247"
2376.0,FUDDRUCKERS RESTAURANT,مطعم فودركرز,RESTAURANTS,مطاعم,AMERICAN RESTAURANTS,مطاعم أمريكية,1056.0,SOUTHERN,الجنوبية,50.4993299,26.04957738,"26.04957738, 50.4993299"
2377.0,HAPPINEST CAFE,كافيه هابي نست,RESTAURANTS,مطاعم,COFFEE SHOPS,مقاهي,1056.0,SOUTHERN,الجنوبية,50.49016307,26.05198842,"26.05198842, 50.49016307"
2378.0,HARDEES,هارديز,RESTAURANTS,مطاعم,FAST FOOD RESTAURANTS,وجبات سريعة,1056.0,SOUTHERN,الجنوبية,50.49927042,26.05013038,"26.05013038, 50.49927042"
2379.0,HASHEM RESTAURANT,مطعم هاشم,RESTAURANTS,مطاعم,ARABIC RESTAURANTS,مطاعم عربية,1056.0,SOUTHERN,الجنوبية,50.49893139,26.05043095,"26.05043095, 50.49893139"
2380.0,JASMIS RESTAURANT,مطعم جسميز,RESTAURANTS,مطاعم,FAST FOOD RESTAURANTS,وجبات سريعة,1056.0,SOUTHERN,الجنوبية,50.48797407,26.05260024,"26.05260024, 50.48797407"
2381.0,JUMAMI CAFE,جومامي كفيه,RESTAURANTS,مطاعم,COFFEE SHOPS,مقاهي,1056.0,SOUTHERN,الجنوبية,50.4894429,26.05217222,"26.05217222, 50.4894429"
2382.0,KENTUCKY FRIED CHICKEN - KFC,كنتاكي,RESTAURANTS,مطاعم,FAST FOOD RESTAURANTS,وجبات سريعة,1056.0,SOUTHERN,الجنوبية,50.49926969,26.05030239,"26.05030239, 50.49926969"
2383.0,KOJO RESTARAUNT,مطعم كوجو,RESTAURANTS,مطاعم,JAPANESE RESTAURANTS,مطاعم يابانية,1056.0,SOUTHERN,الجنوبية,50.49892179,26.04957983,"26.04957983, 50.49892179"
2384.0,KRISPY KREME DONUT,كرسبي كريم دونت,RESTAURANTS,مطاعم,COFFEE SHOPS,مقاهي,1056.0,SOUTHERN,الجنوبية,50.49946076,26.05033126,"26.05033126, 50.49946076"
2385.0,LATTE ART FOOD AND BEVERAGE,لاتيه آرت للأطعمة والمشروبات,RESTAURANTS,مطاعم,COFFEE SHOPS,مقاهي,1056.0,SOUTHERN,الجنوبية,50.48979198,26.05217824,"26.05217824, 50.48979198"
2386.0,LOFTY DONUTS,لوفتي دونت,RESTAURANTS,مطاعم,COFFEE SHOPS,مقاهي,1056.0,SOUTHERN,الجنوبية,50.49963287,26.04950465,"26.04950465, 50.49963287"
2387.0,MCDONALD'S,ماكدونالدز,RESTAURANTS,مطاعم,FAST FOOD RESTAURANTS,وجبات سريعة,1056.0,SOUTHERN,الجنوبية,50.4992766,26.04998195,"26.04998195, 50.4992766"
2388.0,MUHAMMAD NOOR BUKHARI RESTAURANT,مطعم محمد نور بخاري,RESTAURANTS,مطاعم,ARABIC RESTAURANTS,مطاعم عربية,1056.0,SOUTHERN,الجنوبية,50.49891261,26.04940659,"26.04940659, 50.49891261"
2389.0,PAPA JOHNS,بابا جونز,RESTAURANTS,مطاعم,PIZZA,بيتزا,1056.0,SOUTHERN,الجنوبية,50.49934831,26.048884,"26.048884, 50.49934831"
2390.0,SHAKESPEARE AND CO RESTAURANT,مطعم شكسبير اند كو,RESTAURANTS,مطاعم,ITALIAN RESTAURANTS,مطاعم إيطالية,1056.0,SOUTHERN,الجنوبية,50.4905454,26.05164575,"26.05164575, 50.4905454"
2391.0,UNCLE SAM CAFE,العم سام كافيه,RESTAURANTS,مطاعم,COFFEE SHOPS,مقاهي,1056.0,SOUTHERN,الجنوبية,50.49893581,26.05016818,"26.05016818, 50.49893581"
2392.0,VENICE RESTAURANT,مطعم فينيسيا,RESTAURANTS,مطاعم,OTHER RESTAURANTS,مطاعم أخرى,1056.0,SOUTHERN,الجنوبية,50.49103548,26.05207273,"26.05207273, 50.49103548"
2393.0,DOSE CAFE,دوز كافيه,RESTAURANTS,مطاعم,COFFEE SHOPS,مقاهي,1058.0,SOUTHERN,الجنوبية,50.49616408,26.02719355,"26.02719355, 50.49616408"
2394.0,STARBUCKS,ستاربكس,RESTAURANTS,مطاعم,COFFEE SHOPS,مقاهي,1058.0,SOUTHERN,الجنوبية,50.49581661,26.02682682,"26.02682682, 50.49581661"
2395.0,THE PADDOCK CAFE,كافيه ذا باددوك,RESTAURANTS,مطاعم,COFFEE SHOPS,مقاهي,1058.0,SOUTHERN,الجنوبية,50.49135713,26.02351433,"26.02351433, 50.49135713"
